scenario_id,timestamp,road_id,u,v,key,road_type,length_m,traffic_density,vehicle_count,average_speed,free_flow_speed,congestion,congestion_level,flow_pcu_h,road_status,incident_type
peak_hour,2026-08-27 18:30:00,1277837771_1277837905_0,1277837771,1277837905,0,primary,23.2,206.9,7,6.9,50.0,0.8621,severe,1426.9,open,
heavy_congestion,2026-08-27 18:30:00,12774496881_12774496882_0,12774496881,12774496882,0,primary_link,13.0,310.39,5,6.7,30.0,0.776,severe,2086.1,open,
peak_hour,2026-08-27 18:30:00,3579902805_2744203330_0,3579902805,2744203330,0,secondary,144.6,179.3,35,11.0,38.0,0.7097,severe,1977.7,open,
clearing,2026-08-27 21:00:00,2246173372_1318415378_0,2246173372,1318415378,0,secondary,128.7,46.59,8,31.0,38.0,0.1844,low,1443.8,open,
heavy_congestion,2026-08-27 18:30:00,7568427019_3618964868_0,7568427019,3618964868,0,secondary,12.2,240.0,4,5.0,38.0,0.95,severe,1200.0,open,
accident,2026-08-27 17:30:00,11539576961_11539576962_0,11539576961,11539576962,0,primary,74.1,123.28,12,23.0,60.0,0.6164,heavy,2837.4,open,
heavy_congestion,2026-08-27 18:30:00,4308409940_4308409938_0,4308409940,4308409938,0,primary,14.1,150.3,3,14.9,60.0,0.7515,severe,2241.1,open,
peak_hour,2026-08-27 18:30:00,11953197593_3208734234_0,11953197593,3208734234,0,trunk,59.4,183.74,15,14.1,60.0,0.7656,severe,2584.2,open,
heavy_congestion,2026-08-27 18:30:00,3157674011_3157674010_0,3157674011,3157674010,0,primary,34.1,167.05,8,9.9,60.0,0.8352,severe,1651.4,open,
normal,2026-08-27 14:00:00,321187088_5486109315_0,321187088,5486109315,0,secondary,33.3,56.1,3,29.6,38.0,0.2221,low,1658.4,open,
road_closure,2026-08-27 16:00:00,3059813236_312819965_0,3059813236,312819965,0,trunk,145.0,79.98,16,40.0,60.0,0.3332,moderate,3199.6,open,
clearing,2026-08-27 21:00:00,11563748001_11043474466_0,11563748001,11043474466,0,secondary,353.3,36.93,18,32.4,38.0,0.1462,low,1198.3,open,
accident,2026-08-27 17:30:00,11045663092_13713352133_0,11045663092,13713352133,0,primary,101.4,218.42,30,16.3,60.0,0.7281,severe,3563.8,open,
accident,2026-08-27 17:30:00,7682117716_8348447233_0,7682117716,8348447233,0,trunk,4.3,127.36,1,28.2,60.0,0.5307,heavy,3586.5,open,
multiple_congested,2026-08-27 18:00:00,3618962198_571173651_0,3618962198,571173651,0,secondary,177.9,205.3,49,7.1,38.0,0.8126,severe,1461.7,open,
clearing,2026-08-27 21:00:00,3602307556_3602307571_0,3602307556,3602307571,0,secondary,25.5,27.51,1,33.9,38.0,0.1089,low,931.5,open,
road_closure,2026-08-27 16:00:00,3943263553_4196542195_0,3943263553,4196542195,0,secondary,92.2,49.54,6,41.4,60.0,0.3096,moderate,2052.1,open,
peak_hour,2026-08-27 18:30:00,3618950039_7602169150_0,3618950039,7602169150,0,secondary,9.6,117.96,2,15.8,60.0,0.7373,severe,1859.6,open,
peak_hour,2026-08-27 18:30:00,13381234539_2803358295_0,13381234539,2803358295,0,secondary,223.0,124.17,38,13.4,60.0,0.7761,severe,1668.3,open,
accident,2026-08-27 17:30:00,12240913341_7579728200_0,12240913341,7579728200,0,primary,21.7,169.58,5,9.1,60.0,0.8479,severe,1547.5,open,
road_closure,2026-08-27 16:00:00,571158896_571158898_0,571158896,571158898,0,secondary,33.1,61.94,3,28.7,38.0,0.2452,low,1776.6,open,
peak_hour,2026-08-27 18:30:00,3518387699_3518387717_0,3518387699,3518387717,0,primary,590.2,338.93,271,6.9,45.0,0.8473,severe,2328.6,open,
accident,2026-08-27 17:30:00,11568868210_6514122471_0,11568868210,6514122471,0,secondary,201.4,74.05,20,32.2,60.0,0.4628,moderate,2386.7,open,
sudden_congestion,2026-08-27 15:00:00,2590077962_13417481772_0,2590077962,13417481772,0,trunk,40.9,41.94,2,49.5,60.0,0.1747,low,2076.6,open,
road_closure,2026-08-27 16:00:00,3598267568_3598267667_0,3598267568,3598267667,0,trunk,76.2,53.97,6,46.5,60.0,0.2249,low,2510.0,open,
normal,2026-08-27 14:00:00,2822548676_2822548700_0,2822548676,2822548700,0,secondary,77.9,44.83,5,31.3,38.0,0.1775,low,1401.3,open,
heavy_congestion,2026-08-27 18:30:00,3820619145_6149484604_0,3820619145,6149484604,0,primary,48.7,168.07,11,9.6,60.0,0.8403,severe,1610.0,open,
multiple_congested,2026-08-27 18:00:00,308532015_3612560721_0,308532015,3612560721,0,secondary,48.1,149.83,10,11.0,50.0,0.7804,severe,1645.4,open,
accident,2026-08-27 17:30:00,2730522680_307062214_0,2730522680,307062214,0,trunk,28.5,158.89,6,22.4,50.0,0.5517,heavy,3561.5,open,
peak_hour,2026-08-27 18:30:00,4193285602_7680172225_0,4193285602,7680172225,0,secondary,219.7,168.57,50,12.6,38.0,0.6673,heavy,2131.4,open,
heavy_congestion,2026-08-27 18:30:00,352754374_2835239047_0,352754374,2835239047,0,secondary,88.3,172.68,21,12.0,38.0,0.6835,heavy,2076.6,open,
clearing,2026-08-27 21:00:00,7139727352_11202903619_0,7139727352,11202903619,0,trunk,459.6,29.82,19,52.5,60.0,0.1242,low,1566.9,open,
clearing,2026-08-27 21:00:00,1869496180_5208872085_0,1869496180,5208872085,0,primary,43.3,38.41,2,48.5,60.0,0.192,low,1862.0,open,
road_closure,2026-08-27 16:00:00,7796343650_11499568770_0,7796343650,11499568770,0,secondary,78.3,62.39,7,28.6,38.0,0.247,low,1785.3,open,
accident,2026-08-27 17:30:00,667238316_11568574023_0,667238316,11568574023,0,secondary,72.8,119.45,12,20.0,38.0,0.4728,moderate,2392.9,open,
road_closure,2026-08-27 16:00:00,2232107258_2232107278_0,2232107258,2232107278,0,secondary,68.7,73.42,7,27.0,38.0,0.2906,low,1979.1,open,
sudden_congestion,2026-08-27 15:00:00,636405426_636402844_0,636405426,636402844,0,secondary,58.7,25.34,2,50.5,60.0,0.1584,low,1279.5,open,
clearing,2026-08-27 21:00:00,2236575014_2236574934_0,2236575014,2236574934,0,secondary,69.4,26.66,3,34.0,38.0,0.1055,low,906.1,open,
heavy_congestion,2026-08-27 18:30:00,6308390702_13579713365_0,6308390702,13579713365,0,secondary,10.8,240.0,4,5.0,38.0,0.95,severe,1200.0,open,
multiple_congested,2026-08-27 18:00:00,4189240653_4189240657_0,4189240653,4189240657,0,secondary,20.3,170.55,5,12.3,38.0,0.6751,heavy,2105.7,open,
clearing,2026-08-27 21:00:00,6274877592_6274877596_0,6274877592,6274877596,0,secondary,84.3,29.55,3,33.6,38.0,0.117,low,991.7,open,
normal,2026-08-27 14:00:00,7544868655_571165854_0,7544868655,571165854,0,primary,50.0,65.91,4,33.9,45.0,0.2472,low,2232.9,open,
peak_hour,2026-08-27 18:30:00,1309519367_2178010195_0,1309519367,2178010195,0,secondary,114.7,89.37,14,26.5,60.0,0.5586,heavy,2367.1,open,
clearing,2026-08-27 21:00:00,2852573249_3153665295_0,2852573249,3153665295,0,primary,71.6,30.43,3,50.9,60.0,0.1522,low,1548.1,open,
peak_hour,2026-08-27 18:30:00,3612556378_3612556332_0,3612556378,3612556332,0,secondary,15.0,141.51,3,13.1,50.0,0.7371,severe,1860.5,open,
sudden_congestion,2026-08-27 15:00:00,364672161_5552095747_0,364672161,5552095747,0,secondary,61.7,59.98,5,29.0,38.0,0.2374,low,1738.1,open,
clearing,2026-08-27 21:00:00,7544080220_7544868671_0,7544080220,7544868671,0,primary,76.8,45.98,5,37.2,45.0,0.1724,low,1712.3,open,
multiple_congested,2026-08-27 18:00:00,13380610053_7690529906_0,13380610053,7690529906,0,secondary,220.5,131.11,39,10.8,60.0,0.8194,severe,1420.6,open,
road_closure,2026-08-27 16:00:00,9971768804_13361047695_0,9971768804,13361047695,0,primary,144.1,99.37,19,28.2,45.0,0.3727,moderate,2805.4,open,
normal,2026-08-27 14:00:00,11501962139_2859788053_0,11501962139,2859788053,0,secondary,22.1,54.3,2,29.8,38.0,0.215,low,1620.0,open,
clearing,2026-08-27 21:00:00,7010525798_7010525799_0,7010525798,7010525799,0,secondary_link,33.4,63.58,3,22.8,28.0,0.1854,low,1450.1,open,
sudden_congestion,2026-08-27 15:00:00,11138974497_5598880531_0,11138974497,5598880531,0,secondary,130.7,66.58,12,28.0,38.0,0.2635,low,1863.2,open,
road_closure,2026-08-27 16:00:00,928699967_3598273572_0,928699967,3598273572,0,secondary,38.8,67.9,4,27.8,38.0,0.2688,low,1886.7,open,
multiple_congested,2026-08-27 18:00:00,2244119387_2243959446_0,2244119387,2243959446,0,secondary,11.9,162.92,3,13.5,38.0,0.6449,heavy,2198.5,open,
sudden_congestion,2026-08-27 15:00:00,4614442649_11539848656_0,4614442649,11539848656,0,primary_link,4.3,122.96,1,20.8,30.0,0.3074,moderate,2554.9,open,
peak_hour,2026-08-27 18:30:00,3598254530_7712503421_0,3598254530,7712503421,0,primary,79.4,242.14,26,5.0,45.0,0.908,severe,1210.7,open,
road_closure,2026-08-27 16:00:00,3614583707_3614583603_0,3614583707,3614583603,0,primary,50.9,54.53,4,43.6,60.0,0.2726,low,2379.7,open,
peak_hour,2026-08-27 18:30:00,9576889305_9576889306_0,9576889305,9576889306,0,primary_link,20.0,273.64,7,9.5,30.0,0.6841,heavy,2593.3,open,
heavy_congestion,2026-08-27 18:30:00,3180201624_308783162_0,3180201624,308783162,0,primary,8.9,161.06,2,11.7,60.0,0.8053,severe,1881.6,open,
heavy_congestion,2026-08-27 18:30:00,7697842675_7697841757_0,7697842675,7697841757,0,secondary,102.1,165.57,23,13.1,38.0,0.6554,heavy,2168.2,open,
clearing,2026-08-27 21:00:00,11809274641_7733015020_0,11809274641,7733015020,0,primary,19.2,41.32,1,38.0,45.0,0.155,low,1571.3,open,
sudden_congestion,2026-08-27 15:00:00,10578470385_10578470384_0,10578470385,10578470384,0,primary_link,23.1,108.08,3,21.9,30.0,0.2702,low,2366.3,open,
peak_hour,2026-08-27 18:30:00,11068366259_2245994431_0,11068366259,2245994431,0,trunk,73.2,147.52,15,23.1,60.0,0.6147,heavy,3410.6,open,
sudden_congestion,2026-08-27 15:00:00,3614498704_1706620002_0,3614498704,1706620002,0,secondary,118.9,41.77,7,31.7,38.0,0.1653,low,1324.7,open,
heavy_congestion,2026-08-27 18:30:00,2199688101_4308409826_0,2199688101,4308409826,0,motorway_link,312.6,184.42,78,21.2,50.0,0.5763,heavy,3906.8,open,
clearing,2026-08-27 21:00:00,13754159678_2245993650_0,13754159678,2245993650,0,secondary,188.6,27.05,7,33.9,38.0,0.1071,low,917.7,open,
clearing,2026-08-27 21:00:00,1154031404_3184120708_0,1154031404,3184120708,0,primary,133.3,48.09,9,36.9,45.0,0.1803,low,1773.7,open,
peak_hour,2026-08-27 18:30:00,315058855_2236282988_0,315058855,2236282988,0,primary,114.6,190.0,30,5.0,60.0,0.95,severe,950.0,open,
road_closure,2026-08-27 16:00:00,3598395501_2584898240_0,3598395501,2584898240,0,secondary,33.6,75.92,3,26.6,38.0,0.3005,moderate,2018.0,open,
multiple_congested,2026-08-27 18:00:00,3218365579_3155783380_0,3218365579,3155783380,0,trunk,113.8,108.54,17,32.9,60.0,0.4522,moderate,3567.2,open,
multiple_congested,2026-08-27 18:00:00,7709900927_11484278220_0,7709900927,11484278220,0,secondary,25.2,149.33,5,15.5,38.0,0.5911,heavy,2320.3,open,
road_closure,2026-08-27 16:00:00,353720873_7718905862_0,353720873,7718905862,0,secondary,196.7,57.11,15,38.6,60.0,0.357,moderate,2203.6,open,
normal,2026-08-27 14:00:00,3168079962_2744380213_0,3168079962,2744380213,0,trunk,210.4,44.72,13,48.8,60.0,0.1863,low,2183.1,open,
peak_hour,2026-08-27 18:30:00,308779533_6507460666_0,308779533,6507460666,0,secondary,63.6,155.86,13,14.6,38.0,0.617,heavy,2268.7,open,
accident,2026-08-27 17:30:00,5486110632_5486110634_0,5486110632,5486110634,0,secondary,10.5,189.56,3,9.5,38.0,0.7504,severe,1798.3,open,
peak_hour,2026-08-27 18:30:00,7565612611_9931484646_0,7565612611,9931484646,0,secondary,234.1,169.92,54,12.4,38.0,0.6726,heavy,2114.0,open,
heavy_congestion,2026-08-27 18:30:00,11826881976_2730562484_0,11826881976,2730562484,0,trunk,18.1,154.14,4,21.5,60.0,0.6423,heavy,3308.6,open,
sudden_congestion,2026-08-27 15:00:00,4185037671_2417512614_0,4185037671,2417512614,0,secondary,86.6,49.9,6,30.5,38.0,0.1975,low,1521.6,open,
sudden_congestion,2026-08-27 15:00:00,11806437861_4708346089_0,11806437861,4708346089,0,secondary,73.3,29.56,3,48.9,60.0,0.1848,low,1446.0,open,
accident,2026-08-27 17:30:00,2763929261_2763929245_0,2763929261,2763929245,0,trunk,157.7,121.75,26,29.6,60.0,0.5073,heavy,3599.2,open,
clearing,2026-08-27 21:00:00,11944840954_10250367271_0,11944840954,10250367271,0,secondary,1520.5,45.3,93,31.2,38.0,0.1793,low,1412.7,open,
heavy_congestion,2026-08-27 18:30:00,7693869404_10576204184_0,7693869404,10576204184,0,secondary,15.7,240.0,5,5.0,38.0,0.95,severe,1200.0,open,
road_closure,2026-08-27 16:00:00,12756606443_12756606442_0,12756606443,12756606442,0,trunk_link,13.4,125.22,2,24.3,35.0,0.3044,moderate,3048.9,open,
clearing,2026-08-27 21:00:00,4189050975_11568663513_0,4189050975,11568663513,0,secondary,856.4,37.03,43,32.4,38.0,0.1466,low,1200.9,open,
road_closure,2026-08-27 16:00:00,3618956465_3618956909_0,3618956465,3618956909,0,secondary,46.3,73.96,5,26.9,38.0,0.2927,low,1987.6,open,
sudden_congestion,2026-08-27 15:00:00,4011191505_3670565098_0,4011191505,3670565098,0,trunk,51.4,33.47,2,51.6,60.0,0.1394,low,1728.0,open,
heavy_congestion,2026-08-27 18:30:00,3148659854_3148659855_0,3148659854,3148659855,0,primary,178.8,285.0,69,5.0,60.0,0.95,severe,1425.0,open,
clearing,2026-08-27 21:00:00,9971768810_9971768811_0,9971768810,9971768811,0,primary,69.6,38.24,4,38.5,45.0,0.1434,low,1474.2,open,
heavy_congestion,2026-08-27 18:30:00,3164238288_3164238299_0,3164238288,3164238299,0,trunk,65.6,179.14,16,15.2,60.0,0.7464,severe,2725.6,open,
peak_hour,2026-08-27 18:30:00,4343618886_308532073_0,4343618886,308532073,0,secondary,20.3,138.89,4,13.8,50.0,0.7234,severe,1921.0,open,
normal,2026-08-27 14:00:00,5432705839_5432705838_0,5432705839,5432705838,0,primary_link,16.9,71.37,2,24.6,30.0,0.1784,low,1759.0,open,
normal,2026-08-27 14:00:00,4267591144_4267591145_0,4267591144,4267591145,0,secondary,34.0,63.82,3,28.4,38.0,0.2526,low,1812.4,open,
sudden_congestion,2026-08-27 15:00:00,11250127971_9860640795_0,11250127971,9860640795,0,primary,59.9,78.1,6,31.8,45.0,0.2929,low,2485.2,open,
sudden_congestion,2026-08-27 15:00:00,571358205_11524670323_0,571358205,11524670323,0,primary,94.3,78.41,10,31.8,45.0,0.294,low,2490.9,open,
accident,2026-08-27 17:30:00,982235001_982235006_0,982235001,982235006,0,secondary,178.6,129.72,31,18.5,38.0,0.5135,heavy,2398.3,open,
sudden_congestion,2026-08-27 15:00:00,308767034_12399604292_0,308767034,12399604292,0,primary,71.9,53.08,5,44.1,60.0,0.2654,low,2339.6,open,
accident,2026-08-27 17:30:00,11892910421_2852272752_0,11892910421,2852272752,0,trunk,59.5,99.91,8,35.0,60.0,0.4163,moderate,3499.1,open,
normal,2026-08-27 14:00:00,2425535850_2425535852_0,2425535850,2425535852,0,trunk,296.2,66.92,27,48.8,60.0,0.1859,low,3269.0,open,
sudden_congestion,2026-08-27 15:00:00,11946907382_11383594597_0,11946907382,11383594597,0,secondary,332.1,45.0,20,31.2,38.0,0.1781,low,1405.5,open,
multiple_congested,2026-08-27 18:00:00,4194578184_12152952182_0,4194578184,12152952182,0,secondary,62.6,99.14,8,22.8,60.0,0.6196,heavy,2262.6,open,
sudden_congestion,2026-08-27 15:00:00,7674104029_7681033292_0,7674104029,7681033292,0,secondary_link,21.6,61.99,2,22.9,28.0,0.1808,low,1422.0,open,
sudden_congestion,2026-08-27 15:00:00,1947019924_3598275716_0,1947019924,3598275716,0,secondary,84.2,59.38,7,29.1,38.0,0.2351,low,1726.1,open,
multiple_congested,2026-08-27 18:00:00,7694261102_1945539936_0,7694261102,1945539936,0,secondary,129.3,115.9,20,16.5,60.0,0.7244,severe,1916.6,open,
normal,2026-08-27 14:00:00,5554715965_5552095747_0,5554715965,5552095747,0,secondary,138.2,40.66,8,31.9,38.0,0.161,low,1296.4,open,
heavy_congestion,2026-08-27 18:30:00,3675965840_14124195241_0,3675965840,14124195241,0,trunk,180.9,205.41,50,8.6,60.0,0.8559,severe,1776.2,open,
peak_hour,2026-08-27 18:30:00,6150844845_13731703404_0,6150844845,13731703404,0,trunk,687.9,261.33,244,27.3,60.0,0.5444,heavy,7143.1,open,
multiple_congested,2026-08-27 18:00:00,2852309758_2852309734_0,2852309758,2852309734,0,secondary,69.4,188.02,18,9.7,38.0,0.7443,severe,1827.2,open,
road_closure,2026-08-27 16:00:00,10185184836_10185184841_0,10185184836,10185184841,0,secondary,55.8,61.58,5,28.7,38.0,0.2437,low,1769.6,open,
accident,2026-08-27 17:30:00,2222306498_7761532056_0,2222306498,7761532056,0,primary,89.4,126.9,15,21.9,60.0,0.6345,heavy,2783.0,open,
accident,2026-08-27 17:30:00,7579290906_660557935_0,7579290906,660557935,0,secondary,53.2,121.55,9,19.7,38.0,0.4811,moderate,2396.6,open,
accident,2026-08-27 17:30:00,2847498542_1820079826_0,2847498542,1820079826,0,secondary,64.5,181.26,16,10.7,38.0,0.7175,severe,1945.9,open,
road_closure,2026-08-27 16:00:00,308777089_308777092_0,308777089,308777092,0,primary,11.8,75.11,1,37.5,60.0,0.3755,moderate,2814.1,open,
multiple_congested,2026-08-27 18:00:00,2852310441_7713108092_0,2852310441,7713108092,0,secondary,30.6,102.87,4,23.2,50.0,0.5358,heavy,2387.7,open,
road_closure,2026-08-27 16:00:00,14061346455_14074159662_0,14061346455,14074159662,0,secondary,9.9,68.56,1,27.7,38.0,0.2714,low,1898.2,open,
road_closure,2026-08-27 16:00:00,4180196133_11902976083_0,4180196133,11902976083,0,secondary,58.6,87.47,7,24.8,38.0,0.3462,moderate,2173.0,open,
heavy_congestion,2026-08-27 18:30:00,3614580150_3614580164_0,3614580150,3614580164,0,secondary,78.4,222.35,24,5.0,38.0,0.8801,severe,1111.8,open,
sudden_congestion,2026-08-27 15:00:00,1705510799_3602319957_0,1705510799,3602319957,0,secondary,91.5,84.54,10,22.1,30.0,0.2642,low,1866.2,open,
multiple_congested,2026-08-27 18:00:00,12317733677_12317733673_0,12317733677,12317733673,0,motorway_link,123.1,214.66,36,16.5,50.0,0.6708,heavy,3533.2,open,
normal,2026-08-27 14:00:00,2177264397_2795872419_0,2177264397,2795872419,0,primary,428.1,90.23,52,32.0,40.0,0.2005,low,2885.5,open,
clearing,2026-08-27 21:00:00,2240855840_2240855928_0,2240855840,2240855928,0,primary,93.7,33.88,4,39.3,45.0,0.127,low,1330.8,open,
peak_hour,2026-08-27 18:30:00,701289832_6150924145_0,701289832,6150924145,0,trunk,41.8,156.13,9,21.0,60.0,0.6505,heavy,3273.7,open,
peak_hour,2026-08-27 18:30:00,11219787266_1521002294_0,11219787266,1521002294,0,motorway_link,713.6,147.8,143,26.9,50.0,0.4619,moderate,3976.7,open,
heavy_congestion,2026-08-27 18:30:00,571158898_571158896_0,571158898,571158896,0,secondary,33.1,157.02,7,14.4,38.0,0.6215,heavy,2258.2,open,
road_closure,2026-08-27 16:00:00,312810200_307047834_0,312810200,307047834,0,secondary,46.7,75.29,5,26.7,38.0,0.298,low,2008.4,open,
accident,2026-08-27 17:30:00,308532053_308532050_0,308532053,308532050,0,secondary,166.2,146.01,33,12.0,50.0,0.7605,severe,1748.6,open,
heavy_congestion,2026-08-27 18:30:00,660579404_11854151875_0,660579404,11854151875,0,secondary,19.7,170.73,5,12.3,38.0,0.6758,heavy,2103.3,open,
accident,2026-08-27 17:30:00,11192733147_11192733144_0,11192733147,11192733144,0,secondary,168.7,182.25,42,10.6,38.0,0.7214,severe,1929.3,open,
normal,2026-08-27 14:00:00,6275677679_2760699859_0,6275677679,2760699859,0,secondary_link,20.4,76.27,2,21.8,28.0,0.2224,low,1660.4,open,
heavy_congestion,2026-08-27 18:30:00,2852574356_308560004_0,2852574356,308560004,0,trunk,7.5,161.97,2,19.5,60.0,0.6749,heavy,3159.7,open,
normal,2026-08-27 14:00:00,2234143219_2234143185_0,2234143219,2234143185,0,secondary,39.2,64.39,3,28.3,38.0,0.2549,low,1823.2,open,
road_closure,2026-08-27 16:00:00,2188473910_9971768806_0,2188473910,9971768806,0,primary,158.8,88.85,19,30.0,45.0,0.3332,moderate,2666.0,open,
clearing,2026-08-27 21:00:00,1578566021_2676394803_0,1578566021,2676394803,0,primary,170.4,38.05,9,38.6,45.0,0.1427,low,1467.8,open,
clearing,2026-08-27 21:00:00,9708671651_2859503814_0,9708671651,2859503814,0,trunk,115.5,26.87,4,53.3,60.0,0.112,low,1431.7,open,
clearing,2026-08-27 21:00:00,7418738098_7418738092_0,7418738098,7418738092,0,primary,84.8,47.72,5,36.9,45.0,0.1789,low,1763.0,open,
road_closure,2026-08-27 16:00:00,660558127_7697969749_0,660558127,7697969749,0,secondary,32.6,90.46,4,24.4,38.0,0.3581,moderate,2206.6,open,
accident,2026-08-27 17:30:00,2222562320_2225283999_0,2222562320,2225283999,0,secondary,43.3,169.16,10,12.6,38.0,0.6696,heavy,2123.9,open,
normal,2026-08-27 14:00:00,11219767580_1521002208_0,11219767580,1521002208,0,secondary,11.6,37.44,1,32.4,38.0,0.1482,low,1211.8,open,
heavy_congestion,2026-08-27 18:30:00,7418738085_7281934545_0,7418738085,7281934545,0,secondary,184.4,196.53,49,8.4,38.0,0.7779,severe,1658.5,open,
road_closure,2026-08-27 16:00:00,3147189444_3147189450_0,3147189444,3147189450,0,secondary,10.3,91.71,1,24.2,38.0,0.363,moderate,2219.9,open,
clearing,2026-08-27 21:00:00,12131061335_13930464147_0,12131061335,13930464147,0,secondary,359.7,52.37,26,32.7,38.0,0.1382,low,1715.2,open,
peak_hour,2026-08-27 18:30:00,2231580076_2231579643_0,2231580076,2231579643,0,secondary,94.6,178.13,23,11.2,38.0,0.7051,severe,1996.2,open,
sudden_congestion,2026-08-27 15:00:00,7568427019_571173667_0,7568427019,571173667,0,secondary,433.5,41.78,25,31.7,38.0,0.1654,low,1325.0,open,
multiple_congested,2026-08-27 18:00:00,3579900753_3579900898_0,3579900753,3579900898,0,secondary,236.0,181.63,58,10.7,38.0,0.7189,severe,1939.9,open,
heavy_congestion,2026-08-27 18:30:00,308767030_3612561658_0,308767030,3612561658,0,primary,19.9,190.0,5,5.0,60.0,0.95,severe,950.0,open,
peak_hour,2026-08-27 18:30:00,6291447623_4189179754_0,6291447623,4189179754,0,secondary,39.3,160.41,9,13.9,38.0,0.635,heavy,2225.1,open,
road_closure,2026-08-27 16:00:00,3618937296_4184916019_0,3618937296,4184916019,0,secondary,662.5,85.11,76,25.2,38.0,0.3369,moderate,2144.6,open,
multiple_congested,2026-08-27 18:00:00,308532103_2847726848_0,308532103,2847726848,0,secondary,14.6,157.29,3,14.3,38.0,0.6226,heavy,2255.7,open,
sudden_congestion,2026-08-27 15:00:00,7680103620_667238030_0,7680103620,667238030,0,secondary,9.4,68.81,1,27.6,38.0,0.2724,low,1902.6,open,
normal,2026-08-27 14:00:00,11041901809_353721592_0,11041901809,353721592,0,secondary,12.6,49.12,1,30.6,38.0,0.1944,low,1503.6,open,
sudden_congestion,2026-08-27 15:00:00,3614580952_3614580957_0,3614580952,3614580957,0,secondary,29.4,26.27,1,31.2,40.0,0.2189,low,820.7,open,
multiple_congested,2026-08-27 18:00:00,4201903775_12295978317_0,4201903775,12295978317,0,trunk,129.8,175.19,31,16.2,60.0,0.73,severe,2838.5,open,
multiple_congested,2026-08-27 18:00:00,11524405665_13817694950_0,11524405665,13817694950,0,secondary,172.7,230.87,54,5.0,38.0,0.9139,severe,1154.3,open,
normal,2026-08-27 14:00:00,6518589325_2232016468_0,6518589325,2232016468,0,primary,38.8,47.39,2,45.8,60.0,0.2369,low,2169.7,open,
sudden_congestion,2026-08-27 15:00:00,2686451275_7840893927_0,2686451275,7840893927,0,secondary,483.8,58.68,38,29.2,38.0,0.2323,low,1712.0,open,
heavy_congestion,2026-08-27 18:30:00,4182539455_4182539453_0,4182539455,4182539453,0,secondary,16.4,151.7,3,15.2,38.0,0.6005,heavy,2303.1,open,
sudden_congestion,2026-08-27 15:00:00,1748882951_3602307344_0,1748882951,3602307344,0,secondary,17.1,47.52,1,30.9,38.0,0.1881,low,1466.2,open,
road_closure,2026-08-27 16:00:00,315074139_3598267855_0,315074139,3598267855,0,secondary,45.6,74.23,5,26.8,38.0,0.2938,low,1991.9,open,
heavy_congestion,2026-08-27 18:30:00,2284186406_4201669150_0,2284186406,4201669150,0,trunk,44.6,165.82,10,18.5,60.0,0.6909,heavy,3075.1,open,
multiple_congested,2026-08-27 18:00:00,1568523225_2225281566_0,1568523225,2225281566,0,secondary,33.5,145.14,7,16.2,38.0,0.5745,heavy,2346.7,open,
road_closure,2026-08-27 16:00:00,2089831530_3683838606_0,2089831530,3683838606,0,primary,62.3,89.29,8,33.2,60.0,0.4464,moderate,2965.6,open,
road_closure,2026-08-27 16:00:00,1568523204_2225281501_0,1568523204,2225281501,0,secondary,147.1,80.73,16,25.9,38.0,0.3195,moderate,2087.4,open,
sudden_congestion,2026-08-27 15:00:00,3463649361_4327437921_0,3463649361,4327437921,0,secondary,19.4,40.74,1,31.9,38.0,0.1612,low,1298.4,open,
road_closure,2026-08-27 16:00:00,3618956990_7604956284_0,3618956990,7604956284,0,secondary,14.6,85.24,2,25.2,38.0,0.3374,moderate,2146.2,open,
accident,2026-08-27 17:30:00,11054219373_11828199566_0,11054219373,11828199566,0,trunk,13.1,129.18,2,27.7,60.0,0.5382,heavy,3578.9,open,
multiple_congested,2026-08-27 18:00:00,12829966149_308795904_0,12829966149,308795904,0,primary,223.9,171.26,52,8.6,60.0,0.8563,severe,1476.4,open,
clearing,2026-08-27 21:00:00,571357700_11729853750_0,571357700,11729853750,0,trunk,72.5,34.77,3,51.3,60.0,0.1449,low,1783.8,open,
road_closure,2026-08-27 16:00:00,13816805236_13816805239_0,13816805236,13816805239,0,trunk_link,34.8,100.88,5,26.4,35.0,0.2452,low,2665.1,open,
multiple_congested,2026-08-27 18:00:00,4189396489_11478092792_0,4189396489,11478092792,0,primary,52.4,180.27,13,14.6,45.0,0.676,heavy,2628.2,open,
peak_hour,2026-08-27 18:30:00,2434176124_2934116307_0,2434176124,2934116307,0,secondary,224.4,106.13,32,20.2,60.0,0.6633,heavy,2143.9,open,
heavy_congestion,2026-08-27 18:30:00,2852505757_2852505756_0,2852505757,2852505756,0,secondary,34.9,162.29,8,13.6,38.0,0.6424,heavy,2205.4,open,
normal,2026-08-27 14:00:00,6273447621_3614585821_0,6273447621,3614585821,0,secondary,173.1,49.95,12,30.5,38.0,0.1977,low,1522.8,open,
road_closure,2026-08-27 16:00:00,1947002992_315072787_0,1947002992,315072787,0,secondary,10.8,70.77,1,31.6,50.0,0.3686,moderate,2234.2,open,
clearing,2026-08-27 21:00:00,7576586010_7576586031_0,7576586010,7576586031,0,primary,676.6,41.24,38,38.0,45.0,0.1547,low,1568.8,open,
sudden_congestion,2026-08-27 15:00:00,306609598_312796901_0,306609598,312796901,0,secondary,77.3,61.72,6,28.7,38.0,0.2443,low,1772.3,open,
heavy_congestion,2026-08-27 18:30:00,4180190105_4180190109_0,4180190105,4180190109,0,secondary,157.5,240.0,51,5.0,38.0,0.95,severe,1200.0,open,
peak_hour,2026-08-27 18:30:00,12832926038_11033772483_0,12832926038,11033772483,0,primary,114.5,196.58,31,11.8,45.0,0.7372,severe,2325.1,open,
heavy_congestion,2026-08-27 18:30:00,308783170_308783169_0,308783170,308783169,0,primary,32.8,190.0,8,5.0,60.0,0.95,severe,950.0,open,
peak_hour,2026-08-27 18:30:00,2855063842_2855045210_0,2855063842,2855045210,0,primary,38.4,220.0,11,7.9,45.0,0.825,severe,1732.5,open,
road_closure,2026-08-27 16:00:00,1611088860_4181144983_0,1611088860,4181144983,0,secondary,109.6,98.51,15,23.2,38.0,0.3899,moderate,2283.7,open,
road_closure,2026-08-27 16:00:00,9766654004_3618954856_0,9766654004,3618954856,0,primary,76.3,101.36,10,28.9,50.0,0.4223,moderate,2927.6,open,
road_closure,2026-08-27 16:00:00,2857325739_3598256529_0,2857325739,3598256529,0,primary,87.5,75.35,9,37.4,60.0,0.3767,moderate,2817.6,open,
normal,2026-08-27 14:00:00,6271010834_6271010830_0,6271010834,6271010830,0,secondary,45.9,64.69,4,28.3,38.0,0.2561,low,1828.8,open,
clearing,2026-08-27 21:00:00,1948662053_5499173937_0,1948662053,5499173937,0,primary,115.2,60.55,9,47.9,60.0,0.2018,low,2899.8,open,
clearing,2026-08-27 21:00:00,7532218212_7531802647_0,7532218212,7531802647,0,secondary,19.1,33.2,1,33.0,38.0,0.1314,low,1095.7,open,
normal,2026-08-27 14:00:00,3158978742_13922150189_0,3158978742,13922150189,0,secondary,234.8,32.01,10,48.0,60.0,0.2001,low,1536.5,open,
heavy_congestion,2026-08-27 18:30:00,7561314611_11524324250_0,7561314611,11524324250,0,primary,305.4,253.33,105,5.0,45.0,0.95,severe,1266.7,open,
clearing,2026-08-27 21:00:00,308944679_3612570747_0,308944679,3612570747,0,secondary,151.6,44.03,9,31.4,38.0,0.1743,low,1381.6,open,
heavy_congestion,2026-08-27 18:30:00,2240855993_2240856013_0,2240855993,2240856013,0,trunk,29.4,179.33,7,18.9,50.0,0.6227,heavy,3383.3,open,
normal,2026-08-27 14:00:00,7721833508_7721833505_0,7721833508,7721833505,0,secondary,13.6,44.25,1,31.3,38.0,0.1752,low,1387.0,open,
normal,2026-08-27 14:00:00,3614574108_4193188411_0,3614574108,4193188411,0,secondary,136.1,43.86,8,31.4,38.0,0.1736,low,1377.4,open,
road_closure,2026-08-27 16:00:00,4193145089_4193145088_0,4193145089,4193145088,0,secondary,11.2,59.05,1,34.6,50.0,0.3075,moderate,2044.4,open,
peak_hour,2026-08-27 18:30:00,2090103416_2090103661_0,2090103416,2090103661,0,secondary,74.6,194.45,20,8.8,38.0,0.7697,severe,1701.7,open,
heavy_congestion,2026-08-27 18:30:00,7419152417_571166204_0,7419152417,571166204,0,primary,24.3,253.33,8,5.0,45.0,0.95,severe,1266.7,open,
multiple_congested,2026-08-27 18:00:00,4198191820_3618954867_0,4198191820,3618954867,0,primary,16.9,157.09,4,17.3,50.0,0.6545,heavy,2713.4,open,
road_closure,2026-08-27 16:00:00,7697842619_7697842620_0,7697842619,7697842620,0,secondary,50.1,85.16,6,25.2,38.0,0.3371,moderate,2145.2,open,
road_closure,2026-08-27 16:00:00,7532303007_2898573399_0,7532303007,2898573399,0,secondary,7.8,67.24,1,27.9,38.0,0.2662,low,1875.0,open,
accident,2026-08-27 17:30:00,11946907384_11383594574_0,11946907384,11383594574,0,secondary,704.7,117.74,112,20.3,38.0,0.4661,moderate,2388.9,open,
road_closure,2026-08-27 16:00:00,3602302847_349267642_0,3602302847,349267642,0,primary,152.9,139.6,29,32.1,60.0,0.4653,moderate,4478.4,open,
sudden_congestion,2026-08-27 15:00:00,7571991434_7571991446_0,7571991434,7571991446,0,secondary,51.6,56.19,4,29.5,38.0,0.2224,low,1660.2,open,
normal,2026-08-27 14:00:00,7651438873_2432754992_0,7651438873,2432754992,0,secondary,25.3,44.71,2,31.3,38.0,0.177,low,1398.2,open,
peak_hour,2026-08-27 18:30:00,3614577182_4193299816_0,3614577182,4193299816,0,secondary,117.9,183.3,29,10.4,38.0,0.7255,severe,1911.6,open,
sudden_congestion,2026-08-27 15:00:00,7655999512_2726477257_0,7655999512,2726477257,0,secondary,72.8,40.99,4,39.3,50.0,0.2135,low,1612.0,open,
road_closure,2026-08-27 16:00:00,1692848862_1692848808_0,1692848862,1692848808,0,secondary,65.9,57.98,5,38.3,60.0,0.3624,moderate,2218.1,open,
multiple_congested,2026-08-27 18:00:00,11482142608_1320764776_0,11482142608,1320764776,0,primary,45.8,178.92,11,12.7,50.0,0.7455,severe,2276.8,open,
clearing,2026-08-27 21:00:00,7718986099_5472942872_0,7718986099,5472942872,0,secondary_link,11.4,58.29,1,23.2,28.0,0.17,low,1354.7,open,
normal,2026-08-27 14:00:00,3598328032_7537024272_0,3598328032,7537024272,0,primary,42.9,59.15,3,35.0,45.0,0.2218,low,2071.3,open,
heavy_congestion,2026-08-27 18:30:00,2723389106_2723389089_0,2723389106,2723389089,0,secondary,30.6,190.65,8,9.3,38.0,0.7546,severe,1777.5,open,
road_closure,2026-08-27 16:00:00,11947657955_7649657382_0,11947657955,7649657382,0,primary,733.5,69.17,69,39.2,60.0,0.3458,moderate,2714.8,open,
multiple_congested,2026-08-27 18:00:00,306621576_2852505730_0,306621576,2852505730,0,secondary,70.3,232.79,22,5.0,38.0,0.9215,severe,1164.0,open,
multiple_congested,2026-08-27 18:00:00,971318594_2852292393_0,971318594,2852292393,0,secondary,55.9,161.02,12,13.8,38.0,0.6374,heavy,2218.9,open,
accident,2026-08-27 17:30:00,2178294788_289927533_0,2178294788,289927533,0,trunk_link,10.6,226.91,3,15.7,35.0,0.5515,heavy,3561.8,open,
sudden_congestion,2026-08-27 15:00:00,2284186454_7655990075_0,2284186454,7655990075,0,trunk,469.6,35.21,22,51.2,60.0,0.1467,low,1802.6,open,
normal,2026-08-27 14:00:00,1692848737_1692848811_0,1692848737,1692848811,0,secondary,58.1,30.58,2,48.5,60.0,0.1911,low,1484.1,open,
clearing,2026-08-27 21:00:00,6308390052_11828160683_0,6308390052,11828160683,0,secondary,31.5,43.32,2,31.5,38.0,0.1715,low,1363.9,open,
clearing,2026-08-27 21:00:00,2781464556_2781464566_0,2781464556,2781464566,0,secondary,47.0,35.49,2,40.8,50.0,0.1849,low,1446.6,open,
accident,2026-08-27 17:30:00,289907074_3154080390_0,289907074,3154080390,0,trunk,8.7,137.92,2,25.5,60.0,0.5747,heavy,3519.7,open,
road_closure,2026-08-27 16:00:00,660550856_7576568255_0,660550856,7576568255,0,secondary,34.2,88.66,4,24.7,38.0,0.351,moderate,2186.8,open,
accident,2026-08-27 17:30:00,6390373716_2081227020_0,6390373716,2081227020,0,primary,24.0,106.66,3,28.0,60.0,0.5333,heavy,2986.7,open,
clearing,2026-08-27 21:00:00,3602307393_2959415306_0,3602307393,2959415306,0,secondary,23.8,35.62,1,32.6,38.0,0.141,low,1162.6,open,
accident,2026-08-27 17:30:00,2898573372_7535950158_0,2898573372,7535950158,0,secondary,12.3,195.03,3,8.7,38.0,0.772,severe,1689.9,open,
multiple_congested,2026-08-27 18:00:00,7840893965_7840893961_0,7840893965,7840893961,0,trunk,177.7,184.33,44,13.9,60.0,0.768,severe,2565.4,open,
peak_hour,2026-08-27 18:30:00,3547295628_2795872357_0,3547295628,2795872357,0,primary,118.7,396.55,64,5.0,40.0,0.8812,severe,1982.7,open,
multiple_congested,2026-08-27 18:00:00,10277725742_10264220065_0,10277725742,10264220065,0,primary,300.8,190.0,77,5.0,60.0,0.95,severe,950.0,open,
sudden_congestion,2026-08-27 15:00:00,4193145105_2232017920_0,4193145105,2232017920,0,secondary,72.8,41.69,4,39.1,50.0,0.2172,low,1632.0,open,
accident,2026-08-27 17:30:00,3602479550_3602479627_0,3602479550,3602479627,0,secondary,330.0,142.78,64,16.5,38.0,0.5652,heavy,2359.2,open,
clearing,2026-08-27 21:00:00,7709978599_2249698632_0,7709978599,2249698632,0,primary,80.2,26.83,3,51.9,60.0,0.1342,low,1394.1,open,
clearing,2026-08-27 21:00:00,7129724443_11524577366_0,7129724443,11524577366,0,primary,78.0,51.19,5,36.4,45.0,0.192,low,1861.3,open,
normal,2026-08-27 14:00:00,2570959434_3602301017_0,2570959434,3602301017,0,secondary,172.1,33.02,8,47.6,60.0,0.2064,low,1572.4,open,
heavy_congestion,2026-08-27 18:30:00,5134942933_7704857030_0,5134942933,7704857030,0,secondary,195.8,240.0,64,5.0,38.0,0.95,severe,1200.0,open,
accident,2026-08-27 17:30:00,10172883155_2225418949_0,10172883155,2225418949,0,secondary,7.4,84.92,1,11.7,40.0,0.7077,severe,993.0,open,
peak_hour,2026-08-27 18:30:00,3602486735_3602486721_0,3602486735,3602486721,0,secondary,10.7,179.33,3,11.0,38.0,0.7098,severe,1977.2,open,
clearing,2026-08-27 21:00:00,2782950534_2782950533_0,2782950534,2782950533,0,secondary,70.0,41.25,4,31.8,38.0,0.1633,low,1311.6,open,
peak_hour,2026-08-27 18:30:00,6308174531_6308174530_0,6308174531,6308174530,0,primary,10.4,152.37,2,14.3,60.0,0.7618,severe,2177.3,open,
sudden_congestion,2026-08-27 15:00:00,4308409821_4308409883_0,4308409821,4308409883,0,motorway_link,378.1,53.85,28,41.6,50.0,0.1683,low,2239.4,open,
normal,2026-08-27 14:00:00,2852273761_13403841002_0,2852273761,13403841002,0,secondary,5.1,46.22,0,31.0,38.0,0.183,low,1435.0,open,
peak_hour,2026-08-27 18:30:00,6308390315_6308390316_0,6308390315,6308390316,0,secondary,189.1,189.35,49,9.5,38.0,0.7495,severe,1802.3,open,
peak_hour,2026-08-27 18:30:00,2244374584_2245996053_0,2244374584,2245996053,0,secondary,40.5,154.91,8,14.7,38.0,0.6132,heavy,2277.0,open,
accident,2026-08-27 17:30:00,2180797287_2852277874_0,2180797287,2852277874,0,secondary,63.2,133.39,11,15.3,50.0,0.6947,heavy,2035.9,open,
peak_hour,2026-08-27 18:30:00,2492132654_2492132646_0,2492132654,2492132646,0,secondary,31.3,172.35,7,12.1,38.0,0.6822,heavy,2081.2,open,
heavy_congestion,2026-08-27 18:30:00,12121751856_12121751857_0,12121751856,12121751857,0,trunk_link,8.5,362.8,4,5.0,35.0,0.8818,severe,1814.0,open,
peak_hour,2026-08-27 18:30:00,1779516177_3221217088_0,1779516177,3221217088,0,primary,10.6,162.92,2,11.1,60.0,0.8146,severe,1812.1,open,
heavy_congestion,2026-08-27 18:30:00,3154074785_3154074782_0,3154074785,3154074782,0,secondary,155.3,167.73,35,12.8,38.0,0.6639,heavy,2142.0,open,
normal,2026-08-27 14:00:00,7730815347_663184748_0,7730815347,663184748,0,primary,15.8,48.65,1,45.4,60.0,0.2433,low,2209.0,open,
normal,2026-08-27 14:00:00,3602300021_11801708672_0,3602300021,11801708672,0,secondary,23.0,53.87,2,29.9,38.0,0.2132,low,1610.5,open,
sudden_congestion,2026-08-27 15:00:00,312780929_312780949_0,312780929,312780949,0,primary,50.3,35.98,2,49.2,60.0,0.1799,low,1770.3,open,
heavy_congestion,2026-08-27 18:30:00,308943018_308943017_0,308943018,308943017,0,secondary,68.3,154.57,14,14.8,38.0,0.6118,heavy,2279.9,open,
heavy_congestion,2026-08-27 18:30:00,2852225773_308527242_0,2852225773,308527242,0,secondary,39.6,182.4,10,5.0,50.0,0.95,severe,912.0,open,
normal,2026-08-27 14:00:00,3618955694_4198379529_0,3618955694,4198379529,0,secondary,256.3,52.57,18,30.1,38.0,0.2081,low,1581.9,open,
heavy_congestion,2026-08-27 18:30:00,12747595366_12747595365_0,12747595366,12747595365,0,trunk_link,11.5,266.71,4,12.3,35.0,0.6483,heavy,3283.5,open,
road_closure,2026-08-27 16:00:00,2766314946_2766314960_0,2766314946,2766314960,0,primary,124.2,83.82,14,34.9,60.0,0.4191,moderate,2921.5,open,
road_closure,2026-08-27 16:00:00,7680113169_4189287945_0,7680113169,4189287945,0,secondary,140.9,84.36,16,25.3,38.0,0.3339,moderate,2135.2,open,
accident,2026-08-27 17:30:00,1611088860_4181144983_0,1611088860,4181144983,0,secondary,109.6,188.53,28,9.6,38.0,0.7462,severe,1817.9,open,
multiple_congested,2026-08-27 18:00:00,7576786575_11572052695_0,7576786575,11572052695,0,secondary,22.6,201.21,6,7.7,38.0,0.7964,severe,1556.4,open,
peak_hour,2026-08-27 18:30:00,3167947565_5985024326_0,3167947565,5985024326,0,primary,9.5,115.17,1,25.4,60.0,0.5758,heavy,2931.0,open,
sudden_congestion,2026-08-27 15:00:00,9691241083_3598377806_0,9691241083,3598377806,0,primary,271.6,41.85,15,47.4,60.0,0.2092,low,1985.5,open,
clearing,2026-08-27 21:00:00,3791314969_306598199_0,3791314969,306598199,0,primary,111.1,30.1,5,43.7,50.0,0.1254,low,1316.2,open,
accident,2026-08-27 17:30:00,2805512492_7010525796_0,2805512492,7010525796,0,secondary,117.7,177.71,28,11.3,38.0,0.7034,severe,2002.7,open,
road_closure,2026-08-27 16:00:00,3254507101_3254507097_0,3254507101,3254507097,0,secondary,47.5,85.73,6,25.1,38.0,0.3393,moderate,2152.2,open,
normal,2026-08-27 14:00:00,571167681_4754179421_0,571167681,4754179421,0,trunk,1417.8,40.35,78,49.9,60.0,0.1681,low,2014.2,open,
heavy_congestion,2026-08-27 18:30:00,2789805440_315072787_0,2789805440,315072787,0,trunk,68.0,146.7,14,23.3,60.0,0.6113,heavy,3421.7,open,
normal,2026-08-27 14:00:00,289917153_12337109964_0,289917153,12337109964,0,trunk,25.2,44.26,2,48.9,60.0,0.1844,low,2165.7,open,
heavy_congestion,2026-08-27 18:30:00,7103825088_7103825089_0,7103825088,7103825089,0,primary_link,16.8,380.0,9,5.0,30.0,0.95,severe,1900.0,open,
heavy_congestion,2026-08-27 18:30:00,3164005657_3579908329_0,3164005657,3579908329,0,primary,100.8,253.33,35,5.0,45.0,0.95,severe,1266.7,open,
clearing,2026-08-27 21:00:00,307051204_3674000095_0,307051204,3674000095,0,secondary,138.8,28.57,5,33.7,38.0,0.1131,low,962.9,open,
heavy_congestion,2026-08-27 18:30:00,5513852581_4201903753_0,5513852581,4201903753,0,trunk,205.9,201.15,56,9.7,60.0,0.8381,severe,1953.6,open,
clearing,2026-08-27 21:00:00,2790072965_2859386565_0,2790072965,2859386565,0,secondary,16.0,44.92,1,31.2,38.0,0.1778,low,1403.5,open,
clearing,2026-08-27 21:00:00,3182362697_6149835423_0,3182362697,6149835423,0,primary,130.5,23.31,4,53.0,60.0,0.1165,low,1235.4,open,
multiple_congested,2026-08-27 18:00:00,11521715251_11521715250_0,11521715251,11521715250,0,trunk_link,12.2,347.84,6,5.4,35.0,0.8454,severe,1881.7,open,
clearing,2026-08-27 21:00:00,7115939351_3618936884_0,7115939351,3618936884,0,secondary,796.8,28.63,31,33.7,38.0,0.1133,low,964.5,open,
normal,2026-08-27 14:00:00,7687628470_3614462672_0,7687628470,3614462672,0,secondary,39.1,48.4,3,30.7,38.0,0.1916,low,1486.8,open,
normal,2026-08-27 14:00:00,12082925154_2404191183_0,12082925154,2404191183,0,trunk,78.2,34.91,4,51.3,60.0,0.1454,low,1789.7,open,
accident,2026-08-27 17:30:00,308525935_1320909491_0,308525935,1320909491,0,primary,146.0,148.3,29,15.5,60.0,0.7415,severe,2300.2,open,
multiple_congested,2026-08-27 18:00:00,3598398700_3975551083_0,3598398700,3975551083,0,secondary,348.0,177.37,84,11.3,38.0,0.7021,severe,2007.9,open,
multiple_congested,2026-08-27 18:00:00,7591407729_7591178318_0,7591407729,7591178318,0,primary,74.0,128.87,13,21.3,60.0,0.6443,heavy,2750.0,open,
multiple_congested,2026-08-27 18:00:00,2803360773_4193369509_0,2803360773,4193369509,0,secondary,61.8,162.78,14,7.6,50.0,0.8478,severe,1238.5,open,
road_closure,2026-08-27 16:00:00,7687283471_3813489778_0,7687283471,3813489778,0,secondary,368.4,89.11,44,24.6,38.0,0.3527,moderate,2191.7,open,
sudden_congestion,2026-08-27 15:00:00,3614587541_3614587422_0,3614587541,3614587422,0,secondary,58.1,66.46,5,28.0,38.0,0.2631,low,1861.0,open,
peak_hour,2026-08-27 18:30:00,308960244_7698845309_0,308960244,7698845309,0,secondary,201.9,117.3,32,16.0,60.0,0.7331,severe,1878.3,open,
heavy_congestion,2026-08-27 18:30:00,2052527506_3579903412_0,2052527506,3579903412,0,secondary,1671.0,164.13,372,13.3,38.0,0.6497,heavy,2184.9,open,
road_closure,2026-08-27 16:00:00,310445673_3180216575_0,310445673,3180216575,0,secondary,46.3,77.8,5,29.7,50.0,0.4052,moderate,2313.8,open,
accident,2026-08-27 17:30:00,3598313922_3598313961_0,3598313922,3598313961,0,secondary,3.5,117.73,1,19.3,50.0,0.6132,heavy,2277.0,open,
road_closure,2026-08-27 16:00:00,2852574337_308560708_0,2852574337,308560708,0,trunk,34.7,70.4,3,42.4,60.0,0.2933,low,2985.0,open,
sudden_congestion,2026-08-27 15:00:00,2730859740_2730859737_0,2730859740,2730859737,0,secondary,15.7,60.25,1,28.9,38.0,0.2385,low,1743.5,open,
multiple_congested,2026-08-27 18:00:00,2247752577_3649038608_0,2247752577,3649038608,0,secondary,229.3,173.58,54,11.9,38.0,0.6871,heavy,2064.0,open,
normal,2026-08-27 14:00:00,5580345261_4196528770_0,5580345261,4196528770,0,secondary,259.5,50.66,18,30.4,38.0,0.2005,low,1539.0,open,
multiple_congested,2026-08-27 18:00:00,10764957394_1054044511_0,10764957394,1054044511,0,secondary,82.0,143.97,16,16.3,38.0,0.5699,heavy,2353.1,open,
heavy_congestion,2026-08-27 18:30:00,13996867908_13996839827_0,13996867908,13996839827,0,secondary,57.5,198.95,16,8.1,38.0,0.7875,severe,1606.5,open,
road_closure,2026-08-27 16:00:00,312810290_312810264_0,312810290,312810264,0,secondary,86.4,84.24,10,25.3,38.0,0.3335,moderate,2133.7,open,
accident,2026-08-27 17:30:00,3658869117_11464687595_0,3658869117,11464687595,0,secondary,23.2,184.37,6,10.3,38.0,0.7298,severe,1893.0,open,
clearing,2026-08-27 21:00:00,1313317312_2570959381_0,1313317312,2570959381,0,secondary,176.6,27.35,7,49.7,60.0,0.171,low,1360.7,open,
normal,2026-08-27 14:00:00,2781464544_1706620068_0,2781464544,1706620068,0,secondary,28.8,46.19,2,38.0,50.0,0.2406,low,1753.9,open,
road_closure,2026-08-27 16:00:00,7712480362_2855073438_0,7712480362,2855073438,0,secondary,161.7,42.62,9,44.0,60.0,0.2664,low,1875.9,open,
accident,2026-08-27 17:30:00,7710171916_7710171915_0,7710171916,7710171915,0,secondary,62.5,158.83,13,14.1,38.0,0.6287,heavy,2241.0,open,
multiple_congested,2026-08-27 18:00:00,11521692445_11521693340_0,11521692445,11521693340,0,trunk,93.4,129.08,16,27.7,60.0,0.5378,heavy,3579.4,open,
multiple_congested,2026-08-27 18:00:00,4169678420_3602319571_0,4169678420,3602319571,0,secondary,36.6,252.58,13,6.3,30.0,0.7893,severe,1596.5,open,
road_closure,2026-08-27 16:00:00,7652489317_7419083369_0,7652489317,7419083369,0,secondary,22.4,87.99,3,24.8,38.0,0.3483,moderate,2179.1,open,
sudden_congestion,2026-08-27 15:00:00,2234287555_2234287464_0,2234287555,2234287464,0,secondary,95.9,65.23,8,28.2,38.0,0.2582,low,1838.8,open,
sudden_congestion,2026-08-27 15:00:00,9591275660_3208607399_0,9591275660,3208607399,0,primary,237.7,37.5,12,48.8,60.0,0.1875,low,1828.0,open,
road_closure,2026-08-27 16:00:00,2590217046_2590217055_0,2590217046,2590217055,0,secondary_link,10.2,105.5,1,19.4,28.0,0.3077,moderate,2045.0,open,
normal,2026-08-27 14:00:00,6151118228_12775542556_0,6151118228,12775542556,0,primary,8.5,60.55,1,47.9,60.0,0.2018,low,2899.6,open,
accident,2026-08-27 17:30:00,13584061239_13584061238_0,13584061239,13584061238,0,primary_link,13.4,294.36,5,7.9,30.0,0.7359,severe,2332.3,open,
road_closure,2026-08-27 16:00:00,12062469751_4009677207_0,12062469751,4009677207,0,trunk,660.8,65.78,59,43.6,60.0,0.2741,low,2864.9,open,
clearing,2026-08-27 21:00:00,7679973322_3550348375_0,7679973322,3550348375,0,secondary,46.2,31.24,2,33.3,38.0,0.1237,low,1040.4,open,
accident,2026-08-27 17:30:00,11568958236_1706620119_0,11568958236,1706620119,0,secondary,116.7,145.77,23,12.0,50.0,0.7592,severe,1754.9,open,
heavy_congestion,2026-08-27 18:30:00,11521715251_571349801_0,11521715251,571349801,0,trunk,252.1,150.04,51,22.5,60.0,0.6252,heavy,3374.3,open,
sudden_congestion,2026-08-27 15:00:00,1947738024_1779485067_0,1947738024,1779485067,0,trunk_link,23.6,99.82,3,26.5,35.0,0.2426,low,2646.0,open,
peak_hour,2026-08-27 18:30:00,319509814_6159192411_0,319509814,6159192411,0,primary,70.2,237.26,23,5.0,45.0,0.8897,severe,1186.3,open,
normal,2026-08-27 14:00:00,2859840949_11811623215_0,2859840949,11811623215,0,secondary,61.0,53.2,4,30.0,38.0,0.2106,low,1596.0,open,
multiple_congested,2026-08-27 18:00:00,7710171928_7710171916_0,7710171928,7710171916,0,secondary,53.6,139.25,10,17.1,38.0,0.5512,heavy,2374.9,open,
heavy_congestion,2026-08-27 18:30:00,2730860817_2730860818_0,2730860817,2730860818,0,secondary,20.2,240.0,7,5.0,38.0,0.95,severe,1200.0,open,
road_closure,2026-08-27 16:00:00,306605318_312810200_0,306605318,312810200,0,secondary,21.6,87.77,3,24.8,38.0,0.3474,moderate,2176.5,open,
peak_hour,2026-08-27 18:30:00,13399489790_308613982_0,13399489790,308613982,0,secondary,75.7,105.51,11,20.4,60.0,0.6594,heavy,2156.0,open,
road_closure,2026-08-27 16:00:00,12725591177_12725591178_0,12725591177,12725591178,0,secondary,5.8,54.85,0,39.4,60.0,0.3428,moderate,2162.7,open,
road_closure,2026-08-27 16:00:00,2854456385_2841168861_0,2854456385,2841168861,0,secondary,21.0,51.15,1,36.7,50.0,0.2664,low,1876.2,open,
normal,2026-08-27 14:00:00,6150303402_3550387894_0,6150303402,3550387894,0,trunk,261.5,35.38,13,51.2,60.0,0.1474,low,1810.0,open,
multiple_congested,2026-08-27 18:00:00,5998182246_5985024306_0,5998182246,5985024306,0,primary,19.1,173.49,4,8.0,60.0,0.8675,severe,1379.7,open,
accident,2026-08-27 17:30:00,11801392518_11801392517_0,11801392518,11801392517,0,trunk_link,9.0,212.67,3,16.9,35.0,0.5169,heavy,3595.9,open,
peak_hour,2026-08-27 18:30:00,4208518869_3618951050_0,4208518869,3618951050,0,secondary,105.5,149.77,21,15.5,38.0,0.5929,heavy,2317.2,open,
accident,2026-08-27 17:30:00,7682662053_7682662016_0,7682662053,7682662016,0,secondary,9.2,109.39,1,19.0,60.0,0.6837,heavy,2076.0,open,
clearing,2026-08-27 21:00:00,2244119463_306609445_0,2244119463,306609445,0,primary,77.9,47.52,5,40.1,50.0,0.198,low,1905.5,open,
normal,2026-08-27 14:00:00,571173667_7568427019_0,571173667,7568427019,0,secondary,433.5,42.63,25,31.6,38.0,0.1687,low,1346.5,open,
sudden_congestion,2026-08-27 15:00:00,7418703262_7418703280_0,7418703262,7418703280,0,primary,80.6,48.31,5,36.8,45.0,0.1812,low,1780.1,open,
road_closure,2026-08-27 16:00:00,3612571477_308944689_0,3612571477,308944689,0,secondary,73.5,74.57,7,26.8,38.0,0.2952,low,1997.3,open,
peak_hour,2026-08-27 18:30:00,3614586655_667238531_0,3614586655,667238531,0,secondary,20.9,165.14,5,13.2,38.0,0.6537,heavy,2173.3,open,
accident,2026-08-27 17:30:00,2402415826_2090009839_0,2402415826,2090009839,0,secondary,91.2,130.16,16,18.4,38.0,0.5152,heavy,2397.8,open,
accident,2026-08-27 17:30:00,350438302_350438292_0,350438302,350438292,0,secondary,28.7,118.7,5,15.5,60.0,0.7419,severe,1838.4,open,
sudden_congestion,2026-08-27 15:00:00,11568574029_4189232789_0,11568574029,4189232789,0,secondary,178.0,56.84,14,29.4,38.0,0.225,low,1674.1,open,
road_closure,2026-08-27 16:00:00,289928941_6149599102_0,289928941,6149599102,0,trunk,270.3,64.59,24,43.9,60.0,0.2691,low,2832.5,open,
multiple_congested,2026-08-27 18:00:00,11539576961_11539576962_0,11539576961,11539576962,0,primary,74.1,146.35,15,16.1,60.0,0.7317,severe,2355.6,open,
clearing,2026-08-27 21:00:00,2841171401_2649389049_0,2841171401,2649389049,0,secondary,33.4,27.54,1,42.8,50.0,0.1434,low,1179.6,open,
clearing,2026-08-27 21:00:00,2214196917_2090103653_0,2214196917,2090103653,0,secondary,318.8,41.73,18,31.7,38.0,0.1652,low,1323.8,open,
sudden_congestion,2026-08-27 15:00:00,2243963430_2243963527_0,2243963430,2243963527,0,secondary,112.1,63.71,10,28.4,38.0,0.2522,low,1810.5,open,
accident,2026-08-27 17:30:00,2221878804_2221879033_0,2221878804,2221879033,0,primary,68.2,152.08,14,14.4,60.0,0.7604,severe,2186.2,open,
peak_hour,2026-08-27 18:30:00,4189232846_7694554169_0,4189232846,7694554169,0,primary,483.6,115.25,76,25.4,60.0,0.5762,heavy,2930.3,open,
peak_hour,2026-08-27 18:30:00,3602309912_10302005639_0,3602309912,10302005639,0,primary,43.8,152.62,9,14.2,60.0,0.7631,severe,2169.2,open,
accident,2026-08-27 17:30:00,11572105150_2583366357_0,11572105150,2583366357,0,trunk,124.1,113.99,19,31.5,60.0,0.4749,moderate,3591.0,open,
clearing,2026-08-27 21:00:00,3602413219_3157673979_0,3602413219,3157673979,0,primary,49.4,37.96,3,48.6,60.0,0.1898,low,1845.3,open,
clearing,2026-08-27 21:00:00,6158030503_7710235779_0,6158030503,7710235779,0,secondary,13.4,41.01,1,31.8,38.0,0.1623,low,1305.3,open,
clearing,2026-08-27 21:00:00,13817857742_13817857741_0,13817857742,13817857741,0,secondary,87.2,44.86,5,31.3,38.0,0.1776,low,1402.1,open,
road_closure,2026-08-27 16:00:00,7577198771_7577198770_0,7577198771,7577198770,0,primary,42.0,69.06,4,35.6,50.0,0.2878,low,2459.4,open,
normal,2026-08-27 14:00:00,6520731511_7605292171_0,6520731511,7605292171,0,secondary,184.9,60.45,15,28.9,38.0,0.2393,low,1747.4,open,
normal,2026-08-27 14:00:00,2886937706_2886936213_0,2886937706,2886936213,0,secondary,26.4,40.9,1,31.8,38.0,0.1619,low,1302.5,open,
road_closure,2026-08-27 16:00:00,1866846121_3154107768_0,1866846121,3154107768,0,trunk,52.7,77.46,6,40.6,60.0,0.3228,moderate,3147.7,open,
multiple_congested,2026-08-27 18:00:00,3146873008_3167945963_0,3146873008,3167945963,0,secondary,20.0,118.69,3,15.5,60.0,0.7418,severe,1838.8,open,
accident,2026-08-27 17:30:00,571180326_7663095254_0,571180326,7663095254,0,secondary,10.5,150.62,2,15.3,38.0,0.5962,heavy,2311.2,open,
road_closure,2026-08-27 16:00:00,4333125462_3602486407_0,4333125462,3602486407,0,secondary,77.0,86.27,9,25.0,38.0,0.3415,moderate,2158.8,open,
accident,2026-08-27 17:30:00,2243960505_2243960514_0,2243960505,2243960514,0,secondary,23.1,192.72,6,9.0,38.0,0.7629,severe,1736.7,open,
sudden_congestion,2026-08-27 15:00:00,11539908382_6372002072_0,11539908382,6372002072,0,secondary,10.3,35.56,0,46.7,60.0,0.2223,low,1659.5,open,
heavy_congestion,2026-08-27 18:30:00,12084438399_2847575141_0,12084438399,2847575141,0,primary,51.8,190.0,13,5.0,60.0,0.95,severe,950.0,open,
clearing,2026-08-27 21:00:00,7690165982_667238411_0,7690165982,667238411,0,primary,21.0,32.72,1,50.2,60.0,0.1636,low,1642.0,open,
heavy_congestion,2026-08-27 18:30:00,3182376843_5207905318_0,3182376843,5207905318,0,secondary,11.7,152.0,2,5.0,60.0,0.95,severe,760.0,open,
heavy_congestion,2026-08-27 18:30:00,13851802911_13851802916_0,13851802911,13851802916,0,trunk,17.9,195.22,5,11.2,60.0,0.8134,severe,2185.3,open,
sudden_congestion,2026-08-27 15:00:00,9684884111_11043831726_0,9684884111,11043831726,0,primary,123.4,52.58,9,49.5,60.0,0.1753,low,2601.8,open,
sudden_congestion,2026-08-27 15:00:00,2781464214_3153692871_0,2781464214,3153692871,0,primary,60.6,47.22,4,45.8,60.0,0.2361,low,2164.2,open,
peak_hour,2026-08-27 18:30:00,10857081204_10857084229_0,10857081204,10857084229,0,primary,117.6,164.3,26,17.3,45.0,0.6161,heavy,2838.2,open,
accident,2026-08-27 17:30:00,13949653112_7579728207_0,13949653112,7579728207,0,primary,140.4,160.43,31,11.9,60.0,0.8022,severe,1904.4,open,
peak_hour,2026-08-27 18:30:00,2234759623_12079748834_0,2234759623,12079748834,0,secondary_link,115.3,298.12,47,5.0,28.0,0.8695,severe,1490.6,open,
peak_hour,2026-08-27 18:30:00,4189240753_660550830_0,4189240753,660550830,0,secondary,623.2,227.56,192,5.0,38.0,0.9008,severe,1137.8,open,
accident,2026-08-27 17:30:00,315072773_4208469126_0,315072773,4208469126,0,secondary,81.9,112.08,12,20.8,50.0,0.5837,heavy,2332.7,open,
peak_hour,2026-08-27 18:30:00,13754225940_13754225941_0,13754225940,13754225941,0,primary_link,25.1,261.13,9,10.4,30.0,0.6528,heavy,2719.7,open,
peak_hour,2026-08-27 18:30:00,571352279_4009677201_0,571352279,4009677201,0,trunk,135.2,124.07,23,29.0,60.0,0.517,heavy,3595.9,open,
sudden_congestion,2026-08-27 15:00:00,13279199572_3614507656_0,13279199572,3614507656,0,secondary,211.2,64.52,18,28.3,38.0,0.2554,low,1825.7,open,
accident,2026-08-27 17:30:00,7712807231_7712807233_0,7712807231,7712807233,0,primary,58.8,164.93,13,10.5,60.0,0.8246,severe,1735.3,open,
multiple_congested,2026-08-27 18:00:00,4275283715_308933099_0,4275283715,308933099,0,primary,60.3,169.92,14,14.6,50.0,0.708,severe,2480.7,open,
clearing,2026-08-27 21:00:00,7246404162_7246404089_0,7246404162,7246404089,0,primary,89.9,36.54,4,38.8,45.0,0.137,low,1419.0,open,
normal,2026-08-27 14:00:00,3224390838_2185045499_0,3224390838,2185045499,0,trunk,262.9,47.01,17,48.2,60.0,0.1959,low,2268.2,open,
normal,2026-08-27 14:00:00,1906537007_10236649116_0,1906537007,10236649116,0,secondary,53.8,43.91,3,31.4,38.0,0.1738,low,1378.6,open,
heavy_congestion,2026-08-27 18:30:00,3784115861_5773967900_0,3784115861,5773967900,0,secondary,908.1,240.0,295,5.0,38.0,0.95,severe,1200.0,open,
multiple_congested,2026-08-27 18:00:00,7672723536_11477738716_0,7672723536,11477738716,0,secondary,106.8,200.97,29,7.8,38.0,0.7955,severe,1561.7,open,
clearing,2026-08-27 21:00:00,3602302010_8942027994_0,3602302010,8942027994,0,secondary,23.0,25.32,1,50.5,60.0,0.1582,low,1278.7,open,
road_closure,2026-08-27 16:00:00,2805646904_12064346272_0,2805646904,12064346272,0,secondary_link,90.5,108.35,13,19.2,28.0,0.316,moderate,2075.1,open,
peak_hour,2026-08-27 18:30:00,306609581_7713256575_0,306609581,7713256575,0,primary,116.2,172.02,27,16.0,45.0,0.6451,heavy,2747.4,open,
road_closure,2026-08-27 16:00:00,6112928366_7716577672_0,6112928366,7716577672,0,secondary,45.4,104.41,6,22.3,38.0,0.4133,moderate,2327.8,open,
heavy_congestion,2026-08-27 18:30:00,1752932126_7721099477_0,1752932126,7721099477,0,trunk,108.7,295.29,43,10.8,60.0,0.8203,severe,3184.7,open,
heavy_congestion,2026-08-27 18:30:00,11806444749_11806444750_0,11806444749,11806444750,0,trunk_link,8.2,242.73,3,14.4,35.0,0.59,heavy,3483.4,open,
heavy_congestion,2026-08-27 18:30:00,7679429114_13352750973_0,7679429114,13352750973,0,secondary,51.6,240.0,17,5.0,38.0,0.95,severe,1200.0,open,
sudden_congestion,2026-08-27 15:00:00,7730815331_7730815335_0,7730815331,7730815335,0,primary,14.1,47.2,1,37.0,45.0,0.177,low,1748.0,open,
clearing,2026-08-27 21:00:00,2886931932_2886936214_0,2886931932,2886936214,0,secondary,288.5,27.93,11,33.8,38.0,0.1105,low,943.9,open,
accident,2026-08-27 17:30:00,3164268341_3602327084_0,3164268341,3602327084,0,primary,54.6,127.64,9,21.7,60.0,0.6382,heavy,2770.8,open,
peak_hour,2026-08-27 18:30:00,12049270406_3612570463_0,12049270406,3612570463,0,primary,3.7,173.6,1,7.9,60.0,0.868,severe,1374.9,open,
accident,2026-08-27 17:30:00,2764031389_2763929352_0,2764031389,2763929352,0,secondary,38.6,122.6,6,18.1,50.0,0.6385,heavy,2215.8,open,
peak_hour,2026-08-27 18:30:00,3598313008_9789451863_0,3598313008,9789451863,0,secondary,66.2,167.86,15,6.3,50.0,0.8743,severe,1055.2,open,
normal,2026-08-27 14:00:00,4189396496_5263134979_0,4189396496,5263134979,0,primary,11.6,75.74,1,32.2,45.0,0.284,low,2440.2,open,
road_closure,2026-08-27 16:00:00,11066380427_2763929052_0,11066380427,2763929052,0,trunk,78.8,62.61,7,44.3,60.0,0.2609,low,2776.7,open,
accident,2026-08-27 17:30:00,11545997995_6506967012_0,11545997995,6506967012,0,secondary,58.0,123.86,10,13.6,60.0,0.7741,severe,1678.6,open,
peak_hour,2026-08-27 18:30:00,3602402346_1118798036_0,3602402346,1118798036,0,secondary,56.8,222.75,17,5.0,38.0,0.8817,severe,1113.8,open,
multiple_congested,2026-08-27 18:00:00,3300712909_12702157872_0,3300712909,12702157872,0,secondary,78.2,144.23,15,5.9,60.0,0.9014,severe,852.9,open,
accident,2026-08-27 17:30:00,2425535850_2425535852_0,2425535850,2425535852,0,trunk,296.2,208.23,84,25.3,60.0,0.5784,heavy,5267.1,open,
multiple_congested,2026-08-27 18:00:00,3602487793_6274776767_0,3602487793,6274776767,0,secondary,73.0,197.7,20,8.3,38.0,0.7826,severe,1633.5,open,
sudden_congestion,2026-08-27 15:00:00,3602309912_10302005639_0,3602309912,10302005639,0,primary,43.8,45.87,3,46.2,60.0,0.2294,low,2121.1,open,
accident,2026-08-27 17:30:00,310213777_3602302012_0,310213777,3602302012,0,secondary,44.9,115.44,7,16.7,60.0,0.7215,severe,1928.9,open,
clearing,2026-08-27 21:00:00,3670022913_3182362409_0,3670022913,3182362409,0,primary,189.8,45.44,12,50.9,60.0,0.1515,low,2313.5,open,
sudden_congestion,2026-08-27 15:00:00,2222309463_2222309478_0,2222309463,2222309478,0,secondary,94.6,42.69,5,31.6,38.0,0.169,low,1348.1,open,
accident,2026-08-27 17:30:00,4327438261_2898573399_0,4327438261,2898573399,0,secondary,19.9,141.75,4,16.7,38.0,0.5611,heavy,2364.2,open,
peak_hour,2026-08-27 18:30:00,350305772_11563596869_0,350305772,11563596869,0,secondary,266.2,124.3,45,13.4,60.0,0.7769,severe,1664.0,open,
sudden_congestion,2026-08-27 15:00:00,1947771424_1947774406_0,1947771424,1947774406,0,trunk,8.3,31.16,0,52.2,60.0,0.1298,low,1626.8,open,
sudden_congestion,2026-08-27 15:00:00,7138268454_4663566796_0,7138268454,4663566796,0,secondary_link,5.9,61.75,0,23.0,28.0,0.1801,low,1417.7,open,
sudden_congestion,2026-08-27 15:00:00,2234832976_2234832922_0,2234832976,2234832922,0,secondary,69.9,57.35,5,29.4,38.0,0.227,low,1684.6,open,
sudden_congestion,2026-08-27 15:00:00,2188391628_2188391684_0,2188391628,2188391684,0,trunk,32.2,40.3,2,49.9,60.0,0.1679,low,2012.1,open,
sudden_congestion,2026-08-27 15:00:00,11947056961_11947065774_0,11947056961,11947065774,0,secondary,22.4,63.36,2,28.5,38.0,0.2508,low,1803.9,open,
sudden_congestion,2026-08-27 15:00:00,13371439859_2222562390_0,13371439859,2222562390,0,secondary,10.4,59.54,1,29.0,38.0,0.2357,low,1729.4,open,
road_closure,2026-08-27 16:00:00,1750016965_352754294_0,1750016965,352754294,0,secondary,40.4,87.64,5,21.8,30.0,0.2739,low,1909.1,open,
heavy_congestion,2026-08-27 18:30:00,7540144047_4869686759_0,7540144047,4869686759,0,secondary_link,117.2,314.94,50,5.0,28.0,0.9186,severe,1574.7,open,
multiple_congested,2026-08-27 18:00:00,4283844655_4283844656_0,4283844655,4283844656,0,secondary,14.6,219.21,4,5.0,38.0,0.8677,severe,1102.0,open,
normal,2026-08-27 14:00:00,2778813321_671854386_0,2778813321,671854386,0,secondary,64.1,38.6,3,32.2,38.0,0.1528,low,1242.6,open,
heavy_congestion,2026-08-27 18:30:00,6527096845_4245749266_0,6527096845,4245749266,0,secondary,86.2,115.44,13,16.7,60.0,0.7215,severe,1929.0,open,
sudden_congestion,2026-08-27 15:00:00,4193153673_2803146454_0,4193153673,2803146454,0,secondary,133.9,67.38,12,27.9,38.0,0.2667,low,1877.5,open,
road_closure,2026-08-27 16:00:00,306609585_306609581_0,306609585,306609581,0,primary,100.9,90.87,12,29.7,45.0,0.3408,moderate,2695.8,open,
sudden_congestion,2026-08-27 15:00:00,3612556891_1813453281_0,3612556891,1813453281,0,primary,50.0,46.7,3,46.0,60.0,0.2335,low,2147.7,open,
sudden_congestion,2026-08-27 15:00:00,11893357392_13744418992_0,11893357392,13744418992,0,secondary,209.1,49.44,14,37.1,50.0,0.2575,low,1835.5,open,
heavy_congestion,2026-08-27 18:30:00,2222561831_3598271911_0,2222561831,3598271911,0,secondary,18.7,196.7,5,8.4,38.0,0.7786,severe,1654.9,open,
sudden_congestion,2026-08-27 15:00:00,3598271664_2221876856_0,3598271664,2221876856,0,secondary,70.8,33.74,3,41.2,50.0,0.1757,low,1390.6,open,
heavy_congestion,2026-08-27 18:30:00,7539713397_7719485733_0,7539713397,7719485733,0,primary,330.3,211.08,94,9.4,45.0,0.7916,severe,1979.9,open,
road_closure,2026-08-27 16:00:00,2090009450_2090009547_0,2090009450,2090009547,0,secondary,274.9,93.26,35,24.0,38.0,0.3691,moderate,2235.6,open,
sudden_congestion,2026-08-27 15:00:00,7637177860_4189193304_0,7637177860,4189193304,0,secondary,3.9,48.55,0,30.7,38.0,0.1922,low,1490.3,open,
heavy_congestion,2026-08-27 18:30:00,2243960463_11568887063_0,2243960463,11568887063,0,secondary,40.7,155.32,9,14.6,38.0,0.6148,heavy,2273.5,open,
accident,2026-08-27 17:30:00,3207187875_4317346519_0,3207187875,4317346519,0,primary_link,17.1,346.19,8,5.0,30.0,0.8655,severe,1730.9,open,
road_closure,2026-08-27 16:00:00,2195239101_10216996367_0,2195239101,10216996367,0,trunk,122.2,101.04,17,43.2,60.0,0.2807,low,4360.8,open,
clearing,2026-08-27 21:00:00,3579906845_3835259450_0,3579906845,3835259450,0,trunk,832.7,24.09,27,54.0,60.0,0.1004,low,1300.4,open,
peak_hour,2026-08-27 18:30:00,7726284418_7726284414_0,7726284418,7726284414,0,secondary,103.3,188.73,26,9.6,38.0,0.7471,severe,1814.1,open,
accident,2026-08-27 17:30:00,1318415378_1318415406_0,1318415378,1318415406,0,motorway_link,489.5,149.52,99,26.1,45.0,0.4205,moderate,3898.9,open,
multiple_congested,2026-08-27 18:00:00,2778813051_2778813052_0,2778813051,2778813052,0,primary,26.5,183.47,7,14.0,45.0,0.688,heavy,2575.8,open,
peak_hour,2026-08-27 18:30:00,308527244_2852221268_0,308527244,2852221268,0,secondary,50.9,176.5,12,5.0,50.0,0.9193,severe,882.5,open,
road_closure,2026-08-27 16:00:00,7010525878_596384234_0,7010525878,596384234,0,secondary,8.8,69.72,1,27.5,38.0,0.276,low,1918.3,open,
accident,2026-08-27 17:30:00,2791955782_2791955771_0,2791955782,2791955771,0,secondary,15.2,132.3,3,18.1,38.0,0.5237,heavy,2394.6,open,
accident,2026-08-27 17:30:00,3614573567_3614573550_0,3614573567,3614573550,0,secondary,35.9,202.95,10,7.5,38.0,0.8033,severe,1516.7,open,
sudden_congestion,2026-08-27 15:00:00,12850087652_12850087651_0,12850087652,12850087651,0,secondary,238.3,59.63,19,29.0,38.0,0.2361,low,1731.2,open,
accident,2026-08-27 17:30:00,11827018432_2089831746_0,11827018432,2089831746,0,primary,139.3,138.43,26,18.5,60.0,0.6922,heavy,2556.8,open,
accident,2026-08-27 17:30:00,3598267697_11068322221_0,3598267697,11068322221,0,primary,38.9,157.85,8,12.6,60.0,0.7893,severe,1995.9,open,
road_closure,2026-08-27 16:00:00,2795965663_9727464217_0,2795965663,9727464217,0,primary,52.7,62.28,4,41.3,60.0,0.3114,moderate,2573.2,open,
sudden_congestion,2026-08-27 15:00:00,308796010_308952113_0,308796010,308952113,0,secondary,57.0,43.58,3,31.4,38.0,0.1725,low,1370.3,open,
heavy_congestion,2026-08-27 18:30:00,12085029212_12085029213_0,12085029212,12085029213,0,trunk_link,15.5,245.18,5,14.1,35.0,0.5959,heavy,3467.5,open,
peak_hour,2026-08-27 18:30:00,2686451332_2686451308_0,2686451332,2686451308,0,secondary,411.8,161.75,90,13.7,38.0,0.6402,heavy,2211.2,open,
sudden_congestion,2026-08-27 15:00:00,4314601801_2187030125_0,4314601801,2187030125,0,motorway_link,431.3,63.76,37,40.0,50.0,0.1993,low,2552.9,open,
sudden_congestion,2026-08-27 15:00:00,2782950521_2852296332_0,2782950521,2852296332,0,secondary,3.5,52.48,0,30.1,38.0,0.2077,low,1579.9,open,
accident,2026-08-27 17:30:00,11050626034_7675789252_0,11050626034,7675789252,0,secondary,34.7,127.52,6,18.8,38.0,0.5048,heavy,2399.8,open,
heavy_congestion,2026-08-27 18:30:00,3598270228_4552508265_0,3598270228,4552508265,0,secondary,26.7,133.37,5,15.3,50.0,0.6946,heavy,2036.4,open,
multiple_congested,2026-08-27 18:00:00,2852505008_2852505006_0,2852505008,2852505006,0,secondary,25.0,234.16,8,5.0,38.0,0.9269,severe,1170.8,open,
sudden_congestion,2026-08-27 15:00:00,7246404249_7634539399_0,7246404249,7634539399,0,secondary,40.7,68.55,4,27.7,38.0,0.2713,low,1898.1,open,
sudden_congestion,2026-08-27 15:00:00,11066426647_7688052018_0,11066426647,7688052018,0,secondary,19.9,66.4,2,28.0,38.0,0.2628,low,1859.9,open,
peak_hour,2026-08-27 18:30:00,354242018_354242514_0,354242018,354242514,0,secondary,246.8,122.41,41,14.1,60.0,0.7651,severe,1725.5,open,
sudden_congestion,2026-08-27 15:00:00,3598271984_4271104059_0,3598271984,4271104059,0,trunk,78.7,38.7,4,50.3,60.0,0.1612,low,1947.4,open,
normal,2026-08-27 14:00:00,11843428653_11843428652_0,11843428653,11843428652,0,secondary_link,7.9,74.44,1,21.9,28.0,0.2171,low,1631.8,open,
heavy_congestion,2026-08-27 18:30:00,3669611867_3969781689_0,3669611867,3969781689,0,secondary,374.7,225.94,115,5.0,38.0,0.8944,severe,1129.7,open,
accident,2026-08-27 17:30:00,2782802223_7072436792_0,2782802223,7072436792,0,secondary,40.5,193.74,11,8.9,38.0,0.7669,severe,1716.2,open,
multiple_congested,2026-08-27 18:00:00,2234501767_11072641988_0,2234501767,11072641988,0,secondary,168.4,157.03,36,14.4,38.0,0.6216,heavy,2258.1,open,
heavy_congestion,2026-08-27 18:30:00,2783026764_4182747216_0,2783026764,4182747216,0,secondary,18.5,240.0,6,5.0,38.0,0.95,severe,1200.0,open,
accident,2026-08-27 17:30:00,356328170_356328199_0,356328170,356328199,0,primary,73.8,104.76,10,28.6,60.0,0.5238,heavy,2993.2,open,
multiple_congested,2026-08-27 18:00:00,4194635270_13088465596_0,4194635270,13088465596,0,secondary,26.2,168.49,6,12.7,38.0,0.6669,heavy,2132.5,open,
accident,2026-08-27 17:30:00,12295767379_2988138272_0,12295767379,2988138272,0,secondary,36.0,188.96,9,9.6,38.0,0.748,severe,1809.8,open,
accident,2026-08-27 17:30:00,308525952_308525953_0,308525952,308525953,0,primary,63.3,125.63,11,22.3,60.0,0.6281,heavy,2803.0,open,
road_closure,2026-08-27 16:00:00,3598287366_7694131001_0,3598287366,7694131001,0,primary,68.3,67.43,6,39.8,60.0,0.3371,moderate,2681.7,open,
heavy_congestion,2026-08-27 18:30:00,7687007557_7687007552_0,7687007557,7687007552,0,secondary,4.0,156.45,1,14.5,38.0,0.6193,heavy,2263.4,open,
accident,2026-08-27 17:30:00,11893437596_2760699852_0,11893437596,2760699852,0,secondary,31.0,122.96,5,19.5,38.0,0.4867,moderate,2398.3,open,
road_closure,2026-08-27 16:00:00,10276228360_12640169972_0,10276228360,12640169972,0,trunk,59.7,75.08,6,41.2,60.0,0.3128,moderate,3095.5,open,
multiple_congested,2026-08-27 18:00:00,1318407382_1318407387_0,1318407382,1318407387,0,secondary,59.0,121.42,10,14.5,60.0,0.7589,severe,1756.8,open,
sudden_congestion,2026-08-27 15:00:00,4373979866_2886664029_0,4373979866,2886664029,0,secondary,700.2,59.9,57,29.0,38.0,0.2371,low,1736.6,open,
accident,2026-08-27 17:30:00,6506956227_6506956226_0,6506956227,6506956226,0,primary_link,19.5,239.89,6,12.0,30.0,0.5997,heavy,2880.7,open,
peak_hour,2026-08-27 18:30:00,596395986_6307919644_0,596395986,6307919644,0,secondary,49.8,190.73,13,9.3,38.0,0.755,severe,1775.8,open,
multiple_congested,2026-08-27 18:00:00,1427645947_2852294905_0,1427645947,2852294905,0,secondary,48.7,209.46,14,6.5,38.0,0.8291,severe,1360.3,open,
road_closure,2026-08-27 16:00:00,11530262283_2852259376_0,11530262283,2852259376,0,primary,64.1,105.82,9,27.1,45.0,0.3968,moderate,2872.3,open,
clearing,2026-08-27 21:00:00,3618961942_3618961903_0,3618961942,3618961903,0,trunk,109.9,31.75,5,52.1,60.0,0.1323,low,1653.0,open,
multiple_congested,2026-08-27 18:00:00,10108052273_10108052272_0,10108052273,10108052272,0,primary,33.3,151.06,7,14.7,60.0,0.7553,severe,2217.8,open,
multiple_congested,2026-08-27 18:00:00,2509297528_3254539411_0,2509297528,3254539411,0,motorway_link,374.6,155.59,79,25.7,50.0,0.4862,moderate,3997.0,open,
sudden_congestion,2026-08-27 15:00:00,3614580138_3614579322_0,3614580138,3614579322,0,secondary,781.4,43.36,46,31.5,38.0,0.1716,low,1364.9,open,
normal,2026-08-27 14:00:00,2787009556_2787009552_0,2787009556,2787009552,0,secondary,32.0,59.32,3,29.1,38.0,0.2348,low,1724.8,open,
peak_hour,2026-08-27 18:30:00,12314260227_11963907425_0,12314260227,11963907425,0,secondary,16.0,155.33,3,14.6,38.0,0.6148,heavy,2273.4,open,
accident,2026-08-27 17:30:00,11809305621_11809305620_0,11809305621,11809305620,0,secondary_link,8.2,274.76,3,5.6,28.0,0.8014,severe,1528.0,open,
accident,2026-08-27 17:30:00,11332791511_2222307039_0,11332791511,2222307039,0,primary,60.0,155.96,13,13.2,60.0,0.7798,severe,2060.5,open,
clearing,2026-08-27 21:00:00,3612549303_2245996396_0,3612549303,2245996396,0,secondary,84.0,44.75,5,31.3,38.0,0.1772,low,1399.4,open,
normal,2026-08-27 14:00:00,2852516282_2852516277_0,2852516282,2852516277,0,primary,152.6,42.68,9,47.2,60.0,0.2134,low,2014.2,open,
accident,2026-08-27 17:30:00,3550388310_11154487711_0,3550388310,11154487711,0,primary,221.3,232.98,70,5.7,45.0,0.8737,severe,1324.5,open,
heavy_congestion,2026-08-27 18:30:00,5134742601_2721043920_0,5134742601,2721043920,0,primary,245.9,181.54,60,5.5,60.0,0.9077,severe,1005.2,open,
peak_hour,2026-08-27 18:30:00,9635015411_308933180_0,9635015411,308933180,0,secondary,56.6,112.34,9,17.9,60.0,0.7021,severe,2007.8,open,
peak_hour,2026-08-27 18:30:00,4189188762_7607492940_0,4189188762,7607492940,0,secondary,14.3,213.5,4,5.9,38.0,0.8451,severe,1256.7,open,
peak_hour,2026-08-27 18:30:00,7418738085_7281934545_0,7418738085,7281934545,0,secondary,184.4,169.64,42,12.5,38.0,0.6715,heavy,2117.7,open,
normal,2026-08-27 14:00:00,308532073_4260400314_0,308532073,4260400314,0,secondary,110.1,45.96,7,38.0,50.0,0.2394,low,1747.9,open,
road_closure,2026-08-27 16:00:00,11166515084_11166515085_0,11166515084,11166515085,0,primary,505.4,103.17,71,27.6,45.0,0.3869,moderate,2846.5,open,
heavy_congestion,2026-08-27 18:30:00,5611785641_5611785639_0,5611785641,5611785639,0,secondary,568.5,240.0,185,5.0,38.0,0.95,severe,1200.0,open,
heavy_congestion,2026-08-27 18:30:00,2244119393_2243959502_0,2244119393,2243959502,0,secondary,26.8,167.43,6,12.8,38.0,0.6628,heavy,2145.7,open,
road_closure,2026-08-27 16:00:00,2090009877_8588564172_0,2090009877,8588564172,0,primary,523.2,81.19,58,31.3,45.0,0.3045,moderate,2541.2,open,
multiple_congested,2026-08-27 18:00:00,11524461059_2245995042_0,11524461059,2245995042,0,primary,71.1,190.0,18,5.0,60.0,0.95,severe,950.0,open,
road_closure,2026-08-27 16:00:00,13817694939_13817694940_0,13817694939,13817694940,0,secondary,48.9,86.63,6,25.0,38.0,0.3429,moderate,2163.1,open,
normal,2026-08-27 14:00:00,3168263267_11085002107_0,3168263267,11085002107,0,trunk,5.6,29.04,0,52.7,60.0,0.121,low,1531.8,open,
road_closure,2026-08-27 16:00:00,2247638129_3949469073_0,2247638129,3949469073,0,secondary,693.7,67.97,64,27.8,38.0,0.269,low,1887.9,open,
peak_hour,2026-08-27 18:30:00,7579290903_7579467137_0,7579290903,7579467137,0,secondary,96.6,175.25,23,11.6,38.0,0.6937,heavy,2039.9,open,
clearing,2026-08-27 21:00:00,2795820379_2852314861_0,2795820379,2852314861,0,primary,79.1,26.78,3,52.0,60.0,0.1339,low,1391.7,open,
heavy_congestion,2026-08-27 18:30:00,6152008128_12738375656_0,6152008128,12738375656,0,secondary_link,10.4,316.94,4,5.0,28.0,0.9244,severe,1584.7,open,
clearing,2026-08-27 21:00:00,12595256857_2802932537_0,12595256857,2802932537,0,trunk,15.1,31.87,1,52.0,60.0,0.1328,low,1658.5,open,
accident,2026-08-27 17:30:00,3184132431_7682284754_0,3184132431,7682284754,0,secondary,112.7,83.86,13,28.6,60.0,0.5241,heavy,2394.4,open,
road_closure,2026-08-27 16:00:00,660110433_3753052578_0,660110433,3753052578,0,secondary,900.9,85.03,104,25.2,38.0,0.3366,moderate,2143.6,open,
clearing,2026-08-27 21:00:00,3618941438_4184916033_0,3618941438,4184916033,0,secondary,118.8,43.32,7,31.5,38.0,0.1715,low,1363.9,open,
multiple_congested,2026-08-27 18:00:00,7654285135_4201669720_0,7654285135,4201669720,0,secondary,588.0,234.52,187,5.0,38.0,0.9283,severe,1172.6,open,
clearing,2026-08-27 21:00:00,2795820269_3164352083_0,2795820269,3164352083,0,primary,93.4,25.93,3,52.2,60.0,0.1296,low,1354.0,open,
sudden_congestion,2026-08-27 15:00:00,3618945457_7669037201_0,3618945457,7669037201,0,secondary,44.6,50.68,3,30.4,38.0,0.2006,low,1539.4,open,
accident,2026-08-27 17:30:00,3612573645_2234832770_0,3612573645,2234832770,0,secondary,32.2,183.42,8,10.4,38.0,0.726,severe,1909.6,open,
multiple_congested,2026-08-27 18:00:00,2180951702_2187030024_0,2180951702,2187030024,0,motorway,1960.9,149.14,396,52.9,120.0,0.5593,heavy,7887.5,open,
accident,2026-08-27 17:30:00,352754358_3195196246_0,352754358,3195196246,0,secondary,5.8,231.54,2,8.3,30.0,0.7236,severe,1920.1,open,
accident,2026-08-27 17:30:00,7651245821_660566140_0,7651245821,660566140,0,secondary,68.9,166.18,16,13.0,38.0,0.6578,heavy,2160.9,open,
sudden_congestion,2026-08-27 15:00:00,6149849227_11521006198_0,6149849227,11521006198,0,trunk,17.7,46.39,1,48.4,60.0,0.1933,low,2245.5,open,
road_closure,2026-08-27 16:00:00,3678629214_3056863944_0,3678629214,3056863944,0,trunk,59.8,70.52,6,42.4,60.0,0.2938,low,2987.9,open,
multiple_congested,2026-08-27 18:00:00,3686470591_3579900436_0,3686470591,3579900436,0,primary,164.8,130.02,29,21.0,60.0,0.6501,heavy,2729.6,open,
peak_hour,2026-08-27 18:30:00,2241237879_2241237844_0,2241237879,2241237844,0,primary,71.9,234.75,23,5.4,45.0,0.8803,severe,1264.2,open,
accident,2026-08-27 17:30:00,308613843_9699614069_0,308613843,9699614069,0,primary,30.9,157.28,7,12.8,60.0,0.7864,severe,2015.8,open,
accident,2026-08-27 17:30:00,4180877639_2249690018_0,4180877639,2249690018,0,secondary,219.3,164.88,49,13.2,38.0,0.6527,heavy,2176.3,open,
peak_hour,2026-08-27 18:30:00,2760700353_11542867584_0,2760700353,11542867584,0,secondary,115.7,214.36,34,5.8,38.0,0.8485,severe,1234.0,open,
multiple_congested,2026-08-27 18:00:00,3614462460_3658869228_0,3614462460,3658869228,0,secondary,39.5,165.24,9,13.1,38.0,0.6541,heavy,2172.1,open,
multiple_congested,2026-08-27 18:00:00,3579910029_7673432150_0,3579910029,7673432150,0,primary,57.3,196.09,15,11.9,45.0,0.7354,severe,2335.3,open,
heavy_congestion,2026-08-27 18:30:00,1152797180_2181370035_0,1152797180,2181370035,0,trunk_link,24.9,251.58,8,13.6,35.0,0.6115,heavy,3421.0,open,
clearing,2026-08-27 21:00:00,3612553101_7687738165_0,3612553101,7687738165,0,trunk,46.3,21.71,1,54.6,60.0,0.0904,low,1184.7,open,
normal,2026-08-27 14:00:00,4333720084_4333720095_0,4333720084,4333720095,0,trunk,116.8,43.73,7,49.1,60.0,0.1822,low,2145.8,open,
sudden_congestion,2026-08-27 15:00:00,306593187_3612544281_0,306593187,3612544281,0,trunk,316.8,42.18,18,49.5,60.0,0.1757,low,2085.8,open,
heavy_congestion,2026-08-27 18:30:00,2491309440_3614571064_0,2491309440,3614571064,0,primary,86.5,253.33,30,5.0,45.0,0.95,severe,1266.7,open,
sudden_congestion,2026-08-27 15:00:00,571352165_2284444365_0,571352165,2284444365,0,trunk,113.0,51.03,8,47.2,60.0,0.2126,low,2410.8,open,
road_closure,2026-08-27 16:00:00,11527556248_13542618567_0,11527556248,13542618567,0,primary,879.8,64.28,77,40.7,60.0,0.3214,moderate,2617.2,open,
road_closure,2026-08-27 16:00:00,2852296165_662739525_0,2852296165,662739525,0,secondary,111.2,74.79,11,26.7,38.0,0.2961,low,2000.7,open,
normal,2026-08-27 14:00:00,1748016049_1748868906_0,1748016049,1748868906,0,secondary,36.8,50.82,3,30.4,38.0,0.2012,low,1542.6,open,
accident,2026-08-27 17:30:00,6284276099_6267163238_0,6284276099,6267163238,0,secondary,74.0,134.32,13,17.8,38.0,0.5317,heavy,2390.4,open,
multiple_congested,2026-08-27 18:00:00,1320762951_3612562264_0,1320762951,3612562264,0,primary,48.3,152.23,10,18.3,50.0,0.6343,heavy,2783.7,open,
normal,2026-08-27 14:00:00,2460435098_2460435099_0,2460435098,2460435099,0,trunk,36.5,41.69,2,49.6,60.0,0.1737,low,2066.8,open,
multiple_congested,2026-08-27 18:00:00,3598313365_3598312534_0,3598313365,3598312534,0,secondary,709.9,227.48,219,5.0,38.0,0.9004,severe,1137.4,open,
heavy_congestion,2026-08-27 18:30:00,660579401_11881153193_0,660579401,11881153193,0,secondary,94.2,240.0,31,5.0,38.0,0.95,severe,1200.0,open,
accident,2026-08-27 17:30:00,13579991901_3207195577_0,13579991901,3207195577,0,secondary_link,7.3,189.53,2,12.5,28.0,0.5528,heavy,2373.2,open,
normal,2026-08-27 14:00:00,4201897636_4189438625_0,4201897636,4189438625,0,secondary,41.6,48.12,3,30.8,38.0,0.1905,low,1480.2,open,
road_closure,2026-08-27 16:00:00,3154074500_308796018_0,3154074500,308796018,0,secondary,271.1,69.41,26,27.6,38.0,0.2747,low,1912.9,open,
clearing,2026-08-27 21:00:00,3598256793_7712429919_0,3598256793,7712429919,0,secondary,26.4,35.21,1,32.7,38.0,0.1394,low,1151.5,open,
clearing,2026-08-27 21:00:00,3158827786_3158827792_0,3158827786,3158827792,0,primary,108.7,32.9,5,50.1,60.0,0.1645,low,1649.2,open,
multiple_congested,2026-08-27 18:00:00,3614463313_2590251081_0,3614463313,2590251081,0,secondary,52.2,218.65,15,5.1,38.0,0.8655,severe,1117.6,open,
multiple_congested,2026-08-27 18:00:00,6390373706_6390373705_0,6390373706,6390373705,0,primary,151.2,150.36,31,14.9,60.0,0.7518,severe,2239.0,open,
road_closure,2026-08-27 16:00:00,726181798_2177311110_0,726181798,2177311110,0,trunk,137.3,70.64,13,42.3,60.0,0.2943,low,2990.9,open,
road_closure,2026-08-27 16:00:00,7547305297_7547651605_0,7547305297,7547651605,0,secondary,103.3,74.35,10,26.8,38.0,0.2943,low,1993.8,open,
heavy_congestion,2026-08-27 18:30:00,7679106835_7679106838_0,7679106835,7679106838,0,secondary,82.9,212.15,24,6.1,38.0,0.8398,severe,1291.8,open,
clearing,2026-08-27 21:00:00,7246404382_7246404383_0,7246404382,7246404383,0,secondary,30.5,44.1,2,31.4,38.0,0.1746,low,1383.2,open,
road_closure,2026-08-27 16:00:00,11037270219_7715721893_0,11037270219,7715721893,0,primary,17.9,125.04,3,35.0,60.0,0.4168,moderate,4375.4,open,
normal,2026-08-27 14:00:00,2245994965_6112831410_0,2245994965,6112831410,0,secondary,54.9,39.46,3,32.1,38.0,0.1562,low,1265.4,open,
peak_hour,2026-08-27 18:30:00,10682253196_307081829_0,10682253196,307081829,0,trunk,33.0,172.76,8,16.8,60.0,0.7198,severe,2904.1,open,
peak_hour,2026-08-27 18:30:00,3254542324_2509297560_0,3254542324,2509297560,0,secondary,1053.4,177.33,253,11.3,38.0,0.7019,severe,2008.5,open,
road_closure,2026-08-27 16:00:00,7840893969_7840893965_0,7840893969,7840893965,0,trunk,249.8,82.24,28,39.4,60.0,0.3427,moderate,3243.5,open,
peak_hour,2026-08-27 18:30:00,12230819396_4206785237_0,12230819396,4206785237,0,secondary,48.7,187.73,12,9.8,38.0,0.7431,severe,1832.7,open,
multiple_congested,2026-08-27 18:00:00,4313322964_3612543401_0,4313322964,3612543401,0,trunk,26.4,153.7,5,21.6,60.0,0.6404,heavy,3316.1,open,
multiple_congested,2026-08-27 18:00:00,2231948953_3602309202_0,2231948953,3602309202,0,secondary,74.5,230.61,23,5.0,38.0,0.9128,severe,1153.0,open,
multiple_congested,2026-08-27 18:00:00,3158978742_11564229702_0,3158978742,11564229702,0,secondary,7.3,103.06,1,21.4,60.0,0.6441,heavy,2200.6,open,
clearing,2026-08-27 21:00:00,308777218_3612561887_0,308777218,3612561887,0,primary,86.7,35.42,4,49.4,60.0,0.1771,low,1748.8,open,
peak_hour,2026-08-27 18:30:00,6308390080_6308390082_0,6308390080,6308390082,0,secondary,38.9,150.42,8,15.4,38.0,0.5954,heavy,2312.6,open,
sudden_congestion,2026-08-27 15:00:00,11975249465_11975249464_0,11975249465,11975249464,0,primary_link,30.0,88.22,4,23.4,30.0,0.2205,low,2062.8,open,
clearing,2026-08-27 21:00:00,3598273737_3598273779_0,3598273737,3598273779,0,secondary,32.2,43.26,2,31.5,38.0,0.1712,low,1362.3,open,
road_closure,2026-08-27 16:00:00,307096070_2794281589_0,307096070,2794281589,0,trunk,61.4,50.52,4,47.4,60.0,0.2105,low,2393.0,open,
road_closure,2026-08-27 16:00:00,308560763_306621548_0,308560763,306621548,0,secondary,8.9,105.88,1,22.1,38.0,0.4191,moderate,2337.2,open,
road_closure,2026-08-27 16:00:00,3612559950_308532006_0,3612559950,308532006,0,secondary,39.1,80.34,4,29.1,50.0,0.4185,moderate,2336.2,open,
road_closure,2026-08-27 16:00:00,3182190022_1754247380_0,3182190022,1754247380,0,trunk,64.7,110.99,10,46.1,60.0,0.2312,low,5119.7,open,
peak_hour,2026-08-27 18:30:00,2245995458_2245995623_0,2245995458,2245995623,0,secondary,47.3,229.19,15,5.0,38.0,0.9072,severe,1145.9,open,
clearing,2026-08-27 21:00:00,3614581115_3614581098_0,3614581115,3614581098,0,secondary,121.5,41.93,7,31.7,38.0,0.166,low,1328.9,open,
normal,2026-08-27 14:00:00,2231949339_3602316871_0,2231949339,3602316871,0,primary,37.7,41.41,2,47.6,60.0,0.207,low,1970.1,open,
clearing,2026-08-27 21:00:00,3618943986_3618944201_0,3618943986,3618944201,0,secondary,110.1,30.28,5,33.4,38.0,0.1199,low,1012.8,open,
heavy_congestion,2026-08-27 18:30:00,12237136499_12237152807_0,12237136499,12237152807,0,trunk,438.7,128.85,77,27.8,60.0,0.5369,heavy,3580.4,open,
sudden_congestion,2026-08-27 15:00:00,7578269191_7578269190_0,7578269191,7578269190,0,trunk_link,8.4,100.48,1,26.5,35.0,0.2442,low,2658.0,open,
sudden_congestion,2026-08-27 15:00:00,2231949545_2231949544_0,2231949545,2231949544,0,trunk,81.5,40.45,4,49.9,60.0,0.1686,low,2018.0,open,
road_closure,2026-08-27 16:00:00,11944991249_11811046800_0,11944991249,11811046800,0,secondary,48.9,60.08,4,37.5,60.0,0.3755,moderate,2251.2,open,
sudden_congestion,2026-08-27 15:00:00,12079748814_12079748819_0,12079748814,12079748819,0,secondary,362.9,48.55,24,30.7,38.0,0.1922,low,1490.4,open,
clearing,2026-08-27 21:00:00,317757764_5153212555_0,317757764,5153212555,0,secondary,6.8,36.8,0,32.5,38.0,0.1457,low,1194.6,open,
normal,2026-08-27 14:00:00,3612566231_308614057_0,3612566231,308614057,0,primary,40.6,34.01,2,49.8,60.0,0.17,low,1693.6,open,
road_closure,2026-08-27 16:00:00,3665228865_4183013294_0,3665228865,4183013294,0,secondary,1701.3,70.4,162,27.4,38.0,0.2787,low,1929.7,open,
road_closure,2026-08-27 16:00:00,4313445810_768002697_0,4313445810,768002697,0,primary,16.4,59.41,1,42.2,60.0,0.297,low,2505.6,open,
heavy_congestion,2026-08-27 18:30:00,13019357778_13019357783_0,13019357778,13019357783,0,motorway_link,337.0,233.15,106,15.5,45.0,0.6557,heavy,3612.0,open,
multiple_congested,2026-08-27 18:00:00,12648995530_2852998342_0,12648995530,2852998342,0,secondary,304.5,142.8,59,16.5,38.0,0.5652,heavy,2359.1,open,
heavy_congestion,2026-08-27 18:30:00,11947041762_6150694532_0,11947041762,6150694532,0,trunk,150.7,198.79,41,10.3,60.0,0.8283,severe,2047.9,open,
sudden_congestion,2026-08-27 15:00:00,5314600103_2241238727_0,5314600103,2241238727,0,secondary,70.1,40.44,4,31.9,38.0,0.1601,low,1290.6,open,
heavy_congestion,2026-08-27 18:30:00,7579728191_7579728193_0,7579728191,7579728193,0,primary,93.4,138.17,17,18.5,60.0,0.6908,heavy,2563.0,open,
accident,2026-08-27 17:30:00,3191071560_3146913654_0,3191071560,3146913654,0,secondary,88.1,184.45,22,10.3,38.0,0.7301,severe,1891.6,open,
accident,2026-08-27 17:30:00,3195196244_2403894465_0,3195196244,2403894465,0,secondary,37.4,176.22,9,11.5,38.0,0.6975,heavy,2025.4,open,
accident,2026-08-27 17:30:00,2780888455_571350225_0,2780888455,571350225,0,primary,739.3,169.37,170,9.2,60.0,0.8469,severe,1556.2,open,
multiple_congested,2026-08-27 18:00:00,2491308843_5230196616_0,2491308843,5230196616,0,secondary,76.7,210.09,22,6.4,38.0,0.8316,severe,1344.3,open,
accident,2026-08-27 17:30:00,315058917_308944689_0,315058917,308944689,0,secondary,51.9,186.85,13,9.9,38.0,0.7396,severe,1848.8,open,
heavy_congestion,2026-08-27 18:30:00,14061346469_13111703523_0,14061346469,13111703523,0,secondary,47.5,240.0,15,5.0,38.0,0.95,severe,1200.0,open,
multiple_congested,2026-08-27 18:00:00,3598267593_2225436079_0,3598267593,2225436079,0,secondary,31.7,153.6,7,14.9,38.0,0.608,heavy,2288.0,open,
clearing,2026-08-27 21:00:00,571165848_7544868666_0,571165848,7544868666,0,primary,150.3,50.19,10,36.5,45.0,0.1882,low,1833.4,open,
normal,2026-08-27 14:00:00,2686451288_2686451300_0,2686451288,2686451300,0,secondary,320.2,44.94,19,31.2,38.0,0.1779,low,1404.0,open,
multiple_congested,2026-08-27 18:00:00,13274240420_6746815198_0,13274240420,6746815198,0,secondary,81.1,152.37,17,15.1,38.0,0.6031,heavy,2297.9,open,
road_closure,2026-08-27 16:00:00,3579900898_3579900753_0,3579900898,3579900753,0,secondary,236.0,71.87,23,27.2,38.0,0.2845,low,1954.2,open,
normal,2026-08-27 14:00:00,306605307_312810211_0,306605307,312810211,0,secondary,65.3,59.56,5,29.0,38.0,0.2357,low,1729.6,open,
heavy_congestion,2026-08-27 18:30:00,2177311055_10578470385_0,2177311055,10578470385,0,primary,314.1,280.51,119,11.0,50.0,0.7792,severe,3097.0,open,
heavy_congestion,2026-08-27 18:30:00,3614579989_5112835327_0,3614579989,5112835327,0,secondary,24.6,114.0,4,5.0,40.0,0.95,severe,570.0,open,
heavy_congestion,2026-08-27 18:30:00,2852505076_2852505078_0,2852505076,2852505078,0,secondary,36.7,166.25,8,13.0,38.0,0.6581,heavy,2160.1,open,
heavy_congestion,2026-08-27 18:30:00,10857084229_7576586010_0,10857084229,7576586010,0,primary,39.8,196.4,11,11.9,45.0,0.7365,severe,2328.9,open,
normal,2026-08-27 14:00:00,2852310360_4254025093_0,2852310360,4254025093,0,secondary,72.5,30.28,3,42.1,50.0,0.1577,low,1275.4,open,
heavy_congestion,2026-08-27 18:30:00,4317365434_3598260017_0,4317365434,3598260017,0,secondary,72.5,240.0,24,5.0,38.0,0.95,severe,1200.0,open,
heavy_congestion,2026-08-27 18:30:00,13773466105_3169797985_0,13773466105,3169797985,0,trunk,115.6,193.73,30,11.6,60.0,0.8072,severe,2241.0,open,
road_closure,2026-08-27 16:00:00,5911741371_1054044526_0,5911741371,1054044526,0,secondary,10.5,72.0,1,27.2,38.0,0.285,low,1956.2,open,
clearing,2026-08-27 21:00:00,660564445_7655990050_0,660564445,7655990050,0,secondary,70.1,28.49,3,33.7,38.0,0.1128,low,960.6,open,
road_closure,2026-08-27 16:00:00,3550347710_2852325928_0,3550347710,2852325928,0,secondary,23.3,73.33,2,27.0,38.0,0.2903,low,1977.7,open,
peak_hour,2026-08-27 18:30:00,665035575_3618954803_0,665035575,3618954803,0,primary,378.5,222.26,114,5.0,50.0,0.9261,severe,1111.3,open,
heavy_congestion,2026-08-27 18:30:00,2509297343_2509297356_0,2509297343,2509297356,0,primary,20.7,190.0,5,5.0,60.0,0.95,severe,950.0,open,
clearing,2026-08-27 21:00:00,4244284087_3207159872_0,4244284087,3207159872,0,secondary,122.7,45.38,8,31.2,38.0,0.1796,low,1414.8,open,
multiple_congested,2026-08-27 18:00:00,11521416613_7576806157_0,11521416613,7576806157,0,trunk,63.3,148.27,13,22.9,60.0,0.6178,heavy,3400.2,open,
peak_hour,2026-08-27 18:30:00,2249918321_3184095100_0,2249918321,3184095100,0,primary,49.7,253.33,17,5.0,45.0,0.95,severe,1266.7,open,
peak_hour,2026-08-27 18:30:00,2231949200_11747144313_0,2231949200,11747144313,0,secondary,31.6,188.39,8,9.7,38.0,0.7457,severe,1820.4,open,
multiple_congested,2026-08-27 18:00:00,3579901517_11064183750_0,3579901517,11064183750,0,primary,22.3,157.62,5,12.7,60.0,0.7881,severe,2003.9,open,
sudden_congestion,2026-08-27 15:00:00,2859386160_2859386159_0,2859386160,2859386159,0,secondary,14.0,56.49,1,29.5,38.0,0.2236,low,1666.5,open,
peak_hour,2026-08-27 18:30:00,3612561640_2180604742_0,3612561640,2180604742,0,trunk,17.6,179.95,4,18.8,50.0,0.6248,heavy,3375.6,open,
sudden_congestion,2026-08-27 15:00:00,3612566950_1309543324_0,3612566950,1309543324,0,secondary,37.9,54.15,3,29.9,38.0,0.2143,low,1616.6,open,
heavy_congestion,2026-08-27 18:30:00,13294608506_13339829079_0,13294608506,13339829079,0,secondary,287.5,240.0,93,5.0,38.0,0.95,severe,1200.0,open,
accident,2026-08-27 17:30:00,8620300951_8620303411_0,8620300951,8620303411,0,secondary,159.3,128.79,28,18.6,38.0,0.5098,heavy,2399.1,open,
sudden_congestion,2026-08-27 15:00:00,3148642989_3598267855_0,3148642989,3598267855,0,secondary,93.9,56.18,7,29.5,38.0,0.2224,low,1660.0,open,
normal,2026-08-27 14:00:00,3598283799_453301485_0,3598283799,453301485,0,secondary,28.1,56.3,2,29.5,38.0,0.2229,low,1662.6,open,
clearing,2026-08-27 21:00:00,1754247382_2590024444_0,1754247382,2590024444,0,primary,116.8,28.57,5,51.4,60.0,0.1429,low,1469.5,open,
road_closure,2026-08-27 16:00:00,2234499385_2859788615_0,2234499385,2859788615,0,secondary,37.1,99.09,5,23.1,38.0,0.3922,moderate,2288.5,open,
normal,2026-08-27 14:00:00,660558249_3753052576_0,660558249,3753052576,0,secondary,1118.9,39.23,59,32.1,38.0,0.1553,low,1259.2,open,
peak_hour,2026-08-27 18:30:00,4275283724_3598258917_0,4275283724,3598258917,0,secondary,43.3,171.1,10,12.3,38.0,0.6773,heavy,2098.4,open,
normal,2026-08-27 14:00:00,4269692106_2988138272_0,4269692106,2988138272,0,secondary,249.4,60.93,21,28.8,38.0,0.2412,low,1757.0,open,
multiple_congested,2026-08-27 18:00:00,7694096035_7694096034_0,7694096035,7694096034,0,trunk,18.7,170.33,4,17.4,60.0,0.7097,severe,2966.7,open,
peak_hour,2026-08-27 18:30:00,4185037688_4185037690_0,4185037688,4185037690,0,secondary,14.1,217.49,4,5.3,38.0,0.8609,severe,1149.7,open,
clearing,2026-08-27 21:00:00,4198264507_2249690020_0,4198264507,2249690020,0,secondary,15.9,43.79,1,31.4,38.0,0.1733,low,1375.7,open,
clearing,2026-08-27 21:00:00,2730859732_3612545213_0,2730859732,3612545213,0,secondary,49.6,42.05,3,31.7,38.0,0.1664,low,1331.9,open,
normal,2026-08-27 14:00:00,1210848646_2852234344_0,1210848646,2852234344,0,secondary,47.9,35.74,2,40.7,50.0,0.1861,low,1454.3,open,
clearing,2026-08-27 21:00:00,11909369841_306611004_0,11909369841,306611004,0,trunk,204.2,27.25,8,53.2,60.0,0.1135,low,1449.3,open,
peak_hour,2026-08-27 18:30:00,14100563592_306612737_0,14100563592,306612737,0,secondary,50.6,214.89,15,5.7,38.0,0.8506,severe,1219.9,open,
road_closure,2026-08-27 16:00:00,663127071_13949607782_0,663127071,13949607782,0,primary,437.9,62.21,37,41.3,60.0,0.311,moderate,2571.5,open,
accident,2026-08-27 17:30:00,11226863736_11226927337_0,11226863736,11226927337,0,secondary_link,26.1,228.02,8,9.4,28.0,0.6651,heavy,2138.4,open,
multiple_congested,2026-08-27 18:00:00,308779460_308527257_0,308779460,308527257,0,secondary,3.4,187.67,1,9.8,38.0,0.7429,severe,1833.8,open,
heavy_congestion,2026-08-27 18:30:00,11202903540_7139727367_0,11202903540,7139727367,0,trunk,995.3,180.52,243,14.9,60.0,0.7522,severe,2684.2,open,
peak_hour,2026-08-27 18:30:00,3158827778_4342672717_0,3158827778,4342672717,0,primary,28.8,147.88,6,15.6,60.0,0.7394,severe,2312.4,open,
peak_hour,2026-08-27 18:30:00,2240857926_3598258326_0,2240857926,3598258326,0,secondary,43.9,177.54,11,11.3,38.0,0.7028,severe,2005.3,open,
sudden_congestion,2026-08-27 15:00:00,1779485064_6536760297_0,1779485064,6536760297,0,trunk,41.6,41.44,2,49.6,60.0,0.1727,low,2057.1,open,
multiple_congested,2026-08-27 18:00:00,7710354388_7710354410_0,7710354388,7710354410,0,secondary,9.7,211.7,3,6.2,38.0,0.838,severe,1303.3,open,
normal,2026-08-27 14:00:00,4204351891_4204351901_0,4204351891,4204351901,0,secondary,54.4,43.41,3,31.5,38.0,0.1718,low,1366.1,open,
normal,2026-08-27 14:00:00,11527556249_11527556248_0,11527556249,11527556248,0,primary_link,10.7,78.25,1,24.1,30.0,0.1956,low,1888.4,open,
road_closure,2026-08-27 16:00:00,2855073232_309713934_0,2855073232,309713934,0,secondary,76.7,66.04,7,32.8,50.0,0.3439,moderate,2166.2,open,
normal,2026-08-27 14:00:00,2726703673_2726703693_0,2726703673,2726703693,0,trunk,32.8,43.89,2,49.0,60.0,0.1829,low,2151.7,open,
road_closure,2026-08-27 16:00:00,308783168_2857520303_0,308783168,2857520303,0,secondary,66.6,77.23,7,26.4,38.0,0.3057,moderate,2037.6,open,
clearing,2026-08-27 21:00:00,3614463017_2590251084_0,3614463017,2590251084,0,secondary,91.3,42.99,5,31.5,38.0,0.1702,low,1355.6,open,
heavy_congestion,2026-08-27 18:30:00,3612549762_7713280994_0,3612549762,7713280994,0,trunk,103.0,248.53,35,6.9,50.0,0.8629,severe,1703.0,open,
peak_hour,2026-08-27 18:30:00,2491309121_2491309113_0,2491309121,2491309113,0,secondary,69.2,214.63,20,5.7,38.0,0.8496,severe,1226.8,open,
normal,2026-08-27 14:00:00,1054044526_6308390286_0,1054044526,6308390286,0,secondary,124.9,65.01,11,28.2,38.0,0.2573,low,1834.7,open,
accident,2026-08-27 17:30:00,9565446297_9565446298_0,9565446297,9565446298,0,trunk_link,7.9,225.01,2,15.9,35.0,0.5469,heavy,3568.3,open,
accident,2026-08-27 17:30:00,2189329777_3618939360_0,2189329777,3618939360,0,secondary,21.2,178.55,5,11.1,38.0,0.7068,severe,1989.6,open,
road_closure,2026-08-27 16:00:00,1317249687_308532093_0,1317249687,308532093,0,secondary,37.6,75.12,4,26.7,38.0,0.2974,low,2005.8,open,
peak_hour,2026-08-27 18:30:00,4314301880_289917153_0,4314301880,289917153,0,trunk,11.4,138.0,2,25.5,60.0,0.575,heavy,3519.0,open,
road_closure,2026-08-27 16:00:00,2841171097_2841171401_0,2841171097,2841171401,0,secondary,35.8,48.07,2,37.5,50.0,0.2504,low,1801.8,open,
sudden_congestion,2026-08-27 15:00:00,2249639348_4198264506_0,2249639348,4198264506,0,secondary,15.5,57.0,1,29.4,38.0,0.2256,low,1677.3,open,
sudden_congestion,2026-08-27 15:00:00,1945526908_1947698696_0,1945526908,1947698696,0,secondary,84.3,38.86,4,39.9,50.0,0.2024,low,1549.8,open,
peak_hour,2026-08-27 18:30:00,7663813192_2236575265_0,7663813192,2236575265,0,secondary,542.8,214.44,158,5.7,38.0,0.8488,severe,1232.0,open,
normal,2026-08-27 14:00:00,3602392840_4194559080_0,3602392840,4194559080,0,secondary,623.6,49.24,42,30.6,38.0,0.1949,low,1506.4,open,
peak_hour,2026-08-27 18:30:00,2225284026_2232018061_0,2225284026,2232018061,0,secondary,163.3,170.37,38,12.4,38.0,0.6744,heavy,2108.1,open,
peak_hour,2026-08-27 18:30:00,1428964219_4208846460_0,1428964219,4208846460,0,secondary,41.4,222.55,12,5.0,38.0,0.8809,severe,1112.8,open,
road_closure,2026-08-27 16:00:00,5999378882_5999378854_0,5999378882,5999378854,0,secondary,370.2,74.61,37,26.8,38.0,0.2953,low,1997.8,open,
clearing,2026-08-27 21:00:00,10264465722_2249842139_0,10264465722,2249842139,0,trunk,15.3,32.48,1,54.6,60.0,0.0902,low,1772.8,open,
road_closure,2026-08-27 16:00:00,2090103367_2090103368_0,2090103367,2090103368,0,secondary,40.4,89.67,5,24.5,38.0,0.355,moderate,2198.0,open,
heavy_congestion,2026-08-27 18:30:00,3994765926_7663111879_0,3994765926,7663111879,0,trunk,200.6,219.96,60,23.3,60.0,0.611,heavy,5133.9,open,
peak_hour,2026-08-27 18:30:00,4185228299_4185228295_0,4185228299,4185228295,0,secondary,107.5,177.79,26,11.3,38.0,0.7037,severe,2001.5,open,
peak_hour,2026-08-27 18:30:00,2791955583_2791955587_0,2791955583,2791955587,0,secondary,23.8,132.31,4,18.1,38.0,0.5237,heavy,2394.6,open,
multiple_congested,2026-08-27 18:00:00,2847726101_8348426916_0,2847726101,8348426916,0,secondary,72.8,195.12,19,8.7,38.0,0.7723,severe,1688.0,open,
clearing,2026-08-27 21:00:00,2236574035_2236836730_0,2236574035,2236836730,0,trunk,264.5,27.95,10,53.0,60.0,0.1165,low,1481.9,open,
normal,2026-08-27 14:00:00,571176734_7418764148_0,571176734,7418764148,0,secondary,2360.2,60.17,192,28.9,38.0,0.2382,low,1741.8,open,
accident,2026-08-27 17:30:00,7710354400_7710315065_0,7710354400,7710315065,0,secondary,71.0,129.38,12,18.5,38.0,0.5121,heavy,2398.6,open,
peak_hour,2026-08-27 18:30:00,2852571592_2852571582_0,2852571592,2852571582,0,secondary,56.5,171.69,13,12.2,38.0,0.6796,heavy,2090.3,open,
clearing,2026-08-27 21:00:00,3678632531_2726468452_0,3678632531,2726468452,0,secondary,87.5,38.13,5,32.3,38.0,0.1509,low,1230.3,open,
peak_hour,2026-08-27 18:30:00,7662847430_4206315092_0,7662847430,4206315092,0,secondary,713.5,195.83,189,8.5,38.0,0.7752,severe,1673.1,open,
accident,2026-08-27 17:30:00,660566043_2726468499_0,660566043,2726468499,0,secondary,102.5,159.89,22,13.9,38.0,0.6329,heavy,2230.4,open,
accident,2026-08-27 17:30:00,2234759327_2234759220_0,2234759327,2234759220,0,primary,494.3,199.27,133,11.4,45.0,0.7472,severe,2266.4,open,
normal,2026-08-27 14:00:00,3612546852_306621567_0,3612546852,306621567,0,secondary,21.0,57.89,2,29.3,38.0,0.2292,low,1695.8,open,
peak_hour,2026-08-27 18:30:00,4514098056_4514097734_0,4514098056,4514097734,0,secondary,136.0,131.8,24,18.2,38.0,0.5217,heavy,2395.5,open,
accident,2026-08-27 17:30:00,3820619115_3164026224_0,3820619115,3164026224,0,primary,20.3,174.55,5,7.6,60.0,0.8728,severe,1332.6,open,
heavy_congestion,2026-08-27 18:30:00,3248221126_2584898305_0,3248221126,2584898305,0,secondary,43.1,220.44,13,5.0,38.0,0.8726,severe,1102.2,open,
multiple_congested,2026-08-27 18:00:00,660558247_660558246_0,660558247,660558246,0,secondary,50.2,143.14,10,16.5,38.0,0.5666,heavy,2357.4,open,
normal,2026-08-27 14:00:00,1296563009_1296563006_0,1296563009,1296563006,0,secondary,9.4,37.91,0,32.3,38.0,0.15,low,1224.3,open,
peak_hour,2026-08-27 18:30:00,306621441_306621439_0,306621441,306621439,0,secondary,78.2,196.23,21,8.5,38.0,0.7767,severe,1664.8,open,
peak_hour,2026-08-27 18:30:00,3614460127_3614460181_0,3614460127,3614460181,0,secondary,85.8,182.6,21,10.5,38.0,0.7228,severe,1923.4,open,
accident,2026-08-27 17:30:00,11829714652_2180797254_0,11829714652,2180797254,0,trunk,63.1,189.67,16,17.1,50.0,0.6586,heavy,3237.8,open,
clearing,2026-08-27 21:00:00,2231580357_1937621737_0,2231580357,1937621737,0,secondary,46.9,43.66,3,31.4,38.0,0.1728,low,1372.5,open,
heavy_congestion,2026-08-27 18:30:00,11477738716_7672723536_0,11477738716,7672723536,0,secondary,106.8,189.72,27,9.5,38.0,0.751,severe,1795.3,open,
normal,2026-08-27 14:00:00,1296571257_2795872125_0,1296571257,2795872125,0,secondary,71.7,28.98,3,49.1,60.0,0.1811,low,1423.9,open,
accident,2026-08-27 17:30:00,3784141938_11521467366_0,3784141938,11521467366,0,trunk,70.1,122.22,12,29.4,60.0,0.5092,heavy,3598.8,open,
clearing,2026-08-27 21:00:00,3554692870_3554707877_0,3554692870,3554707877,0,secondary,776.9,35.97,38,32.6,38.0,0.1424,low,1172.2,open,
normal,2026-08-27 14:00:00,4333720095_3612564686_0,4333720095,3612564686,0,trunk,82.5,33.47,4,51.6,60.0,0.1395,low,1728.3,open,
heavy_congestion,2026-08-27 18:30:00,4204350335_3783007599_0,4204350335,3783007599,0,secondary,32.4,154.97,7,14.7,38.0,0.6134,heavy,2276.5,open,
peak_hour,2026-08-27 18:30:00,1748885330_1748882932_0,1748885330,1748882932,0,secondary,10.9,227.87,3,5.0,38.0,0.902,severe,1139.4,open,
peak_hour,2026-08-27 18:30:00,1317466170_1317462790_0,1317466170,1317462790,0,secondary,26.8,120.07,4,18.7,50.0,0.6254,heavy,2249.1,open,
sudden_congestion,2026-08-27 15:00:00,7129724437_7129724436_0,7129724437,7129724436,0,primary,65.2,67.79,6,33.6,45.0,0.2542,low,2275.1,open,
sudden_congestion,2026-08-27 15:00:00,2090103757_2090103485_0,2090103757,2090103485,0,motorway_link,58.7,62.73,5,40.2,50.0,0.196,low,2521.8,open,
accident,2026-08-27 17:30:00,312780731_306609622_0,312780731,306609622,0,secondary,94.6,135.26,17,17.7,38.0,0.5354,heavy,2388.0,open,
clearing,2026-08-27 21:00:00,2210757993_3602312724_0,2210757993,3602312724,0,primary,57.0,24.7,2,52.6,60.0,0.1235,low,1298.9,open,
heavy_congestion,2026-08-27 18:30:00,5433296929_5433277884_0,5433296929,5433277884,0,trunk,73.6,241.24,24,19.8,60.0,0.6701,heavy,4774.9,open,
accident,2026-08-27 17:30:00,2697144024_6149527461_0,2697144024,6149527461,0,secondary_link,11.0,195.71,3,12.0,28.0,0.5708,heavy,2351.9,open,
road_closure,2026-08-27 16:00:00,3205653497_3157391667_0,3205653497,3157391667,0,primary,117.7,78.72,13,31.7,45.0,0.2952,low,2496.6,open,
accident,2026-08-27 17:30:00,4201921740_4189236457_0,4201921740,4189236457,0,secondary,223.4,196.77,60,8.4,38.0,0.7789,severe,1653.3,open,
clearing,2026-08-27 21:00:00,3670020624_3670020726_0,3670020624,3670020726,0,trunk,59.2,39.69,3,43.1,50.0,0.1378,low,1711.0,open,
sudden_congestion,2026-08-27 15:00:00,3679856403_1802650832_0,3679856403,1802650832,0,secondary,47.7,45.93,3,38.0,50.0,0.2392,low,1747.3,open,
road_closure,2026-08-27 16:00:00,2243961836_2243962206_0,2243961836,2243962206,0,primary,57.5,109.82,9,27.1,50.0,0.4576,moderate,2978.4,open,
accident,2026-08-27 17:30:00,2723389089_2723389056_0,2723389089,2723389056,0,secondary,28.4,167.62,6,12.8,38.0,0.6635,heavy,2143.4,open,
clearing,2026-08-27 21:00:00,13964353647_13964353648_0,13964353647,13964353648,0,trunk_link,17.8,61.26,1,29.8,35.0,0.1489,low,1825.0,open,
road_closure,2026-08-27 16:00:00,11521698262_11521698264_0,11521698262,11521698264,0,trunk,16.1,67.6,1,43.1,60.0,0.2817,low,2913.5,open,
road_closure,2026-08-27 16:00:00,7676383116_7676699217_0,7676383116,7676699217,0,primary,401.9,78.34,43,36.5,60.0,0.3917,moderate,2859.2,open,
peak_hour,2026-08-27 18:30:00,8630789188_8630789190_0,8630789188,8630789190,0,secondary,87.6,194.88,23,8.7,38.0,0.7714,severe,1692.9,open,
multiple_congested,2026-08-27 18:00:00,2225281404_2225281469_0,2225281404,2225281469,0,secondary,69.9,175.31,17,11.6,38.0,0.6939,heavy,2039.0,open,
multiple_congested,2026-08-27 18:00:00,4196578707_7668384966_0,4196578707,7668384966,0,secondary,27.9,82.11,3,12.6,40.0,0.6843,heavy,1037.0,open,
multiple_congested,2026-08-27 18:00:00,1311326967_7096301251_0,1311326967,7096301251,0,secondary,9.8,112.23,1,5.0,40.0,0.9353,severe,561.2,open,
clearing,2026-08-27 21:00:00,7637594323_7637594331_0,7637594323,7637594331,0,secondary,43.7,44.64,3,31.3,38.0,0.1767,low,1396.5,open,
accident,2026-08-27 17:30:00,12761921761_12875056636_0,12761921761,12875056636,0,primary,163.8,108.36,24,27.5,60.0,0.5418,heavy,2979.1,open,
multiple_congested,2026-08-27 18:00:00,310446961_3317426077_0,310446961,3317426077,0,secondary,45.6,115.04,7,20.0,50.0,0.5992,heavy,2305.6,open,
multiple_congested,2026-08-27 18:00:00,3612566494_6518308371_0,3612566494,6518308371,0,primary,76.3,129.64,13,21.1,60.0,0.6482,heavy,2736.5,open,
sudden_congestion,2026-08-27 15:00:00,3612551242_13328036402_0,3612551242,13328036402,0,primary,54.8,70.69,5,35.3,50.0,0.2945,low,2493.4,open,
multiple_congested,2026-08-27 18:00:00,13504048541_13504048512_0,13504048541,13504048512,0,secondary,7.9,169.21,2,12.5,38.0,0.6698,heavy,2123.2,open,
clearing,2026-08-27 21:00:00,3182457887_3166122534_0,3182457887,3166122534,0,primary,164.9,31.24,7,50.6,60.0,0.1562,low,1581.8,open,
heavy_congestion,2026-08-27 18:30:00,1706620095_4191261807_0,1706620095,4191261807,0,secondary,81.1,130.96,14,15.9,50.0,0.6821,heavy,2081.7,open,
multiple_congested,2026-08-27 18:00:00,10704266462_3184135074_0,10704266462,3184135074,0,secondary,6.2,225.88,2,5.0,38.0,0.8941,severe,1129.4,open,
heavy_congestion,2026-08-27 18:30:00,2402896636_2090103503_0,2402896636,2090103503,0,secondary,279.4,226.35,86,5.0,38.0,0.896,severe,1131.8,open,
sudden_congestion,2026-08-27 15:00:00,3164352074_3164352073_0,3164352074,3164352073,0,primary,13.7,35.62,1,49.3,60.0,0.1781,low,1756.7,open,
heavy_congestion,2026-08-27 18:30:00,11178907552_13019357783_0,11178907552,13019357783,0,motorway,431.8,101.74,60,74.2,120.0,0.3815,moderate,7550.8,open,
normal,2026-08-27 14:00:00,4310386256_4310386278_0,4310386256,4310386278,0,secondary,104.2,38.24,5,32.2,38.0,0.1514,low,1233.3,open,
multiple_congested,2026-08-27 18:00:00,13388564741_12901399428_0,13388564741,12901399428,0,secondary,223.3,178.51,54,11.1,38.0,0.7066,severe,1990.3,open,
clearing,2026-08-27 21:00:00,4733451022_308971478_0,4733451022,308971478,0,primary,1064.6,57.05,82,48.6,60.0,0.1902,low,2772.2,open,
road_closure,2026-08-27 16:00:00,3602486758_2760699917_0,3602486758,2760699917,0,secondary,28.0,74.18,3,26.8,38.0,0.2936,low,1991.1,open,
multiple_congested,2026-08-27 18:00:00,2912526834_3207216284_0,2912526834,3207216284,0,trunk,267.6,157.06,57,20.7,60.0,0.6544,heavy,3256.6,open,
sudden_congestion,2026-08-27 15:00:00,3117448677_12043153169_0,3117448677,12043153169,0,primary,27.7,46.49,2,46.1,60.0,0.2324,low,2140.8,open,
clearing,2026-08-27 21:00:00,3612570328_6372012812_0,3612570328,6372012812,0,trunk,173.8,55.45,13,53.1,60.0,0.1155,low,2942.8,open,
road_closure,2026-08-27 16:00:00,2778813052_2778813059_0,2778813052,2778813059,0,primary,79.5,73.26,8,32.6,45.0,0.2747,low,2390.9,open,
normal,2026-08-27 14:00:00,2859386324_306609625_0,2859386324,306609625,0,secondary,16.0,49.09,1,30.6,38.0,0.1943,low,1502.9,open,
clearing,2026-08-27 21:00:00,2225281501_1568523204_0,2225281501,1568523204,0,secondary,147.1,31.58,6,33.2,38.0,0.125,low,1050.2,open,
peak_hour,2026-08-27 18:30:00,316970823_308528890_0,316970823,308528890,0,secondary,49.6,111.22,7,21.0,50.0,0.5792,heavy,2339.7,open,
accident,2026-08-27 17:30:00,3614507842_3614507846_0,3614507842,3614507846,0,secondary,8.5,96.01,1,25.0,50.0,0.5001,heavy,2400.0,open,
sudden_congestion,2026-08-27 15:00:00,3618936884_7115939351_0,3618936884,7115939351,0,secondary,796.8,67.35,73,27.9,38.0,0.2666,low,1877.0,open,
peak_hour,2026-08-27 18:30:00,7712744927_7712429919_0,7712744927,7712429919,0,secondary,16.2,167.46,4,12.8,38.0,0.6629,heavy,2145.3,open,
heavy_congestion,2026-08-27 18:30:00,3602479278_3602479297_0,3602479278,3602479297,0,secondary_link,114.2,309.64,48,5.0,28.0,0.9031,severe,1548.2,open,
heavy_congestion,2026-08-27 18:30:00,3085166357_2492131919_0,3085166357,2492131919,0,secondary,446.8,240.0,145,5.0,38.0,0.95,severe,1200.0,open,
normal,2026-08-27 14:00:00,4189232630_4189130370_0,4189232630,4189130370,0,secondary,138.6,56.79,11,29.5,38.0,0.2248,low,1672.8,open,
clearing,2026-08-27 21:00:00,11572052697_11572052684_0,11572052697,11572052684,0,secondary,7.8,39.73,0,32.0,38.0,0.1573,low,1272.4,open,
heavy_congestion,2026-08-27 18:30:00,12725276826_11059208910_0,12725276826,11059208910,0,secondary,59.0,210.08,17,6.4,38.0,0.8316,severe,1344.7,open,
heavy_congestion,2026-08-27 18:30:00,4009673582_12062469751_0,4009673582,12062469751,0,trunk,9.9,151.04,2,22.2,60.0,0.6293,heavy,3359.2,open,
clearing,2026-08-27 21:00:00,9945014468_9945014444_0,9945014468,9945014444,0,secondary,130.7,35.52,6,32.7,38.0,0.1406,low,1159.9,open,
sudden_congestion,2026-08-27 15:00:00,1750016985_1750016973_0,1750016985,1750016973,0,secondary,39.7,64.65,3,28.3,38.0,0.2559,low,1828.0,open,
accident,2026-08-27 17:30:00,1324177067_356345135_0,1324177067,356345135,0,secondary,59.6,91.97,7,25.5,60.0,0.5748,heavy,2346.2,open,
normal,2026-08-27 14:00:00,11810713537_3229454655_0,11810713537,3229454655,0,trunk,45.2,65.69,4,49.1,60.0,0.1825,low,3222.4,open,
road_closure,2026-08-27 16:00:00,7712713350_11569011238_0,7712713350,11569011238,0,secondary,198.1,66.58,18,35.0,60.0,0.4162,moderate,2332.5,open,
heavy_congestion,2026-08-27 18:30:00,2792122275_3598257557_0,2792122275,3598257557,0,secondary,21.6,164.0,5,13.3,38.0,0.6492,heavy,2186.4,open,
clearing,2026-08-27 21:00:00,3612544796_749111322_0,3612544796,749111322,0,trunk,73.7,27.66,3,53.1,60.0,0.1152,low,1468.3,open,
multiple_congested,2026-08-27 18:00:00,3973366877_5137745055_0,3973366877,5137745055,0,secondary,138.0,207.67,39,6.8,38.0,0.822,severe,1404.4,open,
normal,2026-08-27 14:00:00,2052593641_3618951064_0,2052593641,3618951064,0,secondary,219.5,45.86,14,31.1,38.0,0.1815,low,1426.3,open,
normal,2026-08-27 14:00:00,5442344878_11568965521_0,5442344878,11568965521,0,secondary,19.2,44.42,1,31.3,38.0,0.1758,low,1391.1,open,
normal,2026-08-27 14:00:00,7682662011_10281638977_0,7682662011,10281638977,0,secondary,10.2,61.47,1,28.8,38.0,0.2433,low,1767.5,open,
heavy_congestion,2026-08-27 18:30:00,3191177691_11226863736_0,3191177691,11226863736,0,secondary,155.1,228.0,48,5.0,40.0,0.95,severe,1140.0,open,
multiple_congested,2026-08-27 18:00:00,4201856807_4201856801_0,4201856807,4201856801,0,secondary,30.7,139.38,6,17.0,38.0,0.5517,heavy,2374.3,open,
multiple_congested,2026-08-27 18:00:00,2782950146_11066426647_0,2782950146,11066426647,0,secondary,34.8,206.88,10,6.9,38.0,0.8189,severe,1423.6,open,
normal,2026-08-27 14:00:00,12829715342_5436549587_0,12829715342,5436549587,0,secondary,150.8,47.41,10,30.9,38.0,0.1877,low,1463.6,open,
road_closure,2026-08-27 16:00:00,7712811896_7712811958_0,7712811896,7712811958,0,primary,8.7,87.44,1,33.8,60.0,0.4372,moderate,2952.6,open,
multiple_congested,2026-08-27 18:00:00,3224411163_1217532669_0,3224411163,1217532669,0,primary,37.0,194.54,10,12.2,45.0,0.7295,severe,2367.9,open,
sudden_congestion,2026-08-27 15:00:00,7607499278_7419122264_0,7607499278,7419122264,0,secondary,3.9,45.48,0,31.2,38.0,0.18,low,1417.0,open,
heavy_congestion,2026-08-27 18:30:00,3612572239_308944690_0,3612572239,308944690,0,secondary,68.5,240.0,22,5.0,38.0,0.95,severe,1200.0,open,
road_closure,2026-08-27 16:00:00,7830608814_3155783383_0,7830608814,3155783383,0,trunk,9.4,82.73,1,39.3,60.0,0.3447,moderate,3252.7,open,
accident,2026-08-27 17:30:00,4194679516_4328184901_0,4194679516,4328184901,0,primary,70.9,147.33,14,15.8,60.0,0.7367,severe,2327.8,open,
road_closure,2026-08-27 16:00:00,308943094_2234832732_0,308943094,2234832732,0,secondary,49.2,88.06,6,24.8,38.0,0.3486,moderate,2179.9,open,
accident,2026-08-27 17:30:00,2782803348_3618933591_0,2782803348,3618933591,0,secondary,93.5,201.69,26,7.7,38.0,0.7984,severe,1545.4,open,
sudden_congestion,2026-08-27 15:00:00,7712807232_7712811944_0,7712807232,7712811944,0,primary,56.3,57.92,4,42.6,60.0,0.2896,low,2468.9,open,
road_closure,2026-08-27 16:00:00,2432724201_11524324065_0,2432724201,11524324065,0,primary,741.0,70.15,70,33.2,45.0,0.2631,low,2326.3,open,
multiple_congested,2026-08-27 18:00:00,4196528770_5580345261_0,4196528770,5580345261,0,secondary,259.5,140.53,49,16.9,38.0,0.5563,heavy,2369.6,open,
accident,2026-08-27 17:30:00,3208607402_12574023392_0,3208607402,12574023392,0,primary,21.4,172.86,5,8.1,60.0,0.8643,severe,1407.2,open,
multiple_congested,2026-08-27 18:00:00,636405426_636402844_0,636405426,636402844,0,secondary,58.7,87.38,7,27.2,60.0,0.5461,heavy,2379.6,open,
road_closure,2026-08-27 16:00:00,7419152417_7444474677_0,7419152417,7444474677,0,primary,68.4,92.75,9,29.3,45.0,0.3478,moderate,2722.1,open,
normal,2026-08-27 14:00:00,3820619148_3820619147_0,3820619148,3820619147,0,primary,109.5,44.75,7,46.6,60.0,0.2237,low,2084.2,open,
accident,2026-08-27 17:30:00,13817694927_2795966163_0,13817694927,2795966163,0,secondary,78.2,179.38,19,11.0,38.0,0.7101,severe,1976.4,open,
multiple_congested,2026-08-27 18:00:00,308962030_10074500028_0,308962030,10074500028,0,primary,8.3,149.26,2,15.2,60.0,0.7463,severe,2272.1,open,
accident,2026-08-27 17:30:00,353688981_7718986118_0,353688981,7718986118,0,secondary,71.9,89.3,9,26.7,50.0,0.4651,moderate,2388.3,open,
clearing,2026-08-27 21:00:00,7287564143_571160809_0,7287564143,571160809,0,secondary,1656.7,31.16,70,33.3,38.0,0.1233,low,1038.0,open,
heavy_congestion,2026-08-27 18:30:00,11947041762_11947041761_0,11947041762,11947041761,0,trunk_link,17.1,265.67,6,12.4,35.0,0.6457,heavy,3294.2,open,
accident,2026-08-27 17:30:00,11367939186_3554707848_0,11367939186,3554707848,0,secondary,211.9,155.2,45,14.7,38.0,0.6143,heavy,2274.5,open,
sudden_congestion,2026-08-27 15:00:00,2222733719_3598276625_0,2222733719,3598276625,0,secondary,51.3,33.66,2,41.2,50.0,0.1753,low,1388.1,open,
peak_hour,2026-08-27 18:30:00,5915970454_13807992544_0,5915970454,13807992544,0,trunk,165.9,165.82,37,18.5,60.0,0.6909,heavy,3075.1,open,
multiple_congested,2026-08-27 18:00:00,8995535705_8995519479_0,8995535705,8995519479,0,secondary,10.5,144.88,2,16.2,38.0,0.5735,heavy,2348.2,open,
accident,2026-08-27 17:30:00,308576519_4313323095_0,308576519,4313323095,0,trunk,116.7,156.09,25,21.0,60.0,0.6504,heavy,3274.3,open,
sudden_congestion,2026-08-27 15:00:00,14014153398_14014157202_0,14014153398,14014157202,0,secondary,100.1,55.88,8,29.6,38.0,0.2212,low,1653.7,open,
sudden_congestion,2026-08-27 15:00:00,1578542410_1578542412_0,1578542410,1578542412,0,secondary,96.3,25.22,3,50.5,60.0,0.1576,low,1274.6,open,
accident,2026-08-27 17:30:00,5432705838_3229462600_0,5432705838,3229462600,0,primary,266.5,158.21,57,12.5,60.0,0.7911,severe,1983.4,open,
accident,2026-08-27 17:30:00,8389425219_7694096035_0,8389425219,7694096035,0,secondary,15.0,138.19,3,14.0,50.0,0.7197,severe,1936.5,open,
normal,2026-08-27 14:00:00,2857909803_3612542209_0,2857909803,3612542209,0,secondary,29.7,39.15,2,32.1,38.0,0.155,low,1257.2,open,
clearing,2026-08-27 21:00:00,3602309202_2231948953_0,3602309202,2231948953,0,secondary,74.5,29.82,3,33.5,38.0,0.1181,low,999.5,open,
accident,2026-08-27 17:30:00,3612567306_315062832_0,3612567306,315062832,0,primary,31.3,171.58,7,8.5,60.0,0.8579,severe,1462.8,open,
clearing,2026-08-27 21:00:00,4328527300_4328527301_0,4328527300,4328527301,0,primary_link,8.5,72.72,1,24.5,30.0,0.1818,low,1785.0,open,
peak_hour,2026-08-27 18:30:00,11854143191_11045747357_0,11854143191,11045747357,0,secondary,139.6,206.73,39,6.9,38.0,0.8183,severe,1427.4,open,
road_closure,2026-08-27 16:00:00,2236889745_13964353647_0,2236889745,13964353647,0,trunk,20.5,87.77,2,45.4,60.0,0.2438,low,3982.4,open,
road_closure,2026-08-27 16:00:00,3965281287_11947502426_0,3965281287,11947502426,0,secondary,64.5,62.36,5,36.6,60.0,0.3898,moderate,2283.3,open,
peak_hour,2026-08-27 18:30:00,634130390_635722574_0,634130390,635722574,0,secondary,60.2,159.47,13,14.0,38.0,0.6313,heavy,2234.6,open,
accident,2026-08-27 17:30:00,7530631578_4327438289_0,7530631578,4327438289,0,secondary,2076.1,171.56,483,12.2,38.0,0.6791,heavy,2092.1,open,
accident,2026-08-27 17:30:00,245640546_307055815_0,245640546,307055815,0,trunk,20.5,121.33,3,29.7,60.0,0.5056,heavy,3599.6,open,
multiple_congested,2026-08-27 18:00:00,2244766606_2244766787_0,2244766606,2244766787,0,secondary,656.1,210.68,187,6.3,38.0,0.8339,severe,1329.5,open,
heavy_congestion,2026-08-27 18:30:00,315060309_3612573944_0,315060309,3612573944,0,secondary,37.2,171.02,9,12.3,38.0,0.677,heavy,2099.3,open,
peak_hour,2026-08-27 18:30:00,2222307039_7761550443_0,2222307039,7761550443,0,primary,13.0,122.54,2,23.2,60.0,0.6127,heavy,2847.6,open,
normal,2026-08-27 14:00:00,2782873774_2782873772_0,2782873774,2782873772,0,secondary,1066.6,34.0,49,41.1,50.0,0.1771,low,1399.1,open,
accident,2026-08-27 17:30:00,4314601166_4314601156_0,4314601166,4314601156,0,secondary,247.8,183.35,62,10.4,38.0,0.7258,severe,1910.7,open,
heavy_congestion,2026-08-27 18:30:00,7702117334_11118303525_0,7702117334,11118303525,0,secondary,29.2,160.46,6,13.9,38.0,0.6351,heavy,2224.7,open,
multiple_congested,2026-08-27 18:00:00,8348447217_11064437454_0,8348447217,11064437454,0,secondary,199.0,150.53,41,15.4,38.0,0.5958,heavy,2311.8,open,
heavy_congestion,2026-08-27 18:30:00,1293103436_3547296514_0,1293103436,3547296514,0,secondary,57.8,212.66,17,6.0,38.0,0.8418,severe,1278.6,open,
normal,2026-08-27 14:00:00,11876057904_11875888312_0,11876057904,11875888312,0,secondary,87.4,39.05,5,32.1,38.0,0.1546,low,1254.6,open,
accident,2026-08-27 17:30:00,3994766020_6271146640_0,3994766020,6271146640,0,secondary,20.7,116.87,3,20.4,38.0,0.4626,moderate,2386.6,open,
multiple_congested,2026-08-27 18:00:00,11893540187_2760699867_0,11893540187,2760699867,0,secondary,19.0,229.72,6,5.0,38.0,0.9093,severe,1148.6,open,
peak_hour,2026-08-27 18:30:00,3612549862_308560138_0,3612549862,308560138,0,secondary,85.8,141.83,16,16.7,38.0,0.5614,heavy,2363.8,open,
normal,2026-08-27 14:00:00,2244118878_4333125496_0,2244118878,4333125496,0,primary,159.1,50.47,11,44.9,60.0,0.2523,low,2263.9,open,
peak_hour,2026-08-27 18:30:00,11575920016_12074884013_0,11575920016,12074884013,0,primary,13.0,214.41,4,8.8,45.0,0.8041,severe,1890.6,open,
peak_hour,2026-08-27 18:30:00,13997290896_13997290897_0,13997290896,13997290897,0,secondary,68.5,204.73,19,7.2,38.0,0.8104,severe,1475.0,open,
normal,2026-08-27 14:00:00,4313223617_4313223631_0,4313223617,4313223631,0,trunk,45.8,35.25,2,51.2,60.0,0.1469,low,1804.5,open,
sudden_congestion,2026-08-27 15:00:00,3614507421_11138680803_0,3614507421,11138680803,0,secondary,18.1,59.95,1,29.0,38.0,0.2373,low,1737.5,open,
road_closure,2026-08-27 16:00:00,2242581827_13770307075_0,2242581827,13770307075,0,trunk,59.0,56.28,4,45.9,60.0,0.2345,low,2585.0,open,
accident,2026-08-27 17:30:00,2214196883_3669611867_0,2214196883,3669611867,0,secondary,141.3,140.19,27,16.9,38.0,0.5549,heavy,2371.0,open,
accident,2026-08-27 17:30:00,14074492399_13504048508_0,14074492399,13504048508,0,secondary,3.8,140.22,1,16.9,38.0,0.555,heavy,2370.9,open,
clearing,2026-08-27 21:00:00,3612572845_3612572592_0,3612572845,3612572592,0,primary,44.8,48.29,3,39.9,50.0,0.2012,low,1928.5,open,
accident,2026-08-27 17:30:00,1318409229_1318414083_0,1318409229,1318414083,0,secondary,292.0,107.67,43,19.6,60.0,0.6729,heavy,2113.0,open,
road_closure,2026-08-27 16:00:00,2441127657_3154922852_0,2441127657,3154922852,0,primary,40.3,118.76,6,25.0,45.0,0.4453,moderate,2964.1,open,
clearing,2026-08-27 21:00:00,3612544281_3612544291_0,3612544281,3612544291,0,trunk_link,23.6,45.39,1,31.1,35.0,0.1103,low,1413.3,open,
heavy_congestion,2026-08-27 18:30:00,12891719001_7702117341_0,12891719001,7702117341,0,trunk,493.2,158.87,106,20.3,60.0,0.662,heavy,3222.2,open,
road_closure,2026-08-27 16:00:00,13344054199_6520278624_0,13344054199,6520278624,0,trunk,34.8,62.94,3,44.3,60.0,0.2623,low,2786.1,open,
road_closure,2026-08-27 16:00:00,7712429920_7712429914_0,7712429920,7712429914,0,secondary,192.8,97.01,25,23.4,38.0,0.384,moderate,2270.8,open,
multiple_congested,2026-08-27 18:00:00,12412394745_9774930665_0,12412394745,9774930665,0,primary,71.2,182.64,18,23.5,60.0,0.6088,heavy,4286.9,open,
road_closure,2026-08-27 16:00:00,364679320_4267591151_0,364679320,4267591151,0,secondary,32.8,65.83,3,28.1,38.0,0.2606,low,1849.6,open,
heavy_congestion,2026-08-27 18:30:00,6570831628_4201957485_0,6570831628,4201957485,0,secondary,88.7,177.83,21,5.0,50.0,0.9262,severe,889.2,open,
multiple_congested,2026-08-27 18:00:00,3550345355_7676492873_0,3550345355,7676492873,0,secondary,35.3,199.13,10,8.0,38.0,0.7882,severe,1602.4,open,
normal,2026-08-27 14:00:00,12174313660_3735974025_0,12174313660,3735974025,0,trunk,20.2,42.36,1,49.4,60.0,0.1765,low,2093.1,open,
accident,2026-08-27 17:30:00,11947065780_3665228863_0,11947065780,3665228863,0,secondary,12.5,185.22,3,10.1,38.0,0.7332,severe,1878.1,open,
accident,2026-08-27 17:30:00,13930464147_13930464146_0,13930464147,13930464146,0,secondary_link,15.6,207.32,4,11.1,28.0,0.6047,heavy,2294.8,open,
normal,2026-08-27 14:00:00,4194572581_2726689146_0,4194572581,2726689146,0,secondary,102.8,38.3,5,45.6,60.0,0.2394,low,1748.0,open,
normal,2026-08-27 14:00:00,1748889420_1750016953_0,1748889420,1750016953,0,secondary,41.8,63.54,4,28.4,38.0,0.2515,low,1807.3,open,
accident,2026-08-27 17:30:00,3166299620_10722607105_0,3166299620,10722607105,0,secondary,7.6,110.86,1,21.1,50.0,0.5774,heavy,2342.5,open,
accident,2026-08-27 17:30:00,2780909418_2237525001_0,2780909418,2237525001,0,secondary,43.1,168.12,10,12.7,38.0,0.6655,heavy,2137.1,open,
normal,2026-08-27 14:00:00,11462344044_11462344042_0,11462344044,11462344042,0,primary,28.7,43.32,2,37.7,45.0,0.1624,low,1632.7,open,
clearing,2026-08-27 21:00:00,11893315258_4308409973_0,11893315258,4308409973,0,secondary,612.3,29.27,24,42.4,50.0,0.1525,low,1240.4,open,
heavy_congestion,2026-08-27 18:30:00,7531802647_7532218212_0,7531802647,7532218212,0,secondary,19.1,164.12,4,13.3,38.0,0.6496,heavy,2185.1,open,
clearing,2026-08-27 21:00:00,3204190486_3147096431_0,3204190486,3147096431,0,primary,25.7,29.56,1,51.1,60.0,0.1478,low,1511.3,open,
multiple_congested,2026-08-27 18:00:00,321187463_12254860495_0,321187463,12254860495,0,secondary,24.1,140.21,5,16.9,38.0,0.555,heavy,2371.0,open,
accident,2026-08-27 17:30:00,2590400296_12064285068_0,2590400296,12064285068,0,secondary,168.8,198.59,45,8.1,38.0,0.7861,severe,1614.4,open,
multiple_congested,2026-08-27 18:00:00,7673700026_2244960891_0,7673700026,2244960891,0,primary,266.2,172.33,62,15.9,45.0,0.6462,heavy,2743.4,open,
heavy_congestion,2026-08-27 18:30:00,11828196198_7702117338_0,11828196198,7702117338,0,secondary,714.9,204.63,198,7.2,38.0,0.81,severe,1477.4,open,
heavy_congestion,2026-08-27 18:30:00,3612572587_3612572592_0,3612572587,3612572592,0,primary,6.2,207.89,2,6.7,50.0,0.8662,severe,1390.6,open,
heavy_congestion,2026-08-27 18:30:00,2730650222_11549188745_0,2730650222,11549188745,0,trunk,70.7,168.37,16,17.9,60.0,0.7015,severe,3015.1,open,
road_closure,2026-08-27 16:00:00,11568873779_11568873774_0,11568873779,11568873774,0,secondary,4.2,65.55,0,28.1,38.0,0.2595,low,1844.5,open,
sudden_congestion,2026-08-27 15:00:00,7702021546_7702021556_0,7702021546,7702021556,0,secondary,39.3,57.59,3,29.3,38.0,0.228,low,1689.6,open,
peak_hour,2026-08-27 18:30:00,571350050_11521715252_0,571350050,11521715252,0,trunk,271.3,159.42,59,20.1,60.0,0.6642,heavy,3211.6,open,
peak_hour,2026-08-27 18:30:00,9729732266_3612571049_0,9729732266,3612571049,0,primary,76.5,188.78,20,5.0,60.0,0.9439,severe,943.9,open,
accident,2026-08-27 17:30:00,7604438843_3618956003_0,7604438843,3618956003,0,primary,248.2,144.13,48,20.0,50.0,0.6005,heavy,2878.7,open,
multiple_congested,2026-08-27 18:00:00,308597325_3217011436_0,308597325,3217011436,0,primary,37.7,187.21,10,5.0,60.0,0.936,severe,936.0,open,
road_closure,2026-08-27 16:00:00,12142009193_2581958986_0,12142009193,2581958986,0,secondary,175.4,65.46,16,28.2,38.0,0.2591,low,1842.9,open,
heavy_congestion,2026-08-27 18:30:00,928699962_644722303_0,928699962,644722303,0,secondary,80.2,158.88,17,14.1,38.0,0.6289,heavy,2240.5,open,
multiple_congested,2026-08-27 18:00:00,2803360763_2803360759_0,2803360763,2803360759,0,secondary,23.0,106.53,3,20.1,60.0,0.6658,heavy,2136.1,open,
sudden_congestion,2026-08-27 15:00:00,7015811265_10706269054_0,7015811265,10706269054,0,secondary,21.9,39.73,1,45.1,60.0,0.2483,low,1791.8,open,
clearing,2026-08-27 21:00:00,13817694923_13817694926_0,13817694923,13817694926,0,secondary,47.9,27.45,2,33.9,38.0,0.1087,low,929.7,open,
normal,2026-08-27 14:00:00,3249116319_289896036_0,3249116319,289896036,0,primary,9.7,60.91,1,47.8,60.0,0.203,low,2912.5,open,
peak_hour,2026-08-27 18:30:00,3670018846_3670018844_0,3670018846,3670018844,0,primary,10.7,247.41,4,5.0,45.0,0.9278,severe,1237.0,open,
sudden_congestion,2026-08-27 15:00:00,3943263741_2766337749_0,3943263741,2766337749,0,secondary,57.8,25.76,2,50.3,60.0,0.161,low,1296.6,open,
road_closure,2026-08-27 16:00:00,3217128950_6308174540_0,3217128950,6308174540,0,primary,27.2,79.41,3,36.2,60.0,0.3971,moderate,2872.9,open,
normal,2026-08-27 14:00:00,1699091369_1699091367_0,1699091369,1699091367,0,primary,49.8,73.88,5,45.2,60.0,0.2463,low,3341.2,open,
sudden_congestion,2026-08-27 15:00:00,3614584151_3614584416_0,3614584151,3614584416,0,secondary,177.7,66.16,16,28.0,38.0,0.2619,low,1855.6,open,
multiple_congested,2026-08-27 18:00:00,4009677194_4009677192_0,4009677194,4009677192,0,trunk,69.6,188.73,18,12.8,60.0,0.7864,severe,2418.9,open,
clearing,2026-08-27 21:00:00,3169797855_12721974317_0,3169797855,12721974317,0,trunk,62.3,28.79,2,52.8,60.0,0.12,low,1520.4,open,
normal,2026-08-27 14:00:00,3602483522_4189179739_0,3602483522,4189179739,0,secondary,77.7,46.14,5,31.1,38.0,0.1826,low,1433.0,open,
normal,2026-08-27 14:00:00,3579902659_2744203189_0,3579902659,2744203189,0,secondary,51.8,49.51,3,30.6,38.0,0.196,low,1512.6,open,
normal,2026-08-27 14:00:00,2243962899_2243962805_0,2243962899,2243962805,0,secondary,49.6,58.5,4,29.2,38.0,0.2315,low,1708.2,open,
sudden_congestion,2026-08-27 15:00:00,3614580959_11050428524_0,3614580959,11050428524,0,secondary,30.0,20.15,1,33.3,40.0,0.1679,low,670.7,open,
multiple_congested,2026-08-27 18:00:00,2586710520_2593908718_0,2586710520,2593908718,0,trunk,41.7,126.9,7,28.3,60.0,0.5287,heavy,3588.1,open,
multiple_congested,2026-08-27 18:00:00,3648968971_11521181383_0,3648968971,11521181383,0,trunk,303.4,121.56,50,29.6,60.0,0.5065,heavy,3599.4,open,
multiple_congested,2026-08-27 18:00:00,11539602700_11539602701_0,11539602700,11539602701,0,trunk_link,8.6,220.28,3,16.3,35.0,0.5354,heavy,3582.0,open,
clearing,2026-08-27 21:00:00,2188391585_2247669355_0,2188391585,2247669355,0,trunk,203.8,27.38,8,53.2,60.0,0.1141,low,1455.3,open,
peak_hour,2026-08-27 18:30:00,9467870446_3614571602_0,9467870446,3614571602,0,primary,11.8,162.53,3,17.6,45.0,0.6095,heavy,2856.2,open,
accident,2026-08-27 17:30:00,3784115106_3784115111_0,3784115106,3784115111,0,secondary,344.4,157.4,73,14.3,38.0,0.623,heavy,2254.7,open,
accident,2026-08-27 17:30:00,3835262336_3579902944_0,3835262336,3579902944,0,secondary,14.8,186.8,4,9.9,38.0,0.7394,severe,1849.8,open,
multiple_congested,2026-08-27 18:00:00,306598187_3612554676_0,306598187,3612554676,0,trunk,42.5,156.25,9,20.9,60.0,0.651,heavy,3271.5,open,
sudden_congestion,2026-08-27 15:00:00,9729732266_3612571049_0,9729732266,3612571049,0,primary,76.5,56.74,6,43.0,60.0,0.2837,low,2438.6,open,
heavy_congestion,2026-08-27 18:30:00,315060311_308795901_0,315060311,308795901,0,primary,97.5,190.0,25,5.0,60.0,0.95,severe,950.0,open,
peak_hour,2026-08-27 18:30:00,4313445801_11527742359_0,4313445801,11527742359,0,primary,29.4,189.51,8,5.0,60.0,0.9475,severe,947.5,open,
accident,2026-08-27 17:30:00,11527773037_11527773025_0,11527773037,11527773025,0,secondary,36.3,120.23,6,19.9,38.0,0.4759,moderate,2394.4,open,
accident,2026-08-27 17:30:00,2686451308_2686451332_0,2686451308,2686451332,0,secondary,411.8,132.3,74,18.1,38.0,0.5237,heavy,2394.6,open,
multiple_congested,2026-08-27 18:00:00,3550344358_1657353222_0,3550344358,1657353222,0,primary,202.3,253.33,69,5.0,45.0,0.95,severe,1266.7,open,
sudden_congestion,2026-08-27 15:00:00,6150247776_6150247777_0,6150247776,6150247777,0,primary_link,10.1,117.95,2,21.2,30.0,0.2949,low,2495.0,open,
accident,2026-08-27 17:30:00,11217775321_2852247105_0,11217775321,2852247105,0,secondary,99.7,168.87,23,12.6,38.0,0.6684,heavy,2127.6,open,
road_closure,2026-08-27 16:00:00,11946907381_11946907382_0,11946907381,11946907382,0,secondary_link,11.3,84.81,1,21.1,28.0,0.2474,low,1787.3,open,
road_closure,2026-08-27 16:00:00,1945691628_3598261636_0,1945691628,3598261636,0,secondary,277.8,81.94,31,25.7,38.0,0.3244,moderate,2103.8,open,
sudden_congestion,2026-08-27 15:00:00,4198379529_9766654004_0,4198379529,9766654004,0,primary,260.4,64.25,23,36.6,50.0,0.2677,low,2352.5,open,
normal,2026-08-27 14:00:00,3079129737_1948637923_0,3079129737,1948637923,0,primary,58.4,55.14,4,49.0,60.0,0.1838,low,2700.2,open,
clearing,2026-08-27 21:00:00,11572110124_571356031_0,11572110124,571356031,0,trunk,249.2,24.84,8,53.8,60.0,0.1035,low,1336.3,open,
normal,2026-08-27 14:00:00,7571861260_7569110468_0,7571861260,7569110468,0,secondary,545.0,52.7,39,30.1,38.0,0.2086,low,1584.9,open,
normal,2026-08-27 14:00:00,10722789428_10722607108_0,10722789428,10722607108,0,secondary_link,5.4,57.93,0,23.3,28.0,0.169,low,1347.9,open,
multiple_congested,2026-08-27 18:00:00,3207195562_3598265154_0,3207195562,3598265154,0,primary,104.2,145.83,21,16.2,60.0,0.7292,severe,2369.8,open,
multiple_congested,2026-08-27 18:00:00,1699091358_5430775786_0,1699091358,5430775786,0,primary,18.1,190.0,5,5.0,60.0,0.95,severe,950.0,open,
clearing,2026-08-27 21:00:00,306605333_3612556081_0,306605333,3612556081,0,primary,55.4,27.61,2,51.7,60.0,0.138,low,1427.7,open,
accident,2026-08-27 17:30:00,12723312086_12723312087_0,12723312086,12723312087,0,trunk_link,9.7,234.98,3,15.0,35.0,0.5711,heavy,3527.1,open,
normal,2026-08-27 14:00:00,349267519_349267660_0,349267519,349267660,0,primary,50.7,78.95,5,44.2,60.0,0.2632,low,3490.3,open,
road_closure,2026-08-27 16:00:00,4116753186_4116753491_0,4116753186,4116753491,0,secondary,58.6,104.3,8,22.3,38.0,0.4128,moderate,2327.1,open,
heavy_congestion,2026-08-27 18:30:00,2236748201_2236748180_0,2236748201,2236748180,0,secondary,79.9,143.23,16,6.3,60.0,0.8952,severe,900.6,open,
accident,2026-08-27 17:30:00,2686451269_3614513043_0,2686451269,3614513043,0,trunk,482.8,124.78,82,28.8,60.0,0.5199,heavy,3594.3,open,
peak_hour,2026-08-27 18:30:00,3648966616_3669594770_0,3648966616,3669594770,0,primary,255.6,172.15,60,15.9,45.0,0.6456,heavy,2745.7,open,
multiple_congested,2026-08-27 18:00:00,1872525497_3598267568_0,1872525497,3598267568,0,trunk,94.4,174.76,22,16.3,60.0,0.7282,severe,2850.4,open,
accident,2026-08-27 17:30:00,3598256781_13797782607_0,3598256781,13797782607,0,primary,227.0,123.62,38,22.9,60.0,0.6181,heavy,2832.7,open,
road_closure,2026-08-27 16:00:00,2803146438_3618932265_0,2803146438,3618932265,0,secondary,63.3,72.24,6,27.1,38.0,0.286,low,1960.2,open,
road_closure,2026-08-27 16:00:00,3602395924_453301637_0,3602395924,453301637,0,secondary,55.1,97.77,7,23.3,38.0,0.387,moderate,2277.4,open,
accident,2026-08-27 17:30:00,2090009839_10277247199_0,2090009839,10277247199,0,secondary,1008.0,172.75,236,12.0,38.0,0.6838,heavy,2075.7,open,
accident,2026-08-27 17:30:00,2852277890_308530096_0,2852277890,308530096,0,secondary,41.8,96.34,5,24.9,50.0,0.5017,heavy,2400.0,open,
normal,2026-08-27 14:00:00,4182402956_2855064031_0,4182402956,2855064031,0,secondary,13.4,46.02,1,38.0,50.0,0.2397,low,1749.5,open,
road_closure,2026-08-27 16:00:00,7594417865_7594339146_0,7594417865,7594339146,0,secondary,72.8,80.09,8,26.0,38.0,0.317,moderate,2078.5,open,
sudden_congestion,2026-08-27 15:00:00,3547283687_3547283703_0,3547283687,3547283703,0,primary,41.1,37.47,2,48.8,60.0,0.1873,low,1826.9,open,
multiple_congested,2026-08-27 18:00:00,11202903619_7139727367_0,11202903619,7139727367,0,trunk,406.5,150.0,83,22.5,60.0,0.625,heavy,3374.9,open,
heavy_congestion,2026-08-27 18:30:00,3612547957_2858365071_0,3612547957,2858365071,0,secondary,59.8,159.44,13,14.0,38.0,0.6311,heavy,2235.0,open,
heavy_congestion,2026-08-27 18:30:00,2590400296_2590251087_0,2590400296,2590251087,0,secondary_link,6.6,325.71,3,5.0,28.0,0.95,severe,1628.6,open,
sudden_congestion,2026-08-27 15:00:00,13185674398_7715912289_0,13185674398,7715912289,0,primary,9.9,40.2,1,47.9,60.0,0.201,low,1927.2,open,
sudden_congestion,2026-08-27 15:00:00,2794267894_2794267889_0,2794267894,2794267889,0,trunk,32.2,37.54,2,50.6,60.0,0.1564,low,1900.0,open,
accident,2026-08-27 17:30:00,2222306501_308962033_0,2222306501,308962033,0,primary,94.7,108.24,14,27.5,60.0,0.5412,heavy,2979.6,open,
multiple_congested,2026-08-27 18:00:00,6372002072_6372002069_0,6372002072,6372002069,0,secondary,96.5,138.15,18,8.2,60.0,0.8634,severe,1132.2,open,
heavy_congestion,2026-08-27 18:30:00,1948637918_6149782988_0,1948637918,6149782988,0,primary,67.9,285.0,26,5.0,60.0,0.95,severe,1425.0,open,
clearing,2026-08-27 21:00:00,2782950465_2988138461_0,2782950465,2988138461,0,secondary,6.1,31.94,0,33.2,38.0,0.1264,low,1060.2,open,
sudden_congestion,2026-08-27 15:00:00,1598106998_7173932620_0,1598106998,7173932620,0,primary_link,20.9,96.49,3,22.8,30.0,0.2412,low,2196.4,open,
peak_hour,2026-08-27 18:30:00,3602487372_596394311_0,3602487372,596394311,0,secondary_link,139.6,183.08,35,13.0,28.0,0.534,heavy,2388.9,open,
multiple_congested,2026-08-27 18:00:00,12669525727_3602479550_0,12669525727,3602479550,0,secondary,605.5,164.31,135,13.3,38.0,0.6504,heavy,2182.8,open,
sudden_congestion,2026-08-27 15:00:00,13243052424_11383594590_0,13243052424,11383594590,0,secondary,1429.3,45.27,88,31.2,38.0,0.1792,low,1411.9,open,
multiple_congested,2026-08-27 18:00:00,1317224869_3612564951_0,1317224869,3612564951,0,primary,45.2,185.63,11,11.3,50.0,0.7734,severe,2102.7,open,
heavy_congestion,2026-08-27 18:30:00,11947121785_3155761354_0,11947121785,3155761354,0,trunk,4.1,208.38,1,7.9,60.0,0.8683,severe,1647.1,open,
clearing,2026-08-27 21:00:00,12746994193_12746994200_0,12746994193,12746994200,0,trunk,19.8,21.93,1,54.5,60.0,0.0914,low,1195.6,open,
heavy_congestion,2026-08-27 18:30:00,3871760046_1438287600_0,3871760046,1438287600,0,secondary,38.0,184.8,10,10.2,38.0,0.7315,severe,1885.6,open,
normal,2026-08-27 14:00:00,7669037201_3506474688_0,7669037201,3506474688,0,secondary,42.7,61.49,4,28.8,38.0,0.2434,low,1767.8,open,
multiple_congested,2026-08-27 18:00:00,13382867232_1930611135_0,13382867232,1930611135,0,primary,170.2,176.54,41,15.2,45.0,0.662,heavy,2685.0,open,
road_closure,2026-08-27 16:00:00,11158309804_2852277870_0,11158309804,2852277870,0,secondary,14.5,78.06,2,29.7,50.0,0.4066,moderate,2316.2,open,
heavy_congestion,2026-08-27 18:30:00,7571991468_7572077491_0,7571991468,7572077491,0,secondary,122.9,151.82,25,15.2,38.0,0.601,heavy,2302.1,open,
accident,2026-08-27 17:30:00,12741205345_308525946_0,12741205345,308525946,0,primary_link,6.9,327.78,3,5.4,30.0,0.8195,severe,1775.4,open,
multiple_congested,2026-08-27 18:00:00,1274215117_3598282773_0,1274215117,3598282773,0,secondary,18.3,175.95,4,11.5,38.0,0.6965,heavy,2029.5,open,
sudden_congestion,2026-08-27 15:00:00,1297372380_2583758931_0,1297372380,2583758931,0,secondary,78.8,41.28,4,44.5,60.0,0.258,low,1837.7,open,
accident,2026-08-27 17:30:00,11901194021_3618951050_0,11901194021,3618951050,0,secondary,16.4,149.18,3,15.6,38.0,0.5905,heavy,2321.4,open,
peak_hour,2026-08-27 18:30:00,13754159675_13754159676_0,13754159675,13754159676,0,secondary,18.7,224.71,6,5.0,38.0,0.8895,severe,1123.5,open,
multiple_congested,2026-08-27 18:00:00,2730650460_306593196_0,2730650460,306593196,0,trunk,402.1,137.76,75,26.1,55.0,0.5261,heavy,3590.2,open,
sudden_congestion,2026-08-27 15:00:00,11868129020_2234832715_0,11868129020,2234832715,0,secondary,20.7,63.6,2,28.4,38.0,0.2517,low,1808.3,open,
heavy_congestion,2026-08-27 18:30:00,12079748819_12079654405_0,12079748819,12079654405,0,secondary,963.1,240.0,313,5.0,38.0,0.95,severe,1200.0,open,
multiple_congested,2026-08-27 18:00:00,4253850545_307096070_0,4253850545,307096070,0,primary,134.6,188.37,34,13.2,45.0,0.7064,severe,2488.8,open,
peak_hour,2026-08-27 18:30:00,1813453211_2180797262_0,1813453211,2180797262,0,secondary,463.7,141.9,89,13.0,50.0,0.7391,severe,1851.2,open,
peak_hour,2026-08-27 18:30:00,5232341516_5230196826_0,5232341516,5230196826,0,secondary,42.7,161.12,9,13.8,38.0,0.6378,heavy,2217.8,open,
normal,2026-08-27 14:00:00,3602487137_3602487121_0,3602487137,3602487121,0,secondary,25.6,60.03,2,29.0,38.0,0.2376,low,1739.1,open,
clearing,2026-08-27 21:00:00,3158978757_11564229702_0,3158978757,11564229702,0,secondary,117.8,18.93,3,52.9,60.0,0.1183,low,1001.5,open,
multiple_congested,2026-08-27 18:00:00,7682659528_364697604_0,7682659528,364697604,0,secondary_link,7.1,307.06,3,5.0,28.0,0.8956,severe,1535.3,open,
sudden_congestion,2026-08-27 15:00:00,1395633105_315076201_0,1395633105,315076201,0,primary,44.9,40.57,2,47.8,60.0,0.2029,low,1940.5,open,
road_closure,2026-08-27 16:00:00,12761969562_350444591_0,12761969562,350444591,0,primary_link,23.0,145.03,5,19.1,30.0,0.3626,moderate,2773.4,open,
peak_hour,2026-08-27 18:30:00,12725276829_12725276828_0,12725276829,12725276828,0,secondary_link,10.3,276.51,4,5.4,28.0,0.8065,severe,1498.3,open,
sudden_congestion,2026-08-27 15:00:00,10081763564_11760272258_0,10081763564,11760272258,0,secondary,722.3,52.89,52,30.0,38.0,0.2093,low,1588.9,open,
clearing,2026-08-27 21:00:00,1312214538_353721713_0,1312214538,353721713,0,secondary,158.5,26.99,6,49.9,60.0,0.1687,low,1346.2,open,
peak_hour,2026-08-27 18:30:00,11066399445_321703744_0,11066399445,321703744,0,primary,68.8,159.27,15,12.2,60.0,0.7964,severe,1946.0,open,
peak_hour,2026-08-27 18:30:00,2760699894_3602486636_0,2760699894,3602486636,0,secondary,55.0,182.71,14,10.5,38.0,0.7232,severe,1921.6,open,
road_closure,2026-08-27 16:00:00,7656684038_4201593389_0,7656684038,4201593389,0,trunk,82.1,80.33,9,39.9,60.0,0.3347,moderate,3206.6,open,
multiple_congested,2026-08-27 18:00:00,7695123607_3614580723_0,7695123607,3614580723,0,secondary,67.7,176.55,16,11.4,38.0,0.6988,heavy,2020.5,open,
road_closure,2026-08-27 16:00:00,2570397505_2570959392_0,2570397505,2570959392,0,secondary,15.0,90.85,2,24.3,38.0,0.3596,moderate,2210.8,open,
peak_hour,2026-08-27 18:30:00,2405419768_13243052426_0,2405419768,13243052426,0,secondary,329.7,140.94,63,16.8,38.0,0.5579,heavy,2367.8,open,
clearing,2026-08-27 21:00:00,13111789121_13111789122_0,13111789121,13111789122,0,primary_link,8.1,49.49,1,26.3,30.0,0.1237,low,1301.0,open,
clearing,2026-08-27 21:00:00,2590217055_2590217046_0,2590217055,2590217046,0,secondary_link,10.2,37.38,1,24.9,28.0,0.109,low,932.4,open,
sudden_congestion,2026-08-27 15:00:00,3532605970_3532605961_0,3532605970,3532605961,0,primary,28.0,52.62,2,36.1,45.0,0.1973,low,1900.7,open,
normal,2026-08-27 14:00:00,2744203666_2744203655_0,2744203666,2744203655,0,trunk,49.7,43.88,3,49.0,60.0,0.1828,low,2151.3,open,
multiple_congested,2026-08-27 18:00:00,2593937246_2593937251_0,2593937246,2593937251,0,secondary,99.2,174.32,23,5.0,50.0,0.9079,severe,871.6,open,
road_closure,2026-08-27 16:00:00,3975435480_7597307640_0,3975435480,7597307640,0,secondary,69.5,102.5,10,22.6,38.0,0.4057,moderate,2314.7,open,
normal,2026-08-27 14:00:00,3598260042_3154074785_0,3598260042,3154074785,0,secondary,43.9,49.65,3,30.5,38.0,0.1965,low,1515.9,open,
normal,2026-08-27 14:00:00,308532034_734984926_0,308532034,734984926,0,secondary,24.8,38.0,1,40.1,50.0,0.1979,low,1523.9,open,
normal,2026-08-27 14:00:00,4197100128_2726468465_0,4197100128,2726468465,0,secondary,102.4,45.86,6,38.1,50.0,0.2388,low,1745.2,open,
multiple_congested,2026-08-27 18:00:00,3579901213_3579901395_0,3579901213,3579901395,0,secondary,205.1,135.33,38,17.6,38.0,0.5357,heavy,2387.8,open,
accident,2026-08-27 17:30:00,3664991216_2090103653_0,3664991216,2090103653,0,secondary,18.1,136.3,3,17.5,38.0,0.5395,heavy,2385.0,open,
accident,2026-08-27 17:30:00,2210776936_10572790417_0,2210776936,10572790417,0,primary,59.4,187.5,15,13.4,45.0,0.7031,severe,2504.8,open,
heavy_congestion,2026-08-27 18:30:00,312790269_2738998041_0,312790269,2738998041,0,secondary,74.9,233.44,24,5.0,38.0,0.924,severe,1167.2,open,
accident,2026-08-27 17:30:00,2782802956_3598284261_0,2782802956,3598284261,0,secondary,43.1,139.06,8,17.1,38.0,0.5504,heavy,2375.6,open,
heavy_congestion,2026-08-27 18:30:00,13048077912_9567657308_0,13048077912,9567657308,0,primary,130.8,174.95,31,7.5,60.0,0.8748,severe,1314.6,open,
multiple_congested,2026-08-27 18:00:00,2794316810_2794316813_0,2794316810,2794316813,0,secondary,18.7,191.67,5,9.2,38.0,0.7587,severe,1757.5,open,
heavy_congestion,2026-08-27 18:30:00,11840437170_9867361507_0,11840437170,9867361507,0,trunk,294.5,213.51,85,6.6,60.0,0.8896,severe,1413.9,open,
multiple_congested,2026-08-27 18:00:00,571152682_11846684949_0,571152682,11846684949,0,trunk_link,8.3,349.72,4,5.2,35.0,0.85,severe,1835.8,open,
heavy_congestion,2026-08-27 18:30:00,2822548700_2822548718_0,2822548700,2822548718,0,secondary,31.1,223.64,9,5.0,38.0,0.8852,severe,1118.2,open,
road_closure,2026-08-27 16:00:00,6528302158_308943017_0,6528302158,308943017,0,secondary,60.4,98.04,8,23.3,38.0,0.3881,moderate,2279.7,open,
road_closure,2026-08-27 16:00:00,11569011255_13394458572_0,11569011255,13394458572,0,secondary,150.1,60.53,12,37.3,60.0,0.3783,moderate,2257.8,open,
multiple_congested,2026-08-27 18:00:00,3182182938_3146860390_0,3182182938,3146860390,0,primary_link,40.1,289.45,16,8.3,30.0,0.7236,severe,2399.9,open,
clearing,2026-08-27 21:00:00,1259088717_1869496180_0,1259088717,1869496180,0,primary,17.1,40.09,1,48.0,60.0,0.2004,low,1923.1,open,
clearing,2026-08-27 21:00:00,1987984264_1987984277_0,1987984264,1987984277,0,secondary,111.2,17.52,3,53.4,60.0,0.1095,low,936.2,open,
accident,2026-08-27 17:30:00,2090103503_2090103753_0,2090103503,2090103753,0,secondary,49.8,125.85,8,19.1,38.0,0.4982,moderate,2400.0,open,
heavy_congestion,2026-08-27 18:30:00,11826843896_7690166072_0,11826843896,7690166072,0,primary_link,11.2,380.0,6,5.0,30.0,0.95,severe,1900.0,open,
normal,2026-08-27 14:00:00,6385189365_1748006174_0,6385189365,1748006174,0,secondary,40.3,62.55,3,28.6,38.0,0.2476,low,1788.3,open,
accident,2026-08-27 17:30:00,3618949557_13671621901_0,3618949557,13671621901,0,secondary,372.6,182.87,92,10.5,38.0,0.7238,severe,1919.0,open,
heavy_congestion,2026-08-27 18:30:00,5232370003_5232370018_0,5232370003,5232370018,0,secondary,59.6,219.3,18,5.0,38.0,0.868,severe,1099.6,open,
heavy_congestion,2026-08-27 18:30:00,309703206_2234832536_0,309703206,2234832536,0,secondary,42.2,152.0,9,5.0,60.0,0.95,severe,760.0,open,
normal,2026-08-27 14:00:00,2232016954_2225281333_0,2232016954,2225281333,0,secondary,77.8,36.96,4,32.4,38.0,0.1463,low,1199.0,open,
heavy_congestion,2026-08-27 18:30:00,4009677253_12234508474_0,4009677253,12234508474,0,trunk_link,13.6,316.63,6,8.1,35.0,0.7696,severe,2553.4,open,
multiple_congested,2026-08-27 18:00:00,3598255851_13388539095_0,3598255851,13388539095,0,secondary,15.5,161.62,3,13.7,38.0,0.6398,heavy,2212.5,open,
peak_hour,2026-08-27 18:30:00,571173651_3618962202_0,571173651,3618962202,0,secondary,155.6,227.16,48,5.0,38.0,0.8992,severe,1135.8,open,
multiple_congested,2026-08-27 18:00:00,4180702322_4180702324_0,4180702322,4180702324,0,secondary,103.8,223.98,31,5.0,38.0,0.8866,severe,1119.9,open,
multiple_congested,2026-08-27 18:00:00,3547294241_2859815936_0,3547294241,2859815936,0,secondary,55.7,164.98,12,7.0,50.0,0.8593,severe,1160.9,open,
multiple_congested,2026-08-27 18:00:00,4183057919_11363420177_0,4183057919,11363420177,0,primary,655.1,190.0,169,5.0,60.0,0.95,severe,950.0,open,
road_closure,2026-08-27 16:00:00,8588641475_8588641477_0,8588641475,8588641477,0,trunk,121.5,75.84,12,36.8,50.0,0.2633,low,2793.5,open,
accident,2026-08-27 17:30:00,4314632147_3614510363_0,4314632147,3614510363,0,secondary,817.2,132.69,147,18.0,38.0,0.5252,heavy,2393.9,open,
heavy_congestion,2026-08-27 18:30:00,3210142883_1049684452_0,3210142883,1049684452,0,primary,110.8,237.93,36,12.4,60.0,0.7931,severe,2953.6,open,
sudden_congestion,2026-08-27 15:00:00,2243961846_2243961994_0,2243961846,2243961994,0,secondary,46.5,60.94,4,28.8,38.0,0.2412,low,1757.1,open,
normal,2026-08-27 14:00:00,1323645768_8415011027_0,1323645768,8415011027,0,primary,188.1,75.55,19,32.3,45.0,0.2833,low,2436.5,open,
normal,2026-08-27 14:00:00,2249690020_4198264507_0,2249690020,4198264507,0,secondary,15.9,42.82,1,31.6,38.0,0.1695,low,1351.4,open,
clearing,2026-08-27 21:00:00,596391075_596391296_0,596391075,596391296,0,secondary,27.2,41.97,2,31.7,38.0,0.1661,low,1330.0,open,
peak_hour,2026-08-27 18:30:00,4313445792_11527742359_0,4313445792,11527742359,0,primary_link,54.9,306.98,23,7.0,30.0,0.7674,severe,2141.7,open,
sudden_congestion,2026-08-27 15:00:00,310444530_2593865668_0,310444530,2593865668,0,secondary,38.4,50.81,3,36.8,50.0,0.2646,low,1868.1,open,
heavy_congestion,2026-08-27 18:30:00,11818147915_4201561453_0,11818147915,4201561453,0,primary_link,17.8,380.0,9,5.0,30.0,0.95,severe,1900.0,open,
clearing,2026-08-27 21:00:00,9699614068_9699614069_0,9699614068,9699614069,0,primary_link,47.5,73.03,5,24.5,30.0,0.1826,low,1791.0,open,
heavy_congestion,2026-08-27 18:30:00,11840621300_4269600996_0,11840621300,4269600996,0,secondary,31.3,91.69,4,9.4,40.0,0.7641,severe,865.2,open,
normal,2026-08-27 14:00:00,3154018144_2857325757_0,3154018144,2857325757,0,trunk,63.9,43.45,4,49.1,60.0,0.1811,low,2135.2,open,
clearing,2026-08-27 21:00:00,13638069709_13638069708_0,13638069709,13638069708,0,trunk_link,25.8,41.39,1,31.5,35.0,0.1006,low,1302.8,open,
clearing,2026-08-27 21:00:00,3618960700_7604250698_0,3618960700,7604250698,0,primary,119.9,42.86,7,41.1,50.0,0.1786,low,1760.2,open,
heavy_congestion,2026-08-27 18:30:00,2744203655_2744203652_0,2744203655,2744203652,0,trunk,50.2,156.98,11,20.8,60.0,0.6541,heavy,3258.0,open,
sudden_congestion,2026-08-27 15:00:00,7690525275_7690525276_0,7690525275,7690525276,0,secondary,62.5,33.36,3,47.5,60.0,0.2085,low,1584.2,open,
accident,2026-08-27 17:30:00,1210839190_1210844254_0,1210839190,1210844254,0,secondary,6.8,101.12,1,23.7,50.0,0.5266,heavy,2393.2,open,
sudden_congestion,2026-08-27 15:00:00,10279357895_10279357893_0,10279357895,10279357893,0,secondary,174.5,27.68,7,49.6,60.0,0.173,low,1373.3,open,
peak_hour,2026-08-27 18:30:00,10716428528_2180951748_0,10716428528,2180951748,0,motorway,1510.3,93.35,191,78.0,120.0,0.3501,moderate,7280.5,open,
road_closure,2026-08-27 16:00:00,3148642266_3598265243_0,3148642266,3598265243,0,trunk,420.9,76.74,44,40.8,60.0,0.3198,moderate,3132.2,open,
sudden_congestion,2026-08-27 15:00:00,10185163501_10185184836_0,10185163501,10185184836,0,secondary,253.9,51.22,18,30.3,38.0,0.2027,low,1551.8,open,
accident,2026-08-27 17:30:00,2491309113_2491309108_0,2491309113,2491309108,0,secondary,25.8,125.13,4,19.2,38.0,0.4953,moderate,2399.8,open,
heavy_congestion,2026-08-27 18:30:00,2760699853_2760699854_0,2760699853,2760699854,0,secondary,26.8,153.15,6,15.0,38.0,0.6062,heavy,2291.7,open,
sudden_congestion,2026-08-27 15:00:00,7663273060_11947776180_0,7663273060,11947776180,0,secondary,4.3,46.12,0,31.1,38.0,0.1825,low,1432.5,open,
multiple_congested,2026-08-27 18:00:00,667238531_3614586622_0,667238531,3614586622,0,secondary,30.8,135.61,6,17.6,38.0,0.5368,heavy,2387.0,open,
clearing,2026-08-27 21:00:00,13766136462_13766136461_0,13766136462,13766136461,0,primary_link,7.3,64.91,1,25.1,30.0,0.1623,low,1631.3,open,
clearing,2026-08-27 21:00:00,10047125836_10047125837_0,10047125836,10047125837,0,secondary,21.8,40.51,1,31.9,38.0,0.1604,low,1292.7,open,
peak_hour,2026-08-27 18:30:00,2231795127_2231581988_0,2231795127,2231581988,0,secondary,239.9,118.91,39,15.4,60.0,0.7432,severe,1832.3,open,
accident,2026-08-27 17:30:00,571348156_10103079125_0,571348156,10103079125,0,primary,20.8,117.06,3,24.9,60.0,0.5853,heavy,2912.7,open,
normal,2026-08-27 14:00:00,2225418386_2225418489_0,2225418386,2225418489,0,secondary,323.3,20.81,9,33.1,40.0,0.1734,low,687.9,open,
accident,2026-08-27 17:30:00,7686893300_7840893969_0,7686893300,7840893969,0,trunk,78.5,109.51,12,32.6,60.0,0.4563,moderate,3572.5,open,
accident,2026-08-27 17:30:00,2585223834_1624284157_0,2585223834,1624284157,0,trunk,60.5,110.87,9,32.3,60.0,0.462,moderate,3579.2,open,
clearing,2026-08-27 21:00:00,1210852818_1210838450_0,1210852818,1210838450,0,secondary,7.9,24.67,0,43.6,50.0,0.1285,low,1074.8,open,
clearing,2026-08-27 21:00:00,7096301448_14065689214_0,7096301448,14065689214,0,primary,326.0,50.38,22,36.5,45.0,0.1889,low,1838.9,open,
accident,2026-08-27 17:30:00,11827159851_6894285256_0,11827159851,6894285256,0,secondary,606.2,145.47,119,32.7,60.0,0.4546,moderate,4760.4,open,
multiple_congested,2026-08-27 18:00:00,2509297683_2509297417_0,2509297683,2509297417,0,secondary,989.0,106.84,143,22.2,50.0,0.5564,heavy,2369.4,open,
sudden_congestion,2026-08-27 15:00:00,12799716231_3182318711_0,12799716231,3182318711,0,primary,130.9,82.35,15,43.5,60.0,0.2745,low,3584.7,open,
accident,2026-08-27 17:30:00,6570831633_2841179495_0,6570831633,2841179495,0,secondary,30.2,129.55,5,16.3,50.0,0.6748,heavy,2106.8,open,
normal,2026-08-27 14:00:00,3602316183_5437052884_0,3602316183,5437052884,0,primary,37.7,56.6,3,43.0,60.0,0.283,low,2434.9,open,
accident,2026-08-27 17:30:00,2726477229_2726477232_0,2726477229,2726477232,0,secondary,51.0,98.08,7,24.5,50.0,0.5108,heavy,2398.9,open,
multiple_congested,2026-08-27 18:00:00,11166515085_11166515102_0,11166515085,11166515102,0,primary,572.5,190.98,148,12.8,45.0,0.7162,severe,2439.2,open,
road_closure,2026-08-27 16:00:00,7543472819_3154912746_0,7543472819,3154912746,0,secondary,5.1,71.67,0,27.2,38.0,0.2837,low,1950.8,open,
clearing,2026-08-27 21:00:00,3618948842_2189327963_0,3618948842,2189327963,0,secondary,48.7,38.38,3,32.2,38.0,0.1519,low,1236.9,open,
road_closure,2026-08-27 16:00:00,2852505076_2852505078_0,2852505076,2852505078,0,secondary,36.7,65.47,3,28.2,38.0,0.2592,low,1843.2,open,
clearing,2026-08-27 21:00:00,12640162533_3790371463_0,12640162533,3790371463,0,trunk,6.7,27.56,0,53.1,60.0,0.1149,low,1463.9,open,
normal,2026-08-27 14:00:00,3612562258_3612562248_0,3612562258,3612562248,0,primary,31.5,54.18,2,38.7,50.0,0.2258,low,2097.5,open,
accident,2026-08-27 17:30:00,6442614358_3182457887_0,6442614358,3182457887,0,primary,45.2,133.57,8,19.9,60.0,0.6679,heavy,2661.9,open,
sudden_congestion,2026-08-27 15:00:00,6149321337_12833047144_0,6149321337,12833047144,0,trunk,32.1,80.3,3,46.6,60.0,0.223,low,3743.2,open,
normal,2026-08-27 14:00:00,596396013_3602487410_0,596396013,3602487410,0,secondary,126.1,54.62,9,29.8,38.0,0.2162,low,1626.8,open,
sudden_congestion,2026-08-27 15:00:00,11037004173_2234668378_0,11037004173,2234668378,0,secondary,64.5,20.25,2,33.3,40.0,0.1687,low,673.2,open,
heavy_congestion,2026-08-27 18:30:00,7668957917_7668957914_0,7668957917,7668957914,0,secondary,32.0,180.81,8,10.8,38.0,0.7157,severe,1953.3,open,
peak_hour,2026-08-27 18:30:00,2859544091_3612550570_0,2859544091,3612550570,0,secondary,205.4,198.28,55,8.2,38.0,0.7849,severe,1621.0,open,
peak_hour,2026-08-27 18:30:00,11944857073_2247638181_0,11944857073,2247638181,0,secondary,22.1,191.61,6,9.2,38.0,0.7585,severe,1758.7,open,
sudden_congestion,2026-08-27 15:00:00,306599546_13086530381_0,306599546,13086530381,0,secondary,124.9,44.3,7,31.3,38.0,0.1754,low,1388.2,open,
accident,2026-08-27 17:30:00,308779452_308779444_0,308779452,308779444,0,secondary,29.3,172.4,7,12.1,38.0,0.6824,heavy,2080.6,open,
heavy_congestion,2026-08-27 18:30:00,3598286545_7694794015_0,3598286545,7694794015,0,secondary,37.4,226.72,11,5.0,38.0,0.8974,severe,1133.6,open,
heavy_congestion,2026-08-27 18:30:00,3598265154_3207195569_0,3598265154,3207195569,0,primary,66.3,190.0,17,5.0,60.0,0.95,severe,950.0,open,
clearing,2026-08-27 21:00:00,2246301257_2052527506_0,2246301257,2052527506,0,secondary,473.6,42.19,27,31.7,38.0,0.167,low,1335.5,open,
normal,2026-08-27 14:00:00,321712216_3598261636_0,321712216,3598261636,0,secondary,183.2,60.4,15,28.9,38.0,0.2391,low,1746.4,open,
heavy_congestion,2026-08-27 18:30:00,11527556249_11527556248_0,11527556249,11527556248,0,primary_link,10.7,323.04,5,5.8,30.0,0.8076,severe,1864.5,open,
road_closure,2026-08-27 16:00:00,10680708499_4130054101_0,10680708499,4130054101,0,secondary,614.3,60.03,50,29.0,38.0,0.2376,low,1739.1,open,
heavy_congestion,2026-08-27 18:30:00,3550346618_1054044369_0,3550346618,1054044369,0,secondary,30.2,208.16,9,6.7,38.0,0.824,severe,1392.5,open,
accident,2026-08-27 17:30:00,2782854359_3618964448_0,2782854359,3618964448,0,secondary,28.0,137.81,5,17.3,38.0,0.5455,heavy,2380.1,open,
accident,2026-08-27 17:30:00,5232370018_5232370003_0,5232370018,5232370003,0,secondary,59.6,170.36,14,12.4,38.0,0.6743,heavy,2108.2,open,
road_closure,2026-08-27 16:00:00,6530829323_289928682_0,6530829323,289928682,0,trunk,237.9,78.31,25,40.4,60.0,0.3263,moderate,3165.5,open,
clearing,2026-08-27 21:00:00,11818147917_3579907193_0,11818147917,3579907193,0,primary,48.4,38.31,3,38.5,45.0,0.1437,low,1476.3,open,
accident,2026-08-27 17:30:00,11811152876_2852273759_0,11811152876,2852273759,0,secondary,35.4,141.07,7,16.8,38.0,0.5584,heavy,2367.3,open,
road_closure,2026-08-27 16:00:00,1752685122_1752685118_0,1752685122,1752685118,0,trunk,32.0,72.68,3,47.9,60.0,0.2019,low,3480.3,open,
accident,2026-08-27 17:30:00,306612781_2245834634_0,306612781,2245834634,0,secondary,41.0,159.06,9,14.1,38.0,0.6296,heavy,2238.7,open,
multiple_congested,2026-08-27 18:00:00,3579914817_2795871929_0,3579914817,2795871929,0,primary,39.6,156.84,8,17.3,50.0,0.6535,heavy,2717.2,open,
road_closure,2026-08-27 16:00:00,7578269187_4189137198_0,7578269187,4189137198,0,trunk,11.4,68.66,1,42.8,60.0,0.2861,low,2941.1,open,
normal,2026-08-27 14:00:00,2090103735_2090103753_0,2090103735,2090103753,0,motorway_link,33.5,61.46,3,40.4,50.0,0.1921,low,2482.9,open,
peak_hour,2026-08-27 18:30:00,2236574241_2236574259_0,2236574241,2236574259,0,trunk,65.1,138.33,12,25.4,60.0,0.5764,heavy,3516.0,open,
road_closure,2026-08-27 16:00:00,3254539411_2509297481_0,3254539411,2509297481,0,motorway_link,90.5,31.27,4,40.2,50.0,0.1954,low,1257.9,open,
sudden_congestion,2026-08-27 15:00:00,1779552087_8366839534_0,1779552087,8366839534,0,primary,21.3,57.87,2,42.6,60.0,0.2893,low,2467.4,open,
sudden_congestion,2026-08-27 15:00:00,3735819789_309713935_0,3735819789,309713935,0,secondary,105.6,32.27,5,41.6,50.0,0.1681,low,1342.2,open,
clearing,2026-08-27 21:00:00,11539950593_4327976604_0,11539950593,4327976604,0,primary,96.8,25.47,3,52.4,60.0,0.1273,low,1333.5,open,
sudden_congestion,2026-08-27 15:00:00,3148642284_289908642_0,3148642284,289908642,0,trunk,11.1,54.53,1,46.4,60.0,0.2272,low,2528.3,open,
peak_hour,2026-08-27 18:30:00,13504048516_13504048515_0,13504048516,13504048515,0,secondary,27.7,144.39,5,16.3,38.0,0.5715,heavy,2350.9,open,
multiple_congested,2026-08-27 18:00:00,11448992007_1318415380_0,11448992007,1318415380,0,motorway,291.7,204.09,81,38.8,86.7,0.5528,heavy,7910.9,open,
road_closure,2026-08-27 16:00:00,3159039526_3159039527_0,3159039526,3159039527,0,secondary,128.2,52.54,9,40.3,60.0,0.3284,moderate,2117.3,open,
peak_hour,2026-08-27 18:30:00,12948774634_12948774633_0,12948774634,12948774633,0,trunk_link,13.4,334.19,6,6.6,35.0,0.8123,severe,2195.9,open,
clearing,2026-08-27 21:00:00,7572077491_660557922_0,7572077491,660557922,0,secondary,71.2,39.2,4,32.1,38.0,0.1552,low,1258.5,open,
road_closure,2026-08-27 16:00:00,6150863598_6150863597_0,6150863598,6150863597,0,trunk_link,29.0,153.18,6,22.0,35.0,0.3723,moderate,3365.2,open,
normal,2026-08-27 14:00:00,3612556592_3184095125_0,3612556592,3184095125,0,primary,66.8,71.96,7,32.9,45.0,0.2698,low,2364.3,open,
accident,2026-08-27 17:30:00,7547305304_7547305297_0,7547305304,7547305297,0,secondary,24.8,129.14,4,18.6,38.0,0.5112,heavy,2398.8,open,
road_closure,2026-08-27 16:00:00,7577198776_7577198775_0,7577198776,7577198775,0,primary,103.9,67.93,10,35.8,50.0,0.2831,low,2435.2,open,
accident,2026-08-27 17:30:00,2847561580_1932902468_0,2847561580,1932902468,0,secondary,173.8,128.45,30,11.8,60.0,0.8028,severe,1519.6,open,
peak_hour,2026-08-27 18:30:00,4208851793_2787009548_0,4208851793,2787009548,0,secondary,21.8,174.52,5,11.7,38.0,0.6908,heavy,2050.4,open,
multiple_congested,2026-08-27 18:00:00,665035553_665035555_0,665035553,665035555,0,primary,350.2,228.0,108,5.0,50.0,0.95,severe,1140.0,open,
accident,2026-08-27 17:30:00,2243963430_2243963527_0,2243963430,2243963527,0,secondary,112.1,185.11,28,10.2,38.0,0.7327,severe,1880.1,open,
normal,2026-08-27 14:00:00,2225276735_2247638192_0,2225276735,2247638192,0,secondary,133.5,57.72,10,29.3,38.0,0.2285,low,1692.2,open,
normal,2026-08-27 14:00:00,7699891390_3602311048_0,7699891390,3602311048,0,primary,143.1,76.15,15,44.8,60.0,0.2538,low,3409.3,open,
multiple_congested,2026-08-27 18:00:00,3191036061_3579909462_0,3191036061,3579909462,0,primary,200.2,166.27,45,16.9,45.0,0.6235,heavy,2817.0,open,
multiple_congested,2026-08-27 18:00:00,3784141946_4327438049_0,3784141946,4327438049,0,secondary,13.1,153.94,3,14.8,38.0,0.6093,heavy,2285.2,open,
accident,2026-08-27 17:30:00,3612570997_3612570784_0,3612570997,3612570784,0,primary,50.4,112.48,8,26.3,60.0,0.5624,heavy,2953.3,open,
peak_hour,2026-08-27 18:30:00,7730811854_6149735841_0,7730811854,6149735841,0,primary,350.1,164.33,78,10.7,60.0,0.8216,severe,1758.6,open,
clearing,2026-08-27 21:00:00,2245995678_2245995754_0,2245995678,2245995754,0,secondary,104.5,31.07,4,33.3,38.0,0.123,low,1035.3,open,
clearing,2026-08-27 21:00:00,3415837326_3612566916_0,3415837326,3612566916,0,secondary,81.7,21.5,2,51.9,60.0,0.1344,low,1116.6,open,
heavy_congestion,2026-08-27 18:30:00,9570269195_9570269196_0,9570269195,9570269196,0,primary,19.0,201.24,5,11.0,45.0,0.7546,severe,2221.9,open,
multiple_congested,2026-08-27 18:00:00,9569955893_9569955898_0,9569955893,9569955898,0,secondary_link,11.3,276.59,4,5.4,28.0,0.8067,severe,1496.8,open,
multiple_congested,2026-08-27 18:00:00,11826843896_7690166072_0,11826843896,7690166072,0,primary_link,11.2,342.8,5,5.0,30.0,0.857,severe,1714.0,open,
peak_hour,2026-08-27 18:30:00,662741897_7701752874_0,662741897,7701752874,0,primary,9.3,187.6,2,5.0,60.0,0.938,severe,938.0,open,
heavy_congestion,2026-08-27 18:30:00,11892899287_4009673582_0,11892899287,4009673582,0,trunk,55.8,199.59,15,10.1,60.0,0.8316,severe,2016.6,open,
heavy_congestion,2026-08-27 18:30:00,343315343_1337380044_0,343315343,1337380044,0,secondary,62.0,134.21,11,9.7,60.0,0.8388,severe,1298.0,open,
peak_hour,2026-08-27 18:30:00,308576700_1820119614_0,308576700,1820119614,0,secondary,109.0,145.07,21,16.2,38.0,0.5742,heavy,2347.1,open,
peak_hour,2026-08-27 18:30:00,3598317052_7693883753_0,3598317052,7693883753,0,secondary,41.5,192.38,11,9.1,38.0,0.7615,severe,1743.6,open,
sudden_congestion,2026-08-27 15:00:00,2852277985_11038576698_0,2852277985,11038576698,0,primary,12.5,60.95,1,41.7,60.0,0.3048,moderate,2542.6,open,
multiple_congested,2026-08-27 18:00:00,2232047796_2782801887_0,2232047796,2782801887,0,primary,101.4,188.27,26,5.0,60.0,0.9414,severe,941.4,open,
heavy_congestion,2026-08-27 18:30:00,11874065069_6117692099_0,11874065069,6117692099,0,secondary,22.7,125.42,4,17.3,50.0,0.6532,heavy,2174.7,open,
peak_hour,2026-08-27 18:30:00,2593875283_2590326093_0,2593875283,2590326093,0,trunk,59.4,104.48,8,33.9,60.0,0.4353,moderate,3539.8,open,
accident,2026-08-27 17:30:00,6159192415_6159192414_0,6159192415,6159192414,0,primary_link,81.1,326.96,36,5.5,30.0,0.8174,severe,1791.1,open,
clearing,2026-08-27 21:00:00,3180195205_308783168_0,3180195205,308783168,0,secondary,13.2,46.16,1,31.1,38.0,0.1827,low,1433.5,open,
normal,2026-08-27 14:00:00,11568664522_3157353951_0,11568664522,3157353951,0,secondary,20.3,42.01,1,31.7,38.0,0.1663,low,1331.0,open,
accident,2026-08-27 17:30:00,6151849830_6151849829_0,6151849830,6151849829,0,trunk_link,16.6,211.14,5,17.0,35.0,0.5132,heavy,3597.5,open,
normal,2026-08-27 14:00:00,12839778073_3182050126_0,12839778073,3182050126,0,primary_link,13.1,65.88,1,25.1,30.0,0.1647,low,1650.9,open,
multiple_congested,2026-08-27 18:00:00,4206320235_4198148845_0,4206320235,4198148845,0,trunk,278.6,145.56,55,23.6,60.0,0.6065,heavy,3436.7,open,
accident,2026-08-27 17:30:00,3614507998_3614507940_0,3614507998,3614507940,0,secondary,199.6,147.48,40,15.8,38.0,0.5838,heavy,2332.6,open,
clearing,2026-08-27 21:00:00,4193299791_4193299797_0,4193299791,4193299797,0,secondary,73.4,29.72,3,33.5,38.0,0.1176,low,996.4,open,
heavy_congestion,2026-08-27 18:30:00,1611129633_7419152400_0,1611129633,7419152400,0,secondary,309.0,194.84,82,8.7,38.0,0.7713,severe,1693.6,open,
accident,2026-08-27 17:30:00,352754375_1748857051_0,352754375,1748857051,0,secondary,86.2,172.21,20,12.1,38.0,0.6817,heavy,2083.1,open,
multiple_congested,2026-08-27 18:00:00,10173095997_10173095996_0,10173095997,10173095996,0,primary_link,9.7,376.89,5,5.0,30.0,0.9422,severe,1884.4,open,
accident,2026-08-27 17:30:00,4182618391_4182618390_0,4182618391,4182618390,0,secondary,78.9,195.58,21,8.6,38.0,0.7742,severe,1678.5,open,
multiple_congested,2026-08-27 18:00:00,7015846120_7015846115_0,7015846120,7015846115,0,secondary,89.0,132.5,16,10.3,60.0,0.8281,severe,1366.3,open,
sudden_congestion,2026-08-27 15:00:00,2730860816_1820106010_0,2730860816,1820106010,0,secondary,27.7,61.31,2,28.8,38.0,0.2427,low,1764.3,open,
heavy_congestion,2026-08-27 18:30:00,1338993135_1338993143_0,1338993135,1338993143,0,trunk,28.7,174.56,7,16.4,60.0,0.7273,severe,2855.7,open,
heavy_congestion,2026-08-27 18:30:00,3180193628_308783191_0,3180193628,308783191,0,primary,22.3,190.0,6,5.0,60.0,0.95,severe,950.0,open,
multiple_congested,2026-08-27 18:00:00,3612557957_308530103_0,3612557957,308530103,0,secondary,16.6,104.85,2,22.7,50.0,0.5461,heavy,2379.6,open,
road_closure,2026-08-27 16:00:00,3612546507_3205653504_0,3612546507,3205653504,0,primary,44.6,83.21,5,31.0,45.0,0.312,moderate,2576.0,open,
multiple_congested,2026-08-27 18:00:00,10384248287_308775899_0,10384248287,308775899,0,secondary,15.4,164.72,3,7.1,50.0,0.8579,severe,1170.1,open,
normal,2026-08-27 14:00:00,7444474698_3138938141_0,7444474698,3138938141,0,primary,3273.2,52.17,231,36.2,45.0,0.1956,low,1888.4,open,
peak_hour,2026-08-27 18:30:00,6308390286_6308390077_0,6308390286,6308390077,0,secondary,46.4,185.61,12,10.1,38.0,0.7347,severe,1871.2,open,
peak_hour,2026-08-27 18:30:00,3614461637_7697969743_0,3614461637,7697969743,0,secondary,6.0,181.53,1,10.7,38.0,0.7186,severe,1941.4,open,
accident,2026-08-27 17:30:00,11828160683_3602320130_1,11828160683,3602320130,1,secondary_link,30.5,186.36,8,12.8,28.0,0.5435,heavy,2381.8,open,
sudden_congestion,2026-08-27 15:00:00,7694123578_13388564740_0,7694123578,13388564740,0,secondary,231.6,48.94,15,30.6,38.0,0.1937,low,1499.6,open,
peak_hour,2026-08-27 18:30:00,12618855128_306605180_0,12618855128,306605180,0,primary,28.0,196.4,7,11.9,45.0,0.7365,severe,2328.8,open,
normal,2026-08-27 14:00:00,2852573916_306631585_0,2852573916,306631585,0,secondary,46.6,40.32,3,31.9,38.0,0.1596,low,1287.5,open,
sudden_congestion,2026-08-27 15:00:00,11066426647_2782950146_0,11066426647,2782950146,0,secondary,34.8,63.99,3,28.4,38.0,0.2533,low,1815.7,open,
normal,2026-08-27 14:00:00,13754790723_13754790722_0,13754790723,13754790722,0,trunk_link,15.8,89.73,2,27.4,35.0,0.2181,low,2455.6,open,
road_closure,2026-08-27 16:00:00,9766656701_3618954014_0,9766656701,3618954014,0,secondary,117.0,78.61,12,26.2,38.0,0.3112,moderate,2057.7,open,
normal,2026-08-27 14:00:00,308560758_2852505077_0,308560758,2852505077,0,secondary,18.3,51.02,1,30.3,38.0,0.202,low,1547.3,open,
clearing,2026-08-27 21:00:00,3614573567_3614573550_0,3614573567,3614573550,0,secondary,35.9,46.78,2,31.0,38.0,0.1852,low,1448.4,open,
sudden_congestion,2026-08-27 15:00:00,12728030372_2854799850_0,12728030372,2854799850,0,trunk,62.5,19.73,2,50.1,60.0,0.1644,low,989.1,open,
peak_hour,2026-08-27 18:30:00,3254507105_3254507101_0,3254507105,3254507101,0,secondary,51.3,134.87,9,17.7,38.0,0.5339,heavy,2389.0,open,
road_closure,2026-08-27 16:00:00,1750016965_1750016985_0,1750016965,1750016985,0,secondary,74.0,100.76,10,22.8,38.0,0.3988,moderate,2301.8,open,
road_closure,2026-08-27 16:00:00,1948637923_1948637899_0,1948637923,1948637899,0,primary,49.5,109.03,7,38.2,60.0,0.3634,moderate,4164.3,open,
accident,2026-08-27 17:30:00,4246088165_4204667118_0,4246088165,4204667118,0,secondary,8.7,134.35,2,17.8,38.0,0.5318,heavy,2390.3,open,
multiple_congested,2026-08-27 18:00:00,3618944990_3618945701_0,3618944990,3618945701,0,secondary,227.6,141.19,44,7.1,60.0,0.8824,severe,996.0,open,
multiple_congested,2026-08-27 18:00:00,2795965646_2795965639_0,2795965646,2795965639,0,primary,58.1,129.75,10,21.1,60.0,0.6488,heavy,2734.5,open,
accident,2026-08-27 17:30:00,3614502890_7698823720_0,3614502890,7698823720,0,secondary,72.3,147.37,14,11.6,50.0,0.7675,severe,1712.8,open,
multiple_congested,2026-08-27 18:00:00,2786023236_2786982009_0,2786023236,2786982009,0,secondary,61.3,171.14,14,12.3,38.0,0.6774,heavy,2097.8,open,
normal,2026-08-27 14:00:00,7687765984_3614581933_0,7687765984,3614581933,0,primary,38.9,36.15,2,49.2,60.0,0.1808,low,1777.1,open,
multiple_congested,2026-08-27 18:00:00,7718986118_350468233_0,7718986118,350468233,0,secondary,169.8,115.75,27,16.6,60.0,0.7235,severe,1920.6,open,
road_closure,2026-08-27 16:00:00,3614578240_7648002713_0,3614578240,7648002713,0,secondary,1045.1,75.36,107,26.7,38.0,0.2983,low,2009.4,open,
peak_hour,2026-08-27 18:30:00,2245932514_12640159700_0,2245932514,12640159700,0,secondary,15.4,131.74,3,10.6,60.0,0.8234,severe,1396.1,open,
clearing,2026-08-27 21:00:00,12762150634_12886431731_0,12762150634,12886431731,0,trunk,647.7,36.25,32,50.9,60.0,0.1511,low,1846.6,open,
normal,2026-08-27 14:00:00,2090103391_2090103514_0,2090103391,2090103514,0,secondary,34.2,50.56,2,30.4,38.0,0.2001,low,1536.8,open,
multiple_congested,2026-08-27 18:00:00,2492132742_2492132743_0,2492132742,2492132743,0,secondary,15.7,224.8,5,5.0,38.0,0.8898,severe,1124.0,open,
road_closure,2026-08-27 16:00:00,2781136111_2781136122_0,2781136111,2781136122,0,secondary,26.3,59.78,2,29.0,38.0,0.2366,low,1734.1,open,
multiple_congested,2026-08-27 18:00:00,8415011027_7733015014_0,8415011027,7733015014,0,primary,4.9,285.0,2,5.0,40.0,0.95,severe,1425.0,open,
multiple_congested,2026-08-27 18:00:00,7535979490_3154912757_0,7535979490,3154912757,0,primary,549.2,186.92,139,13.5,45.0,0.7009,severe,2515.5,open,
clearing,2026-08-27 21:00:00,11568958236_1706620119_0,11568958236,1706620119,0,secondary,116.7,33.6,5,41.3,50.0,0.175,low,1386.0,open,
road_closure,2026-08-27 16:00:00,4313322898_3602488755_0,4313322898,3602488755,0,trunk,226.5,74.4,23,41.4,60.0,0.31,moderate,3080.2,open,
clearing,2026-08-27 21:00:00,1948637903_1948662052_0,1948637903,1948662052,0,primary,107.8,48.99,7,50.2,60.0,0.1633,low,2459.3,open,
peak_hour,2026-08-27 18:30:00,1317462790_1317466170_0,1317462790,1317466170,0,secondary,26.8,156.7,6,9.2,50.0,0.8161,severe,1440.5,open,
accident,2026-08-27 17:30:00,11527556249_11527556248_0,11527556249,11527556248,0,primary_link,10.7,243.49,4,11.7,30.0,0.6087,heavy,2858.1,open,
accident,2026-08-27 17:30:00,2245834634_306612781_0,2245834634,306612781,0,secondary,41.0,145.26,8,16.2,38.0,0.575,heavy,2346.0,open,
multiple_congested,2026-08-27 18:00:00,11811152875_10047125833_0,11811152875,10047125833,0,secondary,34.7,240.0,11,5.0,38.0,0.95,severe,1200.0,open,
road_closure,2026-08-27 16:00:00,2090009855_5774514397_0,2090009855,5774514397,0,primary,14.3,99.17,2,28.3,45.0,0.3719,moderate,2803.1,open,
peak_hour,2026-08-27 18:30:00,7532280367_4327438289_0,7532280367,4327438289,0,secondary,10.5,199.3,3,8.0,38.0,0.7889,severe,1598.7,open,
heavy_congestion,2026-08-27 18:30:00,3614571805_2090009789_0,3614571805,2090009789,0,secondary,362.2,240.0,118,5.0,38.0,0.95,severe,1200.0,open,
heavy_congestion,2026-08-27 18:30:00,9682921060_9682921061_0,9682921060,9682921061,0,primary_link,24.0,367.7,12,5.0,30.0,0.9193,severe,1838.5,open,
sudden_congestion,2026-08-27 15:00:00,2852245284_3612555374_0,2852245284,3612555374,0,secondary,39.6,53.12,3,36.2,50.0,0.2767,low,1921.3,open,
sudden_congestion,2026-08-27 15:00:00,3602486713_4333125488_0,3602486713,4333125488,0,secondary,25.9,53.4,2,30.0,38.0,0.2114,low,1600.2,open,
accident,2026-08-27 17:30:00,3789901288_3164012065_0,3789901288,3164012065,0,motorway_link,709.0,73.46,71,25.3,40.0,0.3673,moderate,1859.1,open,
clearing,2026-08-27 21:00:00,1948637918_6149782988_0,1948637918,6149782988,0,primary,67.9,57.82,5,48.4,60.0,0.1927,low,2800.6,open,
multiple_congested,2026-08-27 18:00:00,11569011256_11569011255_0,11569011256,11569011255,0,secondary_link,7.0,283.91,3,5.0,28.0,0.8281,severe,1419.6,open,
accident,2026-08-27 17:30:00,308613808_308613838_0,308613808,308613838,0,primary,23.9,134.6,4,19.6,60.0,0.673,heavy,2640.9,open,
accident,2026-08-27 17:30:00,6518162952_6518162951_0,6518162952,6518162951,0,secondary_link,7.8,158.8,2,15.0,28.0,0.4632,moderate,2387.0,open,
multiple_congested,2026-08-27 18:00:00,6149495044_13253583177_0,6149495044,13253583177,0,secondary,42.3,238.55,14,5.0,38.0,0.9443,severe,1192.7,open,
heavy_congestion,2026-08-27 18:30:00,7675947513_7676220620_0,7675947513,7676220620,0,primary,371.8,253.33,128,5.0,45.0,0.95,severe,1266.7,open,
road_closure,2026-08-27 16:00:00,1706619913_6768665481_0,1706619913,6768665481,0,secondary,18.7,62.03,2,33.8,50.0,0.3231,moderate,2099.5,open,
multiple_congested,2026-08-27 18:00:00,3638804614_6150694604_0,3638804614,6150694604,0,secondary,129.2,92.05,16,25.5,60.0,0.5753,heavy,2345.6,open,
road_closure,2026-08-27 16:00:00,10047125837_1657344252_0,10047125837,1657344252,0,secondary,46.9,76.07,5,26.6,38.0,0.3011,moderate,2020.3,open,
multiple_congested,2026-08-27 18:00:00,11555983478_11066305080_0,11555983478,11066305080,0,primary,49.2,188.15,13,13.3,45.0,0.7055,severe,2493.0,open,
multiple_congested,2026-08-27 18:00:00,3612549283_2245996427_0,3612549283,2245996427,0,secondary,87.8,153.01,18,15.0,38.0,0.6057,heavy,2292.8,open,
clearing,2026-08-27 21:00:00,2852225781_308527249_0,2852225781,308527249,0,secondary,135.8,21.03,4,44.5,50.0,0.1095,low,936.4,open,
sudden_congestion,2026-08-27 15:00:00,7419125822_571180352_0,7419125822,571180352,0,secondary,46.4,63.75,4,28.4,38.0,0.2523,low,1811.1,open,
heavy_congestion,2026-08-27 18:30:00,3835259466_11539955850_0,3835259466,11539955850,0,primary,954.4,190.0,246,5.0,60.0,0.95,severe,950.0,open,
road_closure,2026-08-27 16:00:00,2222308761_2222308917_0,2222308761,2222308917,0,secondary,85.3,85.22,10,25.2,38.0,0.3373,moderate,2145.9,open,
accident,2026-08-27 17:30:00,3602310315_3602310355_0,3602310315,3602310355,0,primary,22.5,133.47,4,20.0,60.0,0.6673,heavy,2664.0,open,
clearing,2026-08-27 21:00:00,306605179_2854814067_0,306605179,2854814067,0,primary,101.1,38.64,5,42.0,50.0,0.161,low,1620.8,open,
heavy_congestion,2026-08-27 18:30:00,11811152882_3625918458_0,11811152882,3625918458,0,secondary,27.7,240.0,9,5.0,38.0,0.95,severe,1200.0,open,
peak_hour,2026-08-27 18:30:00,1302011992_3670021165_0,1302011992,3670021165,0,secondary,74.8,133.97,14,9.8,60.0,0.8373,severe,1307.8,open,
peak_hour,2026-08-27 18:30:00,8588641477_8588641475_0,8588641477,8588641475,0,trunk,121.5,192.55,32,16.6,50.0,0.6686,heavy,3190.8,open,
road_closure,2026-08-27 16:00:00,3602319571_4169678420_0,3602319571,4169678420,0,secondary,36.6,119.52,6,18.8,30.0,0.3735,moderate,2246.4,open,
accident,2026-08-27 17:30:00,4173954965_2583759021_0,4173954965,2583759021,0,secondary,79.3,97.94,11,23.3,60.0,0.6122,heavy,2279.2,open,
sudden_congestion,2026-08-27 15:00:00,2780888510_11909064981_0,2780888510,11909064981,0,primary,197.1,62.88,17,36.9,50.0,0.262,low,2320.2,open,
sudden_congestion,2026-08-27 15:00:00,2726689485_3930272182_0,2726689485,3930272182,0,secondary,155.3,28.58,6,49.3,60.0,0.1786,low,1408.6,open,
road_closure,2026-08-27 16:00:00,11521352824_11829626571_0,11521352824,11829626571,0,trunk_link,671.6,130.1,118,23.9,35.0,0.3162,moderate,3113.6,open,
accident,2026-08-27 17:30:00,14014153398_7694308419_0,14014153398,7694308419,0,secondary,30.2,136.29,6,14.5,50.0,0.7099,severe,1977.2,open,
road_closure,2026-08-27 16:00:00,5682076804_13254114510_0,5682076804,13254114510,0,secondary_link,8.3,105.68,1,19.4,28.0,0.3082,moderate,2046.9,open,
peak_hour,2026-08-27 18:30:00,4132070283_4132164795_0,4132070283,4132164795,0,secondary,44.1,132.32,8,18.1,38.0,0.5238,heavy,2394.6,open,
road_closure,2026-08-27 16:00:00,3229454650_11806326039_0,3229454650,11806326039,0,trunk,208.3,115.75,33,40.7,60.0,0.3215,moderate,4711.9,open,
road_closure,2026-08-27 16:00:00,12738375656_12738375666_0,12738375656,12738375666,0,secondary_link,233.9,132.36,42,17.2,28.0,0.386,moderate,2275.3,open,
accident,2026-08-27 17:30:00,722232284_1314820724_0,722232284,1314820724,0,primary,48.2,214.73,14,17.1,60.0,0.7158,severe,3661.9,open,
accident,2026-08-27 17:30:00,2852506569_4246457954_0,2852506569,4246457954,0,secondary,64.3,130.09,11,18.4,38.0,0.515,heavy,2397.9,open,
accident,2026-08-27 17:30:00,11946730481_11946730505_0,11946730481,11946730505,0,trunk_link,853.6,439.88,509,10.1,35.0,0.7128,severe,4422.1,open,
peak_hour,2026-08-27 18:30:00,3147189453_3706807525_0,3147189453,3706807525,0,primary,98.6,152.92,20,14.1,60.0,0.7646,severe,2159.7,open,
normal,2026-08-27 14:00:00,7532280367_4327438289_0,7532280367,4327438289,0,secondary,10.5,55.93,1,29.6,38.0,0.2214,low,1654.9,open,
heavy_congestion,2026-08-27 18:30:00,5598944236_1611129209_0,5598944236,1611129209,0,secondary,1173.8,216.97,345,5.4,38.0,0.8589,severe,1163.7,open,
normal,2026-08-27 14:00:00,12725276829_12725276825_0,12725276829,12725276825,0,secondary,215.2,46.22,13,31.0,38.0,0.183,low,1435.0,open,
peak_hour,2026-08-27 18:30:00,7539782408_5263125824_0,7539782408,5263125824,0,primary,44.2,174.32,10,15.6,45.0,0.6537,heavy,2716.6,open,
multiple_congested,2026-08-27 18:00:00,11818416092_11808935236_0,11818416092,11808935236,0,secondary,2.9,186.03,1,10.0,38.0,0.7364,severe,1863.7,open,
sudden_congestion,2026-08-27 15:00:00,2782802294_2782802291_0,2782802294,2782802291,0,secondary,27.8,52.98,2,30.0,38.0,0.2097,low,1591.0,open,
road_closure,2026-08-27 16:00:00,4189396489_11478092792_0,4189396489,11478092792,0,primary,52.4,79.35,6,31.6,45.0,0.2976,low,2508.3,open,
road_closure,2026-08-27 16:00:00,2728291633_3602489498_0,2728291633,3602489498,0,secondary,29.4,62.04,2,36.7,60.0,0.3878,moderate,2279.1,open,
road_closure,2026-08-27 16:00:00,2859788616_3612575905_0,2859788616,3612575905,0,secondary,24.8,68.04,2,27.8,38.0,0.2693,low,1889.2,open,
multiple_congested,2026-08-27 18:00:00,7578269191_4180978418_0,7578269191,4180978418,0,trunk,39.4,125.58,7,28.6,60.0,0.5233,heavy,3592.2,open,
road_closure,2026-08-27 16:00:00,11206916576_11206916575_0,11206916576,11206916575,0,secondary,207.6,106.06,30,22.0,38.0,0.4198,moderate,2338.3,open,
multiple_congested,2026-08-27 18:00:00,3942917266_2934115989_0,3942917266,2934115989,0,secondary,67.3,139.45,13,7.7,60.0,0.8715,severe,1074.7,open,
peak_hour,2026-08-27 18:30:00,5998182246_9704458736_0,5998182246,9704458736,0,primary,19.1,155.04,4,13.5,60.0,0.7752,severe,2091.2,open,
normal,2026-08-27 14:00:00,2859544091_3612550570_0,2859544091,3612550570,0,secondary,205.4,55.65,15,29.6,38.0,0.2203,low,1648.8,open,
multiple_congested,2026-08-27 18:00:00,984996498_3598259456_0,984996498,3598259456,0,trunk,34.0,152.65,7,21.8,60.0,0.636,heavy,3333.5,open,
clearing,2026-08-27 21:00:00,2231948961_3602309202_0,2231948961,3602309202,0,secondary,157.3,40.86,9,31.9,38.0,0.1617,low,1301.5,open,
heavy_congestion,2026-08-27 18:30:00,2243959045_2243959036_0,2243959045,2243959036,0,primary,163.4,193.77,43,12.3,45.0,0.7266,severe,2383.7,open,
heavy_congestion,2026-08-27 18:30:00,11539576955_3207307270_0,11539576955,3207307270,0,primary,13.7,211.97,4,5.8,50.0,0.8832,severe,1237.9,open,
sudden_congestion,2026-08-27 15:00:00,3612560755_3612560814_0,3612560755,3612560814,0,secondary,18.5,44.59,1,38.4,50.0,0.2322,low,1711.7,open,
accident,2026-08-27 17:30:00,7721459188_1598107023_0,7721459188,1598107023,0,primary,37.9,229.14,12,6.3,45.0,0.8593,severe,1451.2,open,
heavy_congestion,2026-08-27 18:30:00,3598314906_13997290899_0,3598314906,13997290899,0,secondary,90.1,240.0,29,5.0,38.0,0.95,severe,1200.0,open,
normal,2026-08-27 14:00:00,4116753491_4116753186_0,4116753491,4116753186,0,secondary,58.6,43.62,3,31.4,38.0,0.1727,low,1371.3,open,
heavy_congestion,2026-08-27 18:30:00,308775859_5613171623_0,308775859,5613171623,0,secondary,11.4,136.35,2,8.9,60.0,0.8522,severe,1209.4,open,
sudden_congestion,2026-08-27 15:00:00,2822548882_3598266690_0,2822548882,3598266690,0,secondary,68.2,104.24,10,15.7,20.0,0.2172,low,1632.0,open,
accident,2026-08-27 17:30:00,1748882932_352754329_0,1748882932,352754329,0,secondary,68.1,114.95,11,20.7,38.0,0.455,moderate,2380.6,open,
heavy_congestion,2026-08-27 18:30:00,4317346513_1779503706_0,4317346513,1779503706,0,secondary,5.4,197.28,1,8.3,38.0,0.7809,severe,1642.5,open,
accident,2026-08-27 17:30:00,308779585_3612558731_0,308779585,3612558731,0,trunk,36.8,95.55,5,36.1,60.0,0.3981,moderate,3450.5,open,
accident,2026-08-27 17:30:00,3146881483_3164051311_0,3146881483,3164051311,0,primary,25.5,161.8,6,27.6,60.0,0.5393,heavy,4472.1,open,
sudden_congestion,2026-08-27 15:00:00,2237525122_2237524998_0,2237525122,2237524998,0,secondary,41.1,48.01,3,30.8,38.0,0.19,low,1477.6,open,
road_closure,2026-08-27 16:00:00,7712490372_11215951540_0,7712490372,11215951540,0,primary,13.2,62.32,1,41.3,60.0,0.3116,moderate,2574.2,open,
multiple_congested,2026-08-27 18:00:00,2236748110_2240856841_0,2236748110,2240856841,0,secondary,45.8,96.34,6,23.9,60.0,0.6021,heavy,2299.8,open,
multiple_congested,2026-08-27 18:00:00,2795779351_2795779343_0,2795779351,2795779343,0,primary,34.9,145.0,7,16.5,60.0,0.725,severe,2392.6,open,
heavy_congestion,2026-08-27 18:30:00,307038375_2738997966_0,307038375,2738997966,0,secondary,38.5,228.01,12,5.0,38.0,0.9025,severe,1140.1,open,
multiple_congested,2026-08-27 18:00:00,315057071_2847635529_0,315057071,2847635529,0,primary,76.7,184.9,19,5.0,60.0,0.9245,severe,924.5,open,
multiple_congested,2026-08-27 18:00:00,6829395499_6829395498_0,6829395499,6829395498,0,primary,37.9,201.01,10,11.1,45.0,0.7538,severe,2227.0,open,
accident,2026-08-27 17:30:00,1883393751_289663545_0,1883393751,289663545,0,secondary,13.1,179.16,3,11.1,38.0,0.7092,severe,1979.9,open,
normal,2026-08-27 14:00:00,3612558124_10108052283_0,3612558124,10108052283,0,primary,34.8,45.09,2,46.5,60.0,0.2255,low,2095.5,open,
road_closure,2026-08-27 16:00:00,3614577545_3614578317_0,3614577545,3614578317,0,secondary,674.9,79.9,73,26.0,38.0,0.3163,moderate,2076.0,open,
normal,2026-08-27 14:00:00,4314601166_4314601156_0,4314601166,4314601156,0,secondary,247.8,58.93,20,29.1,38.0,0.2333,low,1716.9,open,
clearing,2026-08-27 21:00:00,11846815201_11846815202_0,11846815201,11846815202,0,secondary,14.0,29.14,1,33.6,38.0,0.1154,low,979.7,open,
clearing,2026-08-27 21:00:00,2726468535_2726468532_0,2726468535,2726468532,0,secondary,61.1,40.3,3,31.9,38.0,0.1595,low,1287.0,open,
heavy_congestion,2026-08-27 18:30:00,2089776940_2089776947_0,2089776940,2089776947,0,primary,43.3,213.81,13,8.9,45.0,0.8018,severe,1907.2,open,
peak_hour,2026-08-27 18:30:00,11947260632_11947260633_0,11947260632,11947260633,0,secondary_link,8.9,259.54,3,6.8,28.0,0.757,severe,1766.0,open,
road_closure,2026-08-27 16:00:00,289509856_289510337_0,289509856,289510337,0,primary_link,36.9,115.42,6,21.3,30.0,0.2885,low,2463.4,open,
sudden_congestion,2026-08-27 15:00:00,2581958981_701171385_0,2581958981,701171385,0,trunk_link,105.4,71.75,10,28.9,35.0,0.1744,low,2073.4,open,
peak_hour,2026-08-27 18:30:00,3598268017_1280019622_0,3598268017,1280019622,0,primary,127.1,134.85,23,19.5,60.0,0.6742,heavy,2635.7,open,
sudden_congestion,2026-08-27 15:00:00,7715372149_10041114078_0,7715372149,10041114078,0,primary,9.8,73.71,1,32.6,45.0,0.2764,low,2400.1,open,
road_closure,2026-08-27 16:00:00,2178010192_3221226329_0,2178010192,3221226329,0,secondary,257.4,42.3,15,44.1,60.0,0.2644,low,1867.1,open,
sudden_congestion,2026-08-27 15:00:00,3612564769_11944991249_0,3612564769,11944991249,0,secondary,12.8,33.29,1,41.3,50.0,0.1734,low,1375.9,open,
accident,2026-08-27 17:30:00,11524324251_3532605990_0,11524324251,3532605990,0,secondary,36.5,87.94,4,11.5,38.0,0.6962,heavy,1015.3,open,
heavy_congestion,2026-08-27 18:30:00,2188473957_2188473906_0,2188473957,2188473906,0,primary,38.2,211.3,11,9.3,45.0,0.7924,severe,1974.3,open,
clearing,2026-08-27 21:00:00,2852505079_2852505077_0,2852505079,2852505077,0,secondary,36.4,42.38,2,31.6,38.0,0.1678,low,1340.4,open,
sudden_congestion,2026-08-27 15:00:00,3254507097_3254507092_0,3254507097,3254507092,0,secondary,43.8,70.03,4,27.5,38.0,0.2772,low,1923.5,open,
heavy_congestion,2026-08-27 18:30:00,7246404374_3138938143_0,7246404374,3138938143,0,secondary,123.8,240.0,40,5.0,38.0,0.95,severe,1200.0,open,
accident,2026-08-27 17:30:00,3598311376_2803360584_0,3598311376,2803360584,0,secondary,52.4,98.17,7,23.2,60.0,0.6136,heavy,2276.2,open,
normal,2026-08-27 14:00:00,2243960514_2243960505_0,2243960514,2243960505,0,secondary,23.1,45.01,1,31.2,38.0,0.1782,low,1405.7,open,
road_closure,2026-08-27 16:00:00,289663545_3180327639_0,289663545,3180327639,0,secondary,103.9,63.21,9,36.3,60.0,0.395,moderate,2294.3,open,
sudden_congestion,2026-08-27 15:00:00,11502692292_7682662029_0,11502692292,7682662029,0,secondary,159.1,35.73,8,46.6,60.0,0.2233,low,1665.2,open,
clearing,2026-08-27 21:00:00,11568663519_7647973281_0,11568663519,7647973281,0,secondary,52.4,36.79,3,32.5,38.0,0.1456,low,1194.5,open,
sudden_congestion,2026-08-27 15:00:00,7568724320_3665228863_0,7568724320,3665228863,0,secondary,56.2,41.47,3,31.8,38.0,0.1641,low,1317.2,open,
sudden_congestion,2026-08-27 15:00:00,314924649_13336054284_0,314924649,13336054284,0,secondary,22.2,43.16,1,43.8,60.0,0.2698,low,1891.1,open,
accident,2026-08-27 17:30:00,7419125602_7605421287_0,7419125602,7605421287,0,secondary,39.5,129.41,7,18.5,38.0,0.5123,heavy,2398.6,open,
road_closure,2026-08-27 16:00:00,6590720068_7419125602_0,6590720068,7419125602,0,secondary,32.7,84.19,4,25.3,38.0,0.3332,moderate,2133.1,open,
sudden_congestion,2026-08-27 15:00:00,3598257305_2241238165_0,3598257305,2241238165,0,secondary,193.3,41.07,11,31.8,38.0,0.1626,low,1306.9,open,
sudden_congestion,2026-08-27 15:00:00,3208710463_3164013946_0,3208710463,3164013946,0,primary,96.0,75.78,10,32.2,45.0,0.2842,low,2440.9,open,
accident,2026-08-27 17:30:00,9945014444_12736463896_0,9945014444,12736463896,0,secondary,8.7,160.65,2,13.8,38.0,0.6359,heavy,2222.7,open,
multiple_congested,2026-08-27 18:00:00,3894084731_3894084732_0,3894084731,3894084732,0,primary_link,14.8,374.77,8,5.0,30.0,0.9369,severe,1873.8,open,
sudden_congestion,2026-08-27 15:00:00,309713738_13432079677_0,309713738,13432079677,0,secondary,118.2,26.97,4,49.9,60.0,0.1686,low,1345.6,open,
road_closure,2026-08-27 16:00:00,2718862759_306609530_0,2718862759,306609530,0,trunk,269.2,79.28,29,40.2,60.0,0.3303,moderate,3185.5,open,
heavy_congestion,2026-08-27 18:30:00,10740538971_11569011245_0,10740538971,11569011245,0,secondary,82.3,125.69,14,12.9,60.0,0.7856,severe,1617.0,open,
road_closure,2026-08-27 16:00:00,3147207122_3147213790_0,3147207122,3147213790,0,secondary,9.6,51.97,1,40.5,60.0,0.3248,moderate,2105.4,open,
road_closure,2026-08-27 16:00:00,2434152062_12886431732_0,2434152062,12886431732,0,secondary,77.9,65.82,7,28.1,38.0,0.2606,low,1849.6,open,
heavy_congestion,2026-08-27 18:30:00,596395986_6307919644_0,596395986,6307919644,0,secondary,49.8,220.97,15,5.0,38.0,0.8747,severe,1104.9,open,
accident,2026-08-27 17:30:00,315067249_3598267727_0,315067249,3598267727,0,secondary,87.2,113.79,13,17.3,60.0,0.7112,severe,1971.9,open,
road_closure,2026-08-27 16:00:00,306598194_12584389210_0,306598194,12584389210,0,trunk,410.2,62.54,35,44.4,60.0,0.2606,low,2774.7,open,
peak_hour,2026-08-27 18:30:00,1947070541_4182633408_0,1947070541,4182633408,0,secondary,96.0,203.05,26,7.5,38.0,0.8037,severe,1514.4,open,
heavy_congestion,2026-08-27 18:30:00,3658868516_3658868515_0,3658868516,3658868515,0,secondary,8.9,172.21,2,12.1,38.0,0.6817,heavy,2083.2,open,
road_closure,2026-08-27 16:00:00,3614460494_3661880814_0,3614460494,3661880814,0,secondary,14.0,61.66,1,28.7,38.0,0.2441,low,1771.2,open,
clearing,2026-08-27 21:00:00,12174313671_7656684038_0,12174313671,7656684038,0,trunk,49.3,36.38,2,50.9,60.0,0.1516,low,1852.0,open,
accident,2026-08-27 17:30:00,3598265622_3148642295_0,3598265622,3148642295,0,trunk,22.5,149.54,5,22.6,60.0,0.6231,heavy,3381.9,open,
sudden_congestion,2026-08-27 15:00:00,2225418949_1311354935_0,2225418949,1311354935,0,secondary,218.7,31.67,9,29.4,40.0,0.2639,low,932.5,open,
clearing,2026-08-27 21:00:00,2236747786_14022245315_0,2236747786,14022245315,0,primary,116.6,30.75,5,50.8,60.0,0.1537,low,1561.2,open,
road_closure,2026-08-27 16:00:00,3612566494_6518308371_0,3612566494,6518308371,0,primary,76.3,57.06,6,42.9,60.0,0.2853,low,2446.9,open,
heavy_congestion,2026-08-27 18:30:00,8348447225_8348447227_0,8348447225,8348447227,0,secondary,126.8,116.78,20,16.2,60.0,0.7299,severe,1892.8,open,
road_closure,2026-08-27 16:00:00,10308621091_2584876417_0,10308621091,2584876417,0,secondary,29.4,91.15,4,24.3,38.0,0.3608,moderate,2214.0,open,
multiple_congested,2026-08-27 18:00:00,3205664956_3205664955_0,3205664956,3205664955,0,trunk,64.7,113.63,10,31.6,60.0,0.4734,moderate,3589.8,open,
peak_hour,2026-08-27 18:30:00,1578270422_3602315542_0,1578270422,3602315542,0,trunk,232.9,198.3,63,27.0,60.0,0.5508,heavy,5344.2,open,
peak_hour,2026-08-27 18:30:00,308783068_2857520129_0,308783068,2857520129,0,secondary,72.9,173.82,17,5.0,50.0,0.9053,severe,869.1,open,
accident,2026-08-27 17:30:00,307035801_316967048_0,307035801,316967048,0,secondary,64.8,200.5,18,7.8,38.0,0.7937,severe,1572.2,open,
sudden_congestion,2026-08-27 15:00:00,3614507693_11947056957_0,3614507693,11947056957,0,secondary,831.3,41.08,46,31.8,38.0,0.1626,low,1307.1,open,
sudden_congestion,2026-08-27 15:00:00,5825347398_7597669561_0,5825347398,7597669561,0,trunk,1448.1,52.97,104,46.8,60.0,0.2207,low,2476.9,open,
clearing,2026-08-27 21:00:00,2243959045_2243959036_0,2243959045,2243959036,0,primary,163.4,33.66,7,39.3,45.0,0.1262,low,1323.6,open,
normal,2026-08-27 14:00:00,289928943_11885730813_0,289928943,11885730813,0,trunk,11.3,46.42,1,48.4,60.0,0.1934,low,2246.7,open,
sudden_congestion,2026-08-27 15:00:00,7687007559_7687007557_0,7687007559,7687007557,0,secondary,12.7,44.1,1,31.4,38.0,0.1746,low,1383.3,open,
sudden_congestion,2026-08-27 15:00:00,4193299791_4193299797_0,4193299791,4193299797,0,secondary,73.4,44.38,4,31.3,38.0,0.1757,low,1390.1,open,
peak_hour,2026-08-27 18:30:00,4178173321_306631580_0,4178173321,306631580,0,secondary,36.5,136.43,7,17.5,38.0,0.54,heavy,2384.6,open,
heavy_congestion,2026-08-27 18:30:00,7699038229_2781464234_0,7699038229,2781464234,0,secondary,42.0,169.0,10,6.0,50.0,0.8802,severe,1012.4,open,
heavy_congestion,2026-08-27 18:30:00,7246404250_7634539399_0,7246404250,7634539399,0,secondary,5.5,240.0,2,5.0,38.0,0.95,severe,1200.0,open,
sudden_congestion,2026-08-27 15:00:00,12657825779_3158856597_0,12657825779,3158856597,0,primary,37.5,35.39,2,49.4,60.0,0.177,low,1747.7,open,
multiple_congested,2026-08-27 18:00:00,1332764086_2231827606_0,1332764086,2231827606,0,secondary,95.3,222.87,29,5.0,38.0,0.8822,severe,1114.3,open,
normal,2026-08-27 14:00:00,2509297560_2509297535_0,2509297560,2509297535,0,secondary,604.9,43.3,35,31.5,38.0,0.1714,low,1363.3,open,
sudden_congestion,2026-08-27 15:00:00,3612549800_306621585_0,3612549800,306621585,0,secondary,21.0,65.35,2,28.2,38.0,0.2587,low,1841.0,open,
accident,2026-08-27 17:30:00,12724899373_10727855893_0,12724899373,10727855893,0,secondary,55.1,116.73,9,16.2,60.0,0.7295,severe,1894.2,open,
accident,2026-08-27 17:30:00,3186227082_3186227083_0,3186227082,3186227083,0,trunk,45.3,102.69,6,34.3,60.0,0.4279,moderate,3525.1,open,
normal,2026-08-27 14:00:00,7694025353_13883073890_0,7694025353,13883073890,0,secondary,267.8,31.08,11,48.3,60.0,0.1943,low,1502.6,open,
sudden_congestion,2026-08-27 15:00:00,2852296297_2782950478_0,2852296297,2782950478,0,secondary,98.6,39.89,5,32.0,38.0,0.1579,low,1276.5,open,
accident,2026-08-27 17:30:00,308777208_3612562534_0,308777208,3612562534,0,primary,128.0,164.13,28,15.8,50.0,0.6839,heavy,2594.4,open,
clearing,2026-08-27 21:00:00,11671772500_3154115150_0,11671772500,3154115150,0,primary_link,32.5,71.34,3,24.6,30.0,0.1783,low,1758.5,open,
clearing,2026-08-27 21:00:00,1747117857_2822548456_0,1747117857,2822548456,0,secondary,58.2,32.93,3,33.0,38.0,0.1303,low,1088.2,open,
accident,2026-08-27 17:30:00,11944521816_11944521815_0,11944521816,11944521815,0,primary_link,8.7,222.87,3,13.3,30.0,0.5572,heavy,2960.8,open,
multiple_congested,2026-08-27 18:00:00,2738998026_3612551009_0,2738998026,3612551009,0,secondary,25.7,172.0,6,12.1,38.0,0.6808,heavy,2086.1,open,
sudden_congestion,2026-08-27 15:00:00,7565154318_2795965024_0,7565154318,2795965024,0,secondary,61.7,39.11,3,39.8,50.0,0.2037,low,1557.1,open,
accident,2026-08-27 17:30:00,3204190489_1779488052_0,3204190489,1779488052,0,primary,20.4,154.58,4,13.6,60.0,0.7729,severe,2106.3,open,
heavy_congestion,2026-08-27 18:30:00,1318407379_1318407408_0,1318407379,1318407408,0,secondary,186.7,149.37,38,5.0,60.0,0.9335,severe,746.8,open,
multiple_congested,2026-08-27 18:00:00,3618958587_3618957429_0,3618958587,3618957429,0,secondary,613.8,167.85,140,6.3,50.0,0.8742,severe,1055.7,open,
sudden_congestion,2026-08-27 15:00:00,1779447581_1783239928_0,1779447581,1783239928,0,secondary,34.4,49.61,2,30.5,38.0,0.1964,low,1514.9,open,
multiple_congested,2026-08-27 18:00:00,3618949550_3618949526_0,3618949550,3618949526,0,secondary,112.1,105.98,16,20.3,60.0,0.6624,heavy,2146.9,open,
peak_hour,2026-08-27 18:30:00,11539912277_3148642973_0,11539912277,3148642973,0,primary,10.8,166.4,2,10.1,60.0,0.832,severe,1677.4,open,
accident,2026-08-27 17:30:00,6273447614_667238523_0,6273447614,667238523,0,secondary,52.1,178.65,13,11.1,38.0,0.7071,severe,1988.1,open,
road_closure,2026-08-27 16:00:00,3207145510_2478095092_0,3207145510,2478095092,0,trunk,546.5,57.54,43,45.6,60.0,0.2397,low,2624.7,open,
peak_hour,2026-08-27 18:30:00,7602407486_12854654553_0,7602407486,12854654553,0,trunk,593.4,128.73,104,27.8,60.0,0.5364,heavy,3581.0,open,
heavy_congestion,2026-08-27 18:30:00,7601883687_3933388005_0,7601883687,3933388005,0,trunk,1441.0,173.74,339,16.6,60.0,0.7239,severe,2878.1,open,
sudden_congestion,2026-08-27 15:00:00,5230130834_5230197430_0,5230130834,5230197430,0,secondary,51.9,68.48,5,27.7,38.0,0.2711,low,1896.8,open,
heavy_congestion,2026-08-27 18:30:00,1318407379_7015811265_0,1318407379,7015811265,0,secondary_link,13.0,325.71,6,5.0,28.0,0.95,severe,1628.6,open,
normal,2026-08-27 14:00:00,6570831625_11155870701_0,6570831625,11155870701,0,secondary,37.9,31.38,2,41.8,50.0,0.1635,low,1312.7,open,
heavy_congestion,2026-08-27 18:30:00,6150225982_1301947596_0,6150225982,1301947596,0,primary,91.5,136.52,17,19.0,60.0,0.6826,heavy,2600.0,open,
multiple_congested,2026-08-27 18:00:00,4182726090_7565205918_0,4182726090,7565205918,0,secondary,137.9,143.26,27,12.7,50.0,0.7461,severe,1818.4,open,
peak_hour,2026-08-27 18:30:00,1325226176_307061321_0,1325226176,307061321,0,trunk,226.3,181.24,56,14.7,60.0,0.7552,severe,2662.3,open,
multiple_congested,2026-08-27 18:00:00,571360675_12899742607_0,571360675,12899742607,0,trunk,16.6,185.98,4,13.5,60.0,0.7749,severe,2511.7,open,
heavy_congestion,2026-08-27 18:30:00,1598149514_6149816880_0,1598149514,6149816880,0,trunk,426.0,164.46,95,18.9,60.0,0.6852,heavy,3105.8,open,
clearing,2026-08-27 21:00:00,1274191930_1947097742_0,1274191930,1947097742,0,trunk_link,10.9,52.58,1,30.5,35.0,0.1278,low,1605.2,open,
normal,2026-08-27 14:00:00,11530209256_11530209255_0,11530209256,11530209255,0,trunk_link,22.5,97.72,3,26.7,35.0,0.2375,low,2607.8,open,
accident,2026-08-27 17:30:00,2852292345_2794316763_0,2852292345,2794316763,0,secondary,5.3,151.18,1,15.3,38.0,0.5984,heavy,2307.0,open,
sudden_congestion,2026-08-27 15:00:00,7547651605_7547305297_0,7547651605,7547305297,0,secondary,103.3,44.27,6,31.3,38.0,0.1752,low,1387.5,open,
normal,2026-08-27 14:00:00,11906681477_5483042457_0,11906681477,5483042457,0,primary,341.3,50.35,23,36.5,45.0,0.1888,low,1837.9,open,
road_closure,2026-08-27 16:00:00,306605295_2243962045_0,306605295,2243962045,0,secondary,37.3,97.18,5,23.4,38.0,0.3847,moderate,2272.3,open,
road_closure,2026-08-27 16:00:00,8386715617_8386715620_0,8386715617,8386715620,0,primary,39.7,79.83,4,31.5,45.0,0.2993,low,2516.9,open,
clearing,2026-08-27 21:00:00,3417745443_3417745442_0,3417745443,3417745442,0,trunk,42.2,27.85,2,53.0,60.0,0.116,low,1477.2,open,
clearing,2026-08-27 21:00:00,11521715251_571349801_0,11521715251,571349801,0,trunk,252.1,26.07,9,53.5,60.0,0.1086,low,1394.1,open,
normal,2026-08-27 14:00:00,3618942510_3618941098_0,3618942510,3618941098,0,secondary,381.1,38.34,20,32.2,38.0,0.1518,low,1235.9,open,
normal,2026-08-27 14:00:00,3614586197_3614586216_0,3614586197,3614586216,0,secondary,17.8,50.19,1,30.5,38.0,0.1987,low,1528.3,open,
sudden_congestion,2026-08-27 15:00:00,3598265384_3598265360_0,3598265384,3598265360,0,trunk,41.2,41.85,2,49.5,60.0,0.1744,low,2073.1,open,
peak_hour,2026-08-27 18:30:00,3191098100_3215426733_0,3191098100,3215426733,0,trunk,26.0,111.85,4,32.0,60.0,0.466,moderate,3583.4,open,
sudden_congestion,2026-08-27 15:00:00,9565446297_3598383862_0,9565446297,3598383862,0,trunk,136.1,32.42,6,51.9,60.0,0.1351,low,1682.4,open,
sudden_congestion,2026-08-27 15:00:00,11521112899_1707132513_0,11521112899,1707132513,0,secondary,13.9,52.78,1,40.8,50.0,0.1833,low,2155.2,open,
road_closure,2026-08-27 16:00:00,3618954856_3618955195_0,3618954856,3618955195,0,primary,283.8,100.57,39,29.0,50.0,0.419,moderate,2921.3,open,
peak_hour,2026-08-27 18:30:00,2857909874_13296016155_0,2857909874,13296016155,0,secondary,36.2,146.23,7,16.0,38.0,0.5788,heavy,2340.4,open,
road_closure,2026-08-27 16:00:00,298989708_298989684_0,298989708,298989684,0,secondary,13.3,92.68,2,24.1,38.0,0.3669,moderate,2229.9,open,
sudden_congestion,2026-08-27 15:00:00,9774168205_2246173464_0,9774168205,2246173464,0,secondary,54.4,46.69,3,31.0,38.0,0.1848,low,1446.3,open,
normal,2026-08-27 14:00:00,7709978600_2089776942_0,7709978600,2089776942,0,primary,225.4,42.11,13,47.4,60.0,0.2106,low,1994.8,open,
road_closure,2026-08-27 16:00:00,4188771249_4308788503_0,4188771249,4308788503,0,secondary,255.3,61.47,21,28.8,38.0,0.2433,low,1767.6,open,
heavy_congestion,2026-08-27 18:30:00,9903509084_9903513205_0,9903509084,9903513205,0,secondary,13.4,171.7,3,12.2,38.0,0.6797,heavy,2090.1,open,
road_closure,2026-08-27 16:00:00,5458722457_1284172177_0,5458722457,1284172177,0,secondary,178.1,55.93,13,39.0,60.0,0.3495,moderate,2182.7,open,
multiple_congested,2026-08-27 18:00:00,11524676760_7129724434_0,11524676760,7129724434,0,primary,283.7,253.33,97,5.0,45.0,0.95,severe,1266.7,open,
multiple_congested,2026-08-27 18:00:00,2857793666_2857910416_0,2857793666,2857910416,0,secondary,107.2,140.82,20,16.8,38.0,0.5574,heavy,2368.4,open,
multiple_congested,2026-08-27 18:00:00,12198472170_2178294779_0,12198472170,2178294779,0,trunk,190.9,133.72,35,26.6,60.0,0.5572,heavy,3552.9,open,
normal,2026-08-27 14:00:00,3614510153_2780888510_0,3614510153,2780888510,0,primary,174.6,54.83,13,38.6,50.0,0.2285,low,2115.2,open,
road_closure,2026-08-27 16:00:00,1752932121_1752932122_0,1752932121,1752932122,0,trunk,58.1,97.21,8,43.8,60.0,0.27,low,4257.7,open,
peak_hour,2026-08-27 18:30:00,2461452203_3579915271_0,2461452203,3579915271,0,secondary,44.4,143.25,9,6.3,60.0,0.8953,severe,899.6,open,
sudden_congestion,2026-08-27 15:00:00,3612549913_3612549837_0,3612549913,3612549837,0,primary,35.0,50.47,2,39.5,50.0,0.2103,low,1992.7,open,
peak_hour,2026-08-27 18:30:00,9713126176_9713126180_0,9713126176,9713126180,0,primary,132.3,127.6,23,21.7,60.0,0.638,heavy,2771.5,open,
road_closure,2026-08-27 16:00:00,7547305319_7547305291_0,7547305319,7547305291,0,secondary,15.5,75.45,2,26.7,38.0,0.2987,low,2010.9,open,
accident,2026-08-27 17:30:00,2886925111_12787705862_0,2886925111,12787705862,0,secondary,575.0,184.44,144,10.3,38.0,0.7301,severe,1891.9,open,
accident,2026-08-27 17:30:00,596375631_7662775105_0,596375631,7662775105,0,trunk,137.7,145.77,27,23.6,60.0,0.6074,heavy,3434.0,open,
multiple_congested,2026-08-27 18:00:00,6112831410_2245994965_0,6112831410,2245994965,0,secondary,54.9,169.21,13,12.5,38.0,0.6698,heavy,2123.3,open,
normal,2026-08-27 14:00:00,6590720050_7419125774_0,6590720050,7419125774,0,secondary,347.1,53.79,25,29.9,38.0,0.2129,low,1608.9,open,
peak_hour,2026-08-27 18:30:00,1317466173_728954717_0,1317466173,728954717,0,secondary,68.3,156.46,14,9.3,50.0,0.8149,severe,1448.0,open,
multiple_congested,2026-08-27 18:00:00,7692082022_3614507459_0,7692082022,3614507459,0,secondary,26.4,192.57,7,9.0,38.0,0.7623,severe,1739.7,open,
accident,2026-08-27 17:30:00,5232370526_5232370531_0,5232370526,5232370531,0,secondary,40.1,176.14,10,11.5,38.0,0.6972,heavy,2026.6,open,
sudden_congestion,2026-08-27 15:00:00,4196504402_1311326816_0,4196504402,1311326816,0,secondary,33.8,27.68,1,30.8,40.0,0.2306,low,851.7,open,
accident,2026-08-27 17:30:00,7576586186_7177404977_0,7576586186,7177404977,0,primary,999.1,237.23,321,5.0,45.0,0.8896,severe,1186.2,open,
sudden_congestion,2026-08-27 15:00:00,10992056552_11449027319_0,10992056552,11449027319,0,secondary,740.6,48.28,48,30.7,38.0,0.1911,low,1483.9,open,
clearing,2026-08-27 21:00:00,308944691_308944690_0,308944691,308944690,0,secondary,59.7,34.33,3,32.8,38.0,0.1359,low,1127.2,open,
road_closure,2026-08-27 16:00:00,12079987299_4011191501_0,12079987299,4011191501,0,trunk,14.4,52.26,1,46.9,60.0,0.2178,low,2453.0,open,
heavy_congestion,2026-08-27 18:30:00,12234483443_3158888597_0,12234483443,3158888597,0,secondary,40.7,196.22,11,8.5,38.0,0.7767,severe,1665.0,open,
peak_hour,2026-08-27 18:30:00,3612565541_308527272_0,3612565541,308527272,0,secondary,48.4,143.27,9,12.7,50.0,0.7462,severe,1818.0,open,
peak_hour,2026-08-27 18:30:00,1706620095_4191261807_0,1706620095,4191261807,0,secondary,81.1,113.04,12,20.6,50.0,0.5888,heavy,2324.4,open,
sudden_congestion,2026-08-27 15:00:00,2590250997_3614466964_0,2590250997,3614466964,0,secondary,38.0,42.72,2,31.6,38.0,0.1691,low,1349.0,open,
road_closure,2026-08-27 16:00:00,2231826869_1333800122_0,2231826869,1333800122,0,secondary,139.0,96.59,18,23.5,38.0,0.3823,moderate,2267.0,open,
multiple_congested,2026-08-27 18:00:00,6894285256_12290574125_0,6894285256,12290574125,0,primary,478.9,247.06,160,5.0,45.0,0.9265,severe,1235.3,open,
heavy_congestion,2026-08-27 18:30:00,4189137198_7578269186_0,4189137198,7578269186,0,trunk,121.7,167.24,28,18.2,60.0,0.6968,heavy,3042.0,open,
heavy_congestion,2026-08-27 18:30:00,3598398106_310444527_0,3598398106,310444527,0,secondary,7.2,182.4,2,5.0,50.0,0.95,severe,912.0,open,
road_closure,2026-08-27 16:00:00,308795968_308795969_0,308795968,308795969,0,secondary,37.1,68.37,3,27.7,38.0,0.2706,low,1894.9,open,
clearing,2026-08-27 21:00:00,3612561908_2854814884_0,3612561908,2854814884,0,secondary,26.9,33.08,1,41.4,50.0,0.1723,low,1368.9,open,
peak_hour,2026-08-27 18:30:00,7539782408_663178827_0,7539782408,663178827,0,primary,35.3,232.67,11,5.7,45.0,0.8725,severe,1334.9,open,
multiple_congested,2026-08-27 18:00:00,308614024_308614007_0,308614024,308614007,0,secondary,638.6,170.31,147,5.6,50.0,0.887,severe,961.9,open,
multiple_congested,2026-08-27 18:00:00,7702234113_3205895170_0,7702234113,3205895170,0,trunk,106.6,128.64,19,27.8,60.0,0.536,heavy,3581.3,open,
peak_hour,2026-08-27 18:30:00,7702441573_1321834474_0,7702441573,1321834474,0,secondary,15.9,166.21,4,6.7,50.0,0.8657,severe,1116.3,open,
sudden_congestion,2026-08-27 15:00:00,7103825088_7103825089_0,7103825088,7103825089,0,primary_link,16.8,116.52,3,21.3,30.0,0.2913,low,2477.4,open,
peak_hour,2026-08-27 18:30:00,5384809497_7664028080_0,5384809497,7664028080,0,primary,139.8,253.33,48,5.0,45.0,0.95,severe,1266.7,open,
heavy_congestion,2026-08-27 18:30:00,3602491838_3602491939_0,3602491838,3602491939,0,trunk,39.2,228.24,12,10.4,50.0,0.7925,severe,2367.9,open,
sudden_congestion,2026-08-27 15:00:00,7012965574_3579914292_0,7012965574,3579914292,0,secondary,18.3,37.01,1,46.1,60.0,0.2313,low,1707.1,open,
heavy_congestion,2026-08-27 18:30:00,2802823287_2083572885_0,2802823287,2083572885,0,secondary,58.3,185.37,15,10.1,38.0,0.7337,severe,1875.5,open,
accident,2026-08-27 17:30:00,2404191167_3602491493_0,2404191167,3602491493,0,trunk,74.3,141.91,14,25.4,50.0,0.4927,moderate,3599.2,open,
multiple_congested,2026-08-27 18:00:00,2231949542_2231795920_0,2231949542,2231795920,0,trunk,227.0,158.47,49,20.4,60.0,0.6603,heavy,3230.0,open,
accident,2026-08-27 17:30:00,6308390364_6308390372_0,6308390364,6308390372,0,secondary,355.6,172.61,83,12.0,38.0,0.6832,heavy,2077.7,open,
clearing,2026-08-27 21:00:00,3166087758_3154107782_0,3166087758,3154107782,0,secondary,10.4,45.88,1,31.1,38.0,0.1816,low,1426.9,open,
sudden_congestion,2026-08-27 15:00:00,306609657_312780822_0,306609657,312780822,0,secondary,9.2,61.87,1,28.7,38.0,0.2449,low,1775.3,open,
sudden_congestion,2026-08-27 15:00:00,7571887389_3554707877_0,7571887389,3554707877,0,secondary,761.8,39.73,41,32.0,38.0,0.1572,low,1272.2,open,
heavy_congestion,2026-08-27 18:30:00,11971318277_11971318276_0,11971318277,11971318276,0,secondary,41.4,221.14,12,5.0,38.0,0.8753,severe,1105.7,open,
sudden_congestion,2026-08-27 15:00:00,3648916631_3648966624_0,3648916631,3648966624,0,trunk,122.3,31.68,5,52.1,60.0,0.132,low,1649.8,open,
multiple_congested,2026-08-27 18:00:00,2859386324_306609625_0,2859386324,306609625,0,secondary,16.0,181.31,4,10.7,38.0,0.7177,severe,1945.1,open,
clearing,2026-08-27 21:00:00,9939581042_353721399_0,9939581042,353721399,0,secondary,103.4,27.07,4,49.9,60.0,0.1692,low,1349.2,open,
peak_hour,2026-08-27 18:30:00,4193167075_5569790378_0,4193167075,5569790378,0,secondary,91.2,232.32,29,5.0,38.0,0.9196,severe,1161.6,open,
peak_hour,2026-08-27 18:30:00,14014153398_14014157202_0,14014153398,14014157202,0,secondary,100.1,185.91,25,10.0,38.0,0.7359,severe,1865.9,open,
clearing,2026-08-27 21:00:00,7576670605_7576670619_0,7576670605,7576670619,0,secondary,53.7,43.62,3,31.4,38.0,0.1727,low,1371.4,open,
road_closure,2026-08-27 16:00:00,13766702523_13766702524_0,13766702523,13766702524,0,trunk_link,13.8,147.96,3,22.4,35.0,0.3596,moderate,3316.3,open,
heavy_congestion,2026-08-27 18:30:00,2886664029_4373979866_0,2886664029,4373979866,0,secondary,700.2,206.55,196,6.9,38.0,0.8176,severe,1431.6,open,
road_closure,2026-08-27 16:00:00,667238531_3614586622_0,667238531,3614586622,0,secondary,30.8,59.69,2,29.0,38.0,0.2363,low,1732.3,open,
sudden_congestion,2026-08-27 15:00:00,12317733675_2187029931_0,12317733675,2187029931,0,motorway_link,624.8,61.8,52,40.3,50.0,0.1931,low,2493.3,open,
peak_hour,2026-08-27 18:30:00,11068688892_11054429719_0,11068688892,11054429719,0,secondary,1587.1,159.41,343,14.0,38.0,0.631,heavy,2235.3,open,
normal,2026-08-27 14:00:00,12064346272_2805646904_0,12064346272,2805646904,0,secondary_link,90.5,50.73,6,23.9,28.0,0.1479,low,1210.2,open,
peak_hour,2026-08-27 18:30:00,308796014_3790504698_0,308796014,3790504698,0,primary,25.3,190.0,7,5.0,60.0,0.95,severe,950.0,open,
accident,2026-08-27 17:30:00,2232018061_3598274783_0,2232018061,3598274783,0,secondary,42.2,170.59,10,12.3,38.0,0.6753,heavy,2105.1,open,
multiple_congested,2026-08-27 18:00:00,2249699637_2249699840_0,2249699637,2249699840,0,primary,96.2,147.35,19,15.8,60.0,0.7368,severe,2327.3,open,
peak_hour,2026-08-27 18:30:00,4204351901_4204351908_0,4204351901,4204351908,0,secondary,53.9,210.01,15,6.4,38.0,0.8313,severe,1346.4,open,
normal,2026-08-27 14:00:00,2852259557_9729819156_0,2852259557,9729819156,0,primary,109.1,50.83,8,36.4,45.0,0.1906,low,1851.4,open,
heavy_congestion,2026-08-27 18:30:00,8620523640_8620300951_0,8620523640,8620300951,0,secondary,4.1,240.0,1,5.0,38.0,0.95,severe,1200.0,open,
heavy_congestion,2026-08-27 18:30:00,314924667_11644756965_0,314924667,11644756965,0,secondary,143.8,135.48,26,9.2,60.0,0.8468,severe,1245.6,open,
normal,2026-08-27 14:00:00,11482195854_11947538990_0,11482195854,11947538990,0,trunk_link,77.4,80.43,8,28.2,35.0,0.1955,low,2264.7,open,
accident,2026-08-27 17:30:00,11539912528_3598268010_0,11539912528,3598268010,0,primary,95.8,113.09,15,26.1,60.0,0.5654,heavy,2948.6,open,
peak_hour,2026-08-27 18:30:00,1705510720_12725277789_0,1705510720,12725277789,0,trunk,9.0,115.39,1,31.2,60.0,0.4808,moderate,3594.7,open,
road_closure,2026-08-27 16:00:00,11827299598_2232093167_0,11827299598,2232093167,0,primary,184.0,66.42,17,40.1,60.0,0.3321,moderate,2661.8,open,
sudden_congestion,2026-08-27 15:00:00,2245995094_3205653519_0,2245995094,3205653519,0,primary,38.7,52.38,3,44.3,60.0,0.2619,low,2319.7,open,
road_closure,2026-08-27 16:00:00,3178486583_3098826727_0,3178486583,3098826727,0,primary,28.1,110.9,4,37.8,60.0,0.3697,moderate,4194.3,open,
clearing,2026-08-27 21:00:00,3669594767_3671923981_0,3669594767,3671923981,0,primary,123.6,43.07,7,37.7,45.0,0.1615,low,1625.2,open,
multiple_congested,2026-08-27 18:00:00,4132070268_4132070272_0,4132070268,4132070272,0,secondary,15.5,188.47,4,9.7,38.0,0.746,severe,1819.0,open,
multiple_congested,2026-08-27 18:00:00,2858365812_306609619_0,2858365812,306609619,0,secondary,17.7,149.32,4,15.5,38.0,0.5911,heavy,2320.4,open,
heavy_congestion,2026-08-27 18:30:00,2090103503_2090103753_0,2090103503,2090103753,0,secondary,49.8,166.97,11,12.9,38.0,0.6609,heavy,2151.4,open,
sudden_congestion,2026-08-27 15:00:00,6158030516_13381234541_0,6158030516,13381234541,0,secondary,23.3,33.73,1,47.4,60.0,0.2108,low,1597.2,open,
sudden_congestion,2026-08-27 15:00:00,4191150309_13238921273_0,4191150309,13238921273,0,secondary,26.3,62.12,2,28.7,38.0,0.2459,low,1780.1,open,
sudden_congestion,2026-08-27 15:00:00,9953877625_9953877626_0,9953877625,9953877626,0,primary_link,11.5,73.63,1,24.5,30.0,0.1841,low,1802.3,open,
multiple_congested,2026-08-27 18:00:00,2791955612_4183057901_0,2791955612,4183057901,0,secondary,6.1,116.15,1,16.4,60.0,0.726,severe,1909.8,open,
accident,2026-08-27 17:30:00,6390373760_6390373756_0,6390373760,6390373756,0,primary,568.7,132.13,102,20.4,60.0,0.6606,heavy,2690.4,open,
accident,2026-08-27 17:30:00,3602300110_3602300080_0,3602300110,3602300080,0,primary,78.2,120.52,13,23.8,60.0,0.6026,heavy,2873.7,open,
accident,2026-08-27 17:30:00,6308390570_1431186360_0,6308390570,1431186360,0,secondary,56.2,173.4,13,11.9,38.0,0.6864,heavy,2066.6,open,
peak_hour,2026-08-27 18:30:00,2852295847_2852295839_0,2852295847,2852295839,0,secondary,59.9,131.79,11,18.2,38.0,0.5217,heavy,2395.5,open,
peak_hour,2026-08-27 18:30:00,6887708354_314924667_0,6887708354,314924667,0,secondary,4.5,83.9,1,28.5,60.0,0.5244,heavy,2394.3,open,
sudden_congestion,2026-08-27 15:00:00,3554737227_3618958519_0,3554737227,3618958519,0,motorway,8735.3,42.54,503,100.9,120.0,0.1595,low,4290.1,open,
multiple_congested,2026-08-27 18:00:00,7571925143_2802822404_0,7571925143,2802822404,0,trunk,8.2,122.25,1,29.4,60.0,0.5094,heavy,3598.7,open,
clearing,2026-08-27 21:00:00,7220801886_7220801889_0,7220801886,7220801889,0,secondary,48.6,38.68,3,32.2,38.0,0.1531,low,1244.7,open,
clearing,2026-08-27 21:00:00,7687007557_7687007552_0,7687007557,7687007552,0,secondary,4.0,27.18,0,33.9,38.0,0.1076,low,921.7,open,
clearing,2026-08-27 21:00:00,11546080947_11546080946_0,11546080947,11546080946,0,secondary_link,8.3,53.13,1,23.7,28.0,0.155,low,1257.1,open,
clearing,2026-08-27 21:00:00,308783054_11841112298_0,308783054,11841112298,0,primary,290.4,35.76,14,49.3,60.0,0.1788,low,1762.1,open,
accident,2026-08-27 17:30:00,3681327113_8334104852_0,3681327113,8334104852,0,primary,6.8,174.19,2,15.6,45.0,0.6532,heavy,2718.3,open,
heavy_congestion,2026-08-27 18:30:00,2590251025_2590250997_0,2590251025,2590250997,0,secondary,93.7,240.0,30,5.0,38.0,0.95,severe,1200.0,open,
peak_hour,2026-08-27 18:30:00,2236837169_2236836730_0,2236837169,2236836730,0,trunk,660.3,103.63,93,34.1,60.0,0.4318,moderate,3533.0,open,
sudden_congestion,2026-08-27 15:00:00,2859386163_2859386160_0,2859386163,2859386160,0,secondary,35.2,46.87,2,30.9,38.0,0.1855,low,1450.7,open,
road_closure,2026-08-27 16:00:00,5514222128_2491309087_0,5514222128,2491309087,0,secondary,10.1,62.41,1,28.6,38.0,0.247,low,1785.6,open,
multiple_congested,2026-08-27 18:00:00,571158896_571159244_0,571158896,571159244,0,secondary,38.6,198.97,10,8.1,38.0,0.7876,severe,1605.9,open,
clearing,2026-08-27 21:00:00,7710171916_7710171915_0,7710171916,7710171915,0,secondary,62.5,36.61,3,32.5,38.0,0.1449,low,1189.5,open,
multiple_congested,2026-08-27 18:00:00,667238521_667238523_0,667238521,667238523,0,secondary,51.7,225.48,16,5.0,38.0,0.8925,severe,1127.4,open,
road_closure,2026-08-27 16:00:00,6275677681_3602486439_0,6275677681,3602486439,0,secondary_link,16.3,93.05,2,20.4,28.0,0.2714,low,1898.2,open,
accident,2026-08-27 17:30:00,2766314839_2766314918_0,2766314839,2766314918,0,primary,165.0,174.83,39,7.6,60.0,0.8741,severe,1320.2,open,
normal,2026-08-27 14:00:00,596391665_315086386_0,596391665,315086386,0,secondary,15.4,56.11,1,29.6,38.0,0.2221,low,1658.5,open,
road_closure,2026-08-27 16:00:00,12736463898_2859478901_0,12736463898,2859478901,0,secondary,91.6,89.84,11,24.5,38.0,0.3556,moderate,2199.9,open,
multiple_congested,2026-08-27 18:00:00,7694926219_3191118778_0,7694926219,3191118778,0,secondary,12.0,112.0,2,18.0,60.0,0.7,heavy,2016.0,open,
clearing,2026-08-27 21:00:00,5230196822_5232286960_0,5230196822,5232286960,0,secondary,30.6,44.68,2,31.3,38.0,0.1769,low,1397.7,open,
road_closure,2026-08-27 16:00:00,2822548738_6507371285_0,2822548738,6507371285,0,secondary,70.3,77.57,7,26.3,38.0,0.3071,moderate,2042.7,open,
accident,2026-08-27 17:30:00,571165682_7418703280_0,571165682,7418703280,0,primary,422.6,235.09,135,5.3,45.0,0.8816,severe,1252.6,open,
clearing,2026-08-27 21:00:00,7013309438_10596205825_0,7013309438,10596205825,0,secondary,127.8,22.53,4,51.6,60.0,0.1408,low,1161.2,open,
peak_hour,2026-08-27 18:30:00,3614575004_7642023374_0,3614575004,7642023374,0,secondary,94.8,180.02,23,10.9,38.0,0.7126,severe,1966.2,open,
clearing,2026-08-27 21:00:00,1337362244_1337361855_0,1337362244,1337361855,0,secondary,87.0,22.04,3,51.7,60.0,0.1378,low,1140.4,open,
heavy_congestion,2026-08-27 18:30:00,3602486732_11896333647_0,3602486732,11896333647,0,secondary,15.2,238.27,5,5.0,38.0,0.9432,severe,1191.4,open,
peak_hour,2026-08-27 18:30:00,9674197327_7733085116_0,9674197327,7733085116,0,primary,75.1,227.13,23,14.6,60.0,0.7571,severe,3310.3,open,
multiple_congested,2026-08-27 18:00:00,2090103321_2090103354_0,2090103321,2090103354,0,secondary,28.7,230.01,9,5.0,38.0,0.9105,severe,1150.1,open,
sudden_congestion,2026-08-27 15:00:00,308525917_307081804_0,308525917,307081804,0,trunk,52.8,37.97,3,50.5,60.0,0.1582,low,1917.9,open,
sudden_congestion,2026-08-27 15:00:00,308783069_2857520135_0,308783069,2857520135,0,secondary,48.5,48.01,3,37.5,50.0,0.25,low,1800.1,open,
accident,2026-08-27 17:30:00,2214196926_2408305464_0,2214196926,2408305464,0,secondary,105.6,186.58,27,9.9,38.0,0.7385,severe,1853.8,open,
clearing,2026-08-27 21:00:00,2225281216_3598263326_0,2225281216,3598263326,0,secondary,29.9,40.39,2,31.9,38.0,0.1599,low,1289.4,open,
normal,2026-08-27 14:00:00,2782950535_4334996361_0,2782950535,4334996361,0,secondary,28.4,62.78,2,28.6,38.0,0.2485,low,1792.8,open,
road_closure,2026-08-27 16:00:00,2857910416_2857793666_0,2857910416,2857793666,0,secondary,107.2,88.74,13,24.7,38.0,0.3513,moderate,2187.7,open,
sudden_congestion,2026-08-27 15:00:00,1337420594_3670021924_0,1337420594,3670021924,0,secondary,36.7,27.33,1,49.8,60.0,0.1708,low,1359.6,open,
clearing,2026-08-27 21:00:00,2245995091_2245995093_0,2245995091,2245995093,0,primary,19.4,36.88,1,48.9,60.0,0.1844,low,1804.7,open,
peak_hour,2026-08-27 18:30:00,3598275145_662741315_0,3598275145,662741315,0,secondary,58.8,133.63,11,15.2,50.0,0.696,heavy,2031.2,open,
road_closure,2026-08-27 16:00:00,2236175282_2236175303_0,2236175282,2236175303,0,trunk,344.4,69.79,33,42.6,60.0,0.2908,low,2969.8,open,
clearing,2026-08-27 21:00:00,12386830347_11190360448_0,12386830347,11190360448,0,primary,34.4,51.7,2,36.3,45.0,0.1939,low,1875.4,open,
sudden_congestion,2026-08-27 15:00:00,2234840825_3949469245_0,2234840825,3949469245,0,secondary,85.7,19.48,2,33.5,40.0,0.1623,low,652.7,open,
heavy_congestion,2026-08-27 18:30:00,2089831530_3683838606_0,2089831530,3683838606,0,primary,62.3,190.0,16,5.0,60.0,0.95,severe,950.0,open,
normal,2026-08-27 14:00:00,4009673582_12062469751_0,4009673582,12062469751,0,trunk,9.9,36.59,0,50.9,60.0,0.1524,low,1860.6,open,
multiple_congested,2026-08-27 18:00:00,3147189450_308796014_0,3147189450,308796014,0,primary,10.7,190.0,3,5.0,60.0,0.95,severe,950.0,open,
road_closure,2026-08-27 16:00:00,2234668055_2234667945_0,2234668055,2234667945,0,primary,689.3,108.95,102,26.6,45.0,0.4086,moderate,2899.7,open,
normal,2026-08-27 14:00:00,308532015_3612560721_0,308532015,3612560721,0,secondary,48.1,40.57,3,39.4,50.0,0.2113,low,1599.7,open,
sudden_congestion,2026-08-27 15:00:00,596391665_3612537914_0,596391665,3612537914,0,secondary,21.0,59.69,2,29.0,38.0,0.2363,low,1732.3,open,
peak_hour,2026-08-27 18:30:00,8630789188_8630789178_0,8630789188,8630789178,0,secondary,74.8,135.22,14,17.7,38.0,0.5353,heavy,2388.1,open,
road_closure,2026-08-27 16:00:00,13111789122_13111789121_0,13111789122,13111789121,0,primary_link,8.1,124.39,1,20.7,30.0,0.311,moderate,2571.2,open,
sudden_congestion,2026-08-27 15:00:00,1779502574_1779502570_0,1779502574,1779502570,0,primary,14.1,52.9,1,44.1,60.0,0.2645,low,2334.6,open,
clearing,2026-08-27 21:00:00,2234759331_2234759327_0,2234759331,2234759327,0,primary,14.3,31.38,1,39.7,45.0,0.1177,low,1246.0,open,
sudden_congestion,2026-08-27 15:00:00,2782802481_2782802462_0,2782802481,2782802462,0,secondary,37.5,49.01,2,30.6,38.0,0.194,low,1501.0,open,
multiple_congested,2026-08-27 18:00:00,7571991443_660557922_0,7571991443,660557922,0,secondary,209.5,144.14,41,16.3,38.0,0.5705,heavy,2352.2,open,
peak_hour,2026-08-27 18:30:00,660558113_7579290959_0,660558113,7579290959,0,secondary,20.3,173.82,5,11.9,38.0,0.688,heavy,2060.5,open,
clearing,2026-08-27 21:00:00,2245996396_10617420741_0,2245996396,10617420741,0,secondary,6.8,40.23,0,31.9,38.0,0.1592,low,1285.2,open,
sudden_congestion,2026-08-27 15:00:00,3221217090_11947128384_0,3221217090,11947128384,0,primary,145.5,53.15,10,44.1,60.0,0.2657,low,2341.4,open,
clearing,2026-08-27 21:00:00,3618942510_3618941098_0,3618942510,3618941098,0,secondary,381.1,27.5,14,33.9,38.0,0.1088,low,931.2,open,
road_closure,2026-08-27 16:00:00,3166122534_308767073_0,3166122534,308767073,0,secondary,10.1,103.89,1,22.4,38.0,0.4112,moderate,2324.3,open,
clearing,2026-08-27 21:00:00,3184132019_6862263657_0,3184132019,6862263657,0,secondary,20.8,27.92,1,49.5,60.0,0.1745,low,1382.9,open,
heavy_congestion,2026-08-27 18:30:00,5998182246_9704458736_0,5998182246,9704458736,0,primary,19.1,179.62,5,6.1,60.0,0.8981,severe,1098.2,open,
road_closure,2026-08-27 16:00:00,3602308552_3602308732_0,3602308552,3602308732,0,primary,157.2,80.87,17,35.7,60.0,0.4044,moderate,2890.2,open,
peak_hour,2026-08-27 18:30:00,3085156515_11906681477_0,3085156515,11906681477,0,primary,59.8,242.22,20,5.0,45.0,0.9083,severe,1211.1,open,
multiple_congested,2026-08-27 18:00:00,6151005325_976475909_0,6151005325,976475909,0,secondary,13.3,123.8,2,17.8,50.0,0.6448,heavy,2198.7,open,
peak_hour,2026-08-27 18:30:00,10682728679_5134982710_0,10682728679,5134982710,0,secondary,25.5,209.11,7,6.5,38.0,0.8277,severe,1368.8,open,
peak_hour,2026-08-27 18:30:00,3602313488_9726062486_0,3602313488,9726062486,0,primary,308.2,179.44,75,6.2,60.0,0.8972,severe,1106.6,open,
sudden_congestion,2026-08-27 15:00:00,13984807205_12648963587_0,13984807205,12648963587,0,trunk,171.8,45.69,11,48.6,60.0,0.1904,low,2219.6,open,
heavy_congestion,2026-08-27 18:30:00,11521117724_11521117725_0,11521117724,11521117725,0,trunk_link,13.5,340.55,6,6.0,35.0,0.8277,severe,2053.4,open,
sudden_congestion,2026-08-27 15:00:00,11808948104_1302011987_0,11808948104,1302011987,0,primary,42.9,46.14,3,46.2,60.0,0.2307,low,2129.9,open,
multiple_congested,2026-08-27 18:00:00,4009677241_4009677236_0,4009677241,4009677236,0,trunk,28.0,150.45,6,22.4,60.0,0.6269,heavy,3368.2,open,
normal,2026-08-27 14:00:00,13766702505_13766702506_0,13766702505,13766702506,0,trunk_link,16.9,91.31,2,27.2,35.0,0.2219,low,2486.6,open,
road_closure,2026-08-27 16:00:00,7532280377_7532302987_0,7532280377,7532302987,0,secondary,10.4,103.71,1,22.4,38.0,0.4105,moderate,2323.2,open,
accident,2026-08-27 17:30:00,308775795_308769424_0,308775795,308769424,0,secondary,65.4,181.78,16,10.7,38.0,0.7195,severe,1937.3,open,
peak_hour,2026-08-27 18:30:00,1820106379_2739328898_0,1820106379,2739328898,0,secondary,46.6,184.98,12,10.2,38.0,0.7322,severe,1882.4,open,
road_closure,2026-08-27 16:00:00,2852567135_2593865668_0,2852567135,2593865668,0,secondary,8.0,73.41,1,30.9,50.0,0.3823,moderate,2267.1,open,
heavy_congestion,2026-08-27 18:30:00,2728428407_307062225_0,2728428407,307062225,0,trunk,19.6,225.82,6,10.8,50.0,0.7841,severe,2437.7,open,
sudden_congestion,2026-08-27 15:00:00,7579426746_3614459871_0,7579426746,3614459871,0,secondary,18.3,46.3,1,31.0,38.0,0.1833,low,1437.1,open,
heavy_congestion,2026-08-27 18:30:00,289928688_10736438683_0,289928688,10736438683,0,trunk,58.3,120.39,10,29.9,60.0,0.5016,heavy,3600.0,open,
peak_hour,2026-08-27 18:30:00,7577261126_7577332208_0,7577261126,7577332208,0,secondary,797.1,201.38,218,7.7,38.0,0.7971,severe,1552.3,open,
peak_hour,2026-08-27 18:30:00,308532073_4260400314_0,308532073,4260400314,0,secondary,110.1,163.76,24,7.4,50.0,0.8529,severe,1204.4,open,
multiple_congested,2026-08-27 18:00:00,7679792010_1296541390_0,7679792010,1296541390,0,secondary,296.9,224.21,90,5.0,38.0,0.8875,severe,1121.1,open,
sudden_congestion,2026-08-27 15:00:00,4313322366_4313322365_0,4313322366,4313322365,0,trunk,45.3,31.23,2,52.2,60.0,0.1301,low,1630.0,open,
heavy_congestion,2026-08-27 18:30:00,3664991215_3649030561_0,3664991215,3649030561,0,secondary,41.6,207.36,12,6.8,38.0,0.8208,severe,1412.1,open,
heavy_congestion,2026-08-27 18:30:00,2726689434_2726689485_0,2726689434,2726689485,0,secondary,143.9,131.72,26,10.6,60.0,0.8233,severe,1396.9,open,
peak_hour,2026-08-27 18:30:00,2780909418_2237525001_0,2780909418,2237525001,0,secondary,43.1,192.53,11,9.0,38.0,0.7621,severe,1740.6,open,
sudden_congestion,2026-08-27 15:00:00,3180216575_1779598053_0,3180216575,1779598053,0,secondary,17.2,33.94,1,41.2,50.0,0.1768,low,1396.9,open,
road_closure,2026-08-27 16:00:00,8366839534_1779552127_0,8366839534,1779552127,0,primary,39.1,76.92,4,36.9,60.0,0.3846,moderate,2840.1,open,
clearing,2026-08-27 21:00:00,4342672717_3158827775_0,4342672717,3158827775,0,trunk,28.7,22.83,1,54.3,60.0,0.0951,low,1239.4,open,
peak_hour,2026-08-27 18:30:00,1215782312_13388564741_0,1215782312,13388564741,0,secondary,43.3,183.82,11,10.4,38.0,0.7276,severe,1902.6,open,
sudden_congestion,2026-08-27 15:00:00,2764031721_4191189227_0,2764031721,4191189227,0,secondary,16.3,46.49,1,37.9,50.0,0.2421,low,1761.6,open,
heavy_congestion,2026-08-27 18:30:00,3164363658_978107748_0,3164363658,978107748,0,secondary,83.6,152.0,17,5.0,60.0,0.95,severe,760.0,open,
sudden_congestion,2026-08-27 15:00:00,3157658801_6162492784_0,3157658801,6162492784,0,trunk,15.9,41.33,1,49.7,60.0,0.1722,low,2052.6,open,
peak_hour,2026-08-27 18:30:00,2236889871_310445673_0,2236889871,310445673,0,secondary,54.7,120.26,9,18.7,50.0,0.6264,heavy,2246.7,open,
heavy_congestion,2026-08-27 18:30:00,11539602694_11539602700_0,11539602694,11539602700,0,trunk,33.3,121.47,5,29.6,60.0,0.5061,heavy,3599.5,open,
heavy_congestion,2026-08-27 18:30:00,2247752631_2249639515_0,2247752631,2249639515,0,secondary,84.9,161.51,19,13.7,38.0,0.6393,heavy,2213.6,open,
peak_hour,2026-08-27 18:30:00,3145250141_5573811040_0,3145250141,5573811040,0,secondary,9.6,144.68,2,5.7,60.0,0.9042,severe,831.2,open,
multiple_congested,2026-08-27 18:00:00,10047125837_1657344252_0,10047125837,1657344252,0,secondary,46.9,172.82,11,12.0,38.0,0.6841,heavy,2074.7,open,
sudden_congestion,2026-08-27 15:00:00,12707261439_12311513757_0,12707261439,12311513757,0,secondary,177.0,28.62,7,49.3,60.0,0.1789,low,1410.1,open,
clearing,2026-08-27 21:00:00,2243963430_2243963527_0,2243963430,2243963527,0,secondary,112.1,42.66,6,31.6,38.0,0.1689,low,1347.5,open,
peak_hour,2026-08-27 18:30:00,3208710160_3208710463_0,3208710160,3208710463,0,primary,63.4,167.06,14,16.8,45.0,0.6265,heavy,2808.1,open,
heavy_congestion,2026-08-27 18:30:00,2090103753_3602479311_0,2090103753,3602479311,0,secondary,44.5,205.17,12,7.1,38.0,0.8121,severe,1464.7,open,
peak_hour,2026-08-27 18:30:00,6393193231_6393193228_0,6393193231,6393193228,0,primary,78.4,119.68,13,24.1,60.0,0.5984,heavy,2883.9,open,
sudden_congestion,2026-08-27 15:00:00,3602307344_1748882951_0,3602307344,1748882951,0,secondary,17.1,64.19,1,28.3,38.0,0.2541,low,1819.4,open,
accident,2026-08-27 17:30:00,7220801889_2785085485_0,7220801889,2785085485,0,secondary,45.7,160.85,10,13.8,38.0,0.6367,heavy,2220.6,open,
road_closure,2026-08-27 16:00:00,315060301_315058907_0,315060301,315058907,0,primary,54.2,77.2,6,36.8,60.0,0.386,moderate,2844.1,open,
heavy_congestion,2026-08-27 18:30:00,4310957584_3218826796_0,4310957584,3218826796,0,secondary,449.2,152.0,93,5.0,60.0,0.95,severe,760.0,open,
normal,2026-08-27 14:00:00,11944521816_11944521815_0,11944521816,11944521815,0,primary_link,8.7,71.63,1,24.6,30.0,0.1791,low,1764.1,open,
heavy_congestion,2026-08-27 18:30:00,3602486688_3602486687_0,3602486688,3602486687,0,secondary,9.0,238.34,3,5.0,38.0,0.9434,severe,1191.7,open,
clearing,2026-08-27 21:00:00,2800742482_2726477240_0,2800742482,2726477240,0,secondary,70.2,34.47,3,41.0,50.0,0.1795,low,1414.2,open,
accident,2026-08-27 17:30:00,2782802481_2782802462_0,2782802481,2782802462,0,secondary,37.5,142.38,7,16.6,38.0,0.5636,heavy,2361.2,open,
clearing,2026-08-27 21:00:00,3612547494_3612547594_0,3612547494,3612547594,0,secondary,55.1,28.92,2,33.6,38.0,0.1145,low,973.2,open,
heavy_congestion,2026-08-27 18:30:00,3207276431_308960174_0,3207276431,308960174,0,primary_link,88.5,380.0,46,5.0,30.0,0.95,severe,1900.0,open,
heavy_congestion,2026-08-27 18:30:00,2249701171_3186227070_0,2249701171,3186227070,0,primary,186.4,227.28,57,6.6,45.0,0.8523,severe,1510.6,open,
clearing,2026-08-27 21:00:00,11527773037_4313223691_0,11527773037,4313223691,0,secondary,75.1,37.55,4,32.4,38.0,0.1486,low,1214.8,open,
road_closure,2026-08-27 16:00:00,2852225781_2852310344_0,2852225781,2852310344,0,secondary,17.7,66.37,2,32.7,50.0,0.3457,moderate,2171.4,open,
sudden_congestion,2026-08-27 15:00:00,2934115999_3618949553_0,2934115999,3618949553,0,secondary,47.1,27.6,2,49.6,60.0,0.1725,low,1370.5,open,
clearing,2026-08-27 21:00:00,2803146471_2803146456_0,2803146471,2803146456,0,secondary,60.7,28.67,2,33.7,38.0,0.1135,low,965.8,open,
heavy_congestion,2026-08-27 18:30:00,4184916033_11740820707_0,4184916033,11740820707,0,secondary,8.3,178.11,2,11.2,38.0,0.705,severe,1996.5,open,
multiple_congested,2026-08-27 18:00:00,1748011674_6297948162_0,1748011674,6297948162,0,secondary,68.3,201.33,19,7.7,38.0,0.7969,severe,1553.7,open,
multiple_congested,2026-08-27 18:00:00,2234288264_5611782946_0,2234288264,5611782946,0,secondary,1108.6,237.21,356,5.0,38.0,0.939,severe,1186.1,open,
sudden_congestion,2026-08-27 15:00:00,1596679880_1596680249_0,1596679880,1596680249,0,trunk,121.3,74.55,12,47.6,60.0,0.2071,low,3546.6,open,
sudden_congestion,2026-08-27 15:00:00,1967929615_1967929599_0,1967929615,1967929599,0,secondary,142.7,63.2,12,28.5,38.0,0.2502,low,1800.9,open,
clearing,2026-08-27 21:00:00,12079785369_12079777886_0,12079785369,12079777886,0,secondary,485.1,46.04,30,31.1,38.0,0.1822,low,1430.6,open,
peak_hour,2026-08-27 18:30:00,308532018_3612560814_0,308532018,3612560814,0,secondary,4.8,163.34,1,7.5,50.0,0.8507,severe,1219.2,open,
multiple_congested,2026-08-27 18:00:00,3598269214_8389425219_0,3598269214,8389425219,0,secondary,88.7,165.09,20,7.0,50.0,0.8598,severe,1157.1,open,
road_closure,2026-08-27 16:00:00,2782802294_3598282779_0,2782802294,3598282779,0,secondary,41.9,69.26,4,27.6,38.0,0.2742,low,1910.4,open,
normal,2026-08-27 14:00:00,1427645960_1427645975_0,1427645960,1427645975,0,primary,85.3,45.74,5,37.3,45.0,0.1715,low,1705.1,open,
heavy_congestion,2026-08-27 18:30:00,9729732266_9729732265_0,9729732266,9729732265,0,primary_link,13.5,291.43,5,8.1,30.0,0.7286,severe,2373.1,open,
normal,2026-08-27 14:00:00,3164348351_3164363657_0,3164348351,3164363657,0,secondary,11.3,29.71,0,48.9,60.0,0.1857,low,1451.5,open,
normal,2026-08-27 14:00:00,3791314993_3158856603_0,3791314993,3158856603,0,trunk,9.2,30.32,0,52.4,60.0,0.1263,low,1589.5,open,
clearing,2026-08-27 21:00:00,13088517001_13088465593_0,13088517001,13088465593,0,secondary,10.8,39.27,1,32.1,38.0,0.1555,low,1260.4,open,
normal,2026-08-27 14:00:00,2245996219_2245996243_0,2245996219,2245996243,0,secondary,41.6,36.66,2,32.5,38.0,0.1451,low,1190.8,open,
accident,2026-08-27 17:30:00,10279357896_10279357895_0,10279357896,10279357895,0,secondary,10.9,126.26,2,12.7,60.0,0.7891,severe,1597.4,open,
accident,2026-08-27 17:30:00,2738997528_2738997654_0,2738997528,2738997654,0,secondary,36.0,118.96,6,20.1,38.0,0.4709,moderate,2391.9,open,
road_closure,2026-08-27 16:00:00,3614507004_4193169243_0,3614507004,4193169243,0,secondary,21.1,104.69,3,22.3,38.0,0.4144,moderate,2329.6,open,
road_closure,2026-08-27 16:00:00,3182362250_2249841947_0,3182362250,2249841947,0,secondary,119.9,74.92,12,26.7,38.0,0.2966,low,2002.6,open,
multiple_congested,2026-08-27 18:00:00,3614507004_4193169243_0,3614507004,4193169243,0,secondary,21.1,237.83,7,5.0,38.0,0.9414,severe,1189.2,open,
sudden_congestion,2026-08-27 15:00:00,3612574204_6149728074_0,3612574204,6149728074,0,primary,351.0,38.37,18,48.5,60.0,0.1919,low,1860.5,open,
normal,2026-08-27 14:00:00,308525917_307081804_0,308525917,307081804,0,trunk,52.8,35.46,3,51.1,60.0,0.1477,low,1813.1,open,
peak_hour,2026-08-27 18:30:00,2738998019_2738998014_0,2738998019,2738998014,0,secondary,21.3,221.84,6,5.0,38.0,0.8781,severe,1109.2,open,
clearing,2026-08-27 21:00:00,9691240065_11893540187_0,9691240065,11893540187,0,secondary,23.5,41.32,1,31.8,38.0,0.1636,low,1313.3,open,
accident,2026-08-27 17:30:00,2284444451_2284444431_0,2284444451,2284444431,0,trunk,1215.4,98.62,162,35.3,60.0,0.4109,moderate,3485.8,open,
peak_hour,2026-08-27 18:30:00,11144052282_11144052281_0,11144052282,11144052281,0,primary,26.2,146.06,5,16.2,60.0,0.7303,severe,2363.6,open,
sudden_congestion,2026-08-27 15:00:00,4180421359_7675648371_0,4180421359,7675648371,0,trunk,97.2,52.73,7,46.8,60.0,0.2197,low,2468.7,open,
sudden_congestion,2026-08-27 15:00:00,3614571714_3614571776_0,3614571714,3614571776,0,primary,137.9,64.25,12,34.2,45.0,0.2409,low,2194.6,open,
sudden_congestion,2026-08-27 15:00:00,2854456252_2854456239_0,2854456252,2854456239,0,secondary,65.8,37.22,3,40.3,50.0,0.1939,low,1500.2,open,
accident,2026-08-27 17:30:00,14091869119_14091869120_0,14091869119,14091869120,0,secondary_link,9.9,232.27,3,9.0,28.0,0.6774,heavy,2097.7,open,
road_closure,2026-08-27 16:00:00,11944123575_10716389391_0,11944123575,10716389391,0,motorway_link,770.7,71.96,75,43.8,60.0,0.2699,low,3152.6,open,
normal,2026-08-27 14:00:00,308775929_6518597952_0,308775929,6518597952,0,secondary,36.6,30.96,2,41.9,50.0,0.1613,low,1298.5,open,
normal,2026-08-27 14:00:00,5116580922_7701078363_0,5116580922,7701078363,0,secondary,69.0,31.81,3,48.1,60.0,0.1988,low,1529.1,open,
sudden_congestion,2026-08-27 15:00:00,3158978742_13922150189_0,3158978742,13922150189,0,secondary,234.8,34.29,11,47.1,60.0,0.2143,low,1616.3,open,
heavy_congestion,2026-08-27 18:30:00,3151970850_3151921719_0,3151970850,3151921719,0,secondary,11.2,226.95,3,5.0,38.0,0.8983,severe,1134.7,open,
sudden_congestion,2026-08-27 15:00:00,308532006_3612559950_0,308532006,3612559950,0,secondary,39.1,45.09,2,38.3,50.0,0.2348,low,1725.1,open,
clearing,2026-08-27 21:00:00,2244373906_2244373694_0,2244373906,2244373694,0,primary,64.0,29.04,3,51.3,60.0,0.1452,low,1489.4,open,
peak_hour,2026-08-27 18:30:00,2886936221_2886936220_0,2886936221,2886936220,0,secondary,18.5,153.09,4,15.0,38.0,0.606,heavy,2292.2,open,
accident,2026-08-27 17:30:00,11947260628_11947260629_0,11947260628,11947260629,0,secondary,9.4,155.42,2,14.6,38.0,0.6152,heavy,2272.6,open,
sudden_congestion,2026-08-27 15:00:00,7680113190_3602487137_0,7680113190,3602487137,0,secondary,65.4,64.5,6,28.3,38.0,0.2553,low,1825.2,open,
normal,2026-08-27 14:00:00,660579409_11862986578_0,660579409,11862986578,0,secondary,88.5,47.73,6,30.8,38.0,0.1889,low,1471.1,open,
road_closure,2026-08-27 16:00:00,3207179002_6353976393_0,3207179002,6353976393,0,secondary,8.9,99.42,1,23.0,38.0,0.3935,moderate,2291.2,open,
heavy_congestion,2026-08-27 18:30:00,2593937207_3598313045_0,2593937207,3598313045,0,secondary,20.3,152.32,4,10.3,50.0,0.7934,severe,1573.9,open,
multiple_congested,2026-08-27 18:00:00,7649657359_7649657380_0,7649657359,7649657380,0,primary,258.1,147.42,52,15.8,60.0,0.7371,severe,2325.4,open,
multiple_congested,2026-08-27 18:00:00,12833576168_11460290546_0,12833576168,11460290546,0,secondary,368.6,213.56,107,5.9,38.0,0.8454,severe,1255.0,open,
normal,2026-08-27 14:00:00,4308409810_3975687716_0,4308409810,3975687716,0,motorway_link,332.0,70.17,32,36.1,45.0,0.1973,low,2534.4,open,
sudden_congestion,2026-08-27 15:00:00,7142538114_7142538103_0,7142538114,7142538103,0,secondary,57.1,69.28,5,27.6,38.0,0.2742,low,1910.6,open,
peak_hour,2026-08-27 18:30:00,3174139170_291505394_0,3174139170,291505394,0,primary,107.2,128.82,19,21.4,60.0,0.6441,heavy,2750.9,open,
heavy_congestion,2026-08-27 18:30:00,353736952_1750007586_0,353736952,1750007586,0,secondary,28.6,191.45,7,9.2,38.0,0.7578,severe,1761.8,open,
accident,2026-08-27 17:30:00,2855073232_2855073234_0,2855073232,2855073234,0,secondary,58.8,94.49,8,25.4,50.0,0.4921,moderate,2399.4,open,
heavy_congestion,2026-08-27 18:30:00,2898573399_7532303007_0,2898573399,7532303007,0,secondary,7.8,195.44,2,8.6,38.0,0.7736,severe,1681.3,open,
peak_hour,2026-08-27 18:30:00,1323672251_3602303323_0,1323672251,3602303323,0,primary,84.7,371.02,43,5.0,60.0,0.9276,severe,1855.1,open,
multiple_congested,2026-08-27 18:00:00,4201856844_7587946732_0,4201856844,7587946732,0,secondary,33.2,157.74,7,14.3,38.0,0.6244,heavy,2251.5,open,
accident,2026-08-27 17:30:00,6885035899_6885035897_0,6885035899,6885035897,0,motorway_link,212.7,79.73,23,48.2,120.0,0.598,heavy,3846.4,open,
normal,2026-08-27 14:00:00,7713606169_2236837728_0,7713606169,2236837728,0,trunk,222.5,39.59,12,50.1,60.0,0.165,low,1983.5,open,
normal,2026-08-27 14:00:00,306605193_306605197_0,306605193,306605197,0,primary,23.2,62.57,2,34.4,45.0,0.2346,low,2155.0,open,
normal,2026-08-27 14:00:00,4552508265_3598270228_0,4552508265,3598270228,0,secondary,26.7,34.52,1,41.0,50.0,0.1798,low,1415.7,open,
sudden_congestion,2026-08-27 15:00:00,701228111_11521112899_0,701228111,11521112899,0,primary,12.9,74.92,1,45.0,60.0,0.2497,low,3372.7,open,
normal,2026-08-27 14:00:00,11268552557_2402415834_0,11268552557,2402415834,0,secondary,140.2,47.71,9,30.8,38.0,0.1889,low,1470.7,open,
peak_hour,2026-08-27 18:30:00,7682662072_7682662074_0,7682662072,7682662074,0,secondary,89.9,141.75,17,6.8,60.0,0.8859,severe,970.2,open,
clearing,2026-08-27 21:00:00,662741897_7701752874_0,662741897,7701752874,0,primary,9.3,37.76,0,48.7,60.0,0.1888,low,1837.8,open,
normal,2026-08-27 14:00:00,6308390082_6308390063_0,6308390082,6308390063,0,secondary,67.7,47.66,4,30.8,38.0,0.1887,low,1469.5,open,
peak_hour,2026-08-27 18:30:00,10384248283_10038892963_0,10384248283,10038892963,0,secondary,46.5,161.77,10,7.9,50.0,0.8425,severe,1273.6,open,
heavy_congestion,2026-08-27 18:30:00,309838066_1779447583_0,309838066,1779447583,0,secondary,12.4,240.0,4,5.0,38.0,0.95,severe,1200.0,open,
multiple_congested,2026-08-27 18:00:00,13387038981_13382867232_0,13387038981,13382867232,0,primary,1.4,183.11,0,14.1,45.0,0.6867,heavy,2581.8,open,
normal,2026-08-27 14:00:00,315072782_7694261099_0,315072782,7694261099,0,secondary,7.5,41.41,0,39.2,50.0,0.2157,low,1624.1,open,
peak_hour,2026-08-27 18:30:00,2886925111_12787705862_0,2886925111,12787705862,0,secondary,575.0,211.21,165,6.2,38.0,0.8361,severe,1315.8,open,
road_closure,2026-08-27 16:00:00,2178003468_2178007098_0,2178003468,2178007098,0,primary,55.9,65.44,5,40.4,60.0,0.3272,moderate,2641.7,open,
clearing,2026-08-27 21:00:00,2852296143_2852296176_0,2852296143,2852296176,0,secondary,30.1,45.1,2,31.2,38.0,0.1785,low,1407.8,open,
sudden_congestion,2026-08-27 15:00:00,3817562686_10600434129_0,3817562686,10600434129,0,primary,26.8,51.04,2,44.7,60.0,0.2552,low,2280.7,open,
accident,2026-08-27 17:30:00,4180190110_4182728015_0,4180190110,4182728015,0,secondary,448.6,169.76,103,12.5,38.0,0.672,heavy,2116.1,open,
normal,2026-08-27 14:00:00,9699614069_314936817_0,9699614069,314936817,0,primary,162.2,33.88,7,49.8,60.0,0.1694,low,1688.4,open,
peak_hour,2026-08-27 18:30:00,2245996427_2245996428_0,2245996427,2245996428,0,secondary,9.7,222.72,3,5.0,38.0,0.8816,severe,1113.6,open,
heavy_congestion,2026-08-27 18:30:00,308531998_308532002_0,308531998,308532002,0,secondary,92.2,130.82,16,15.9,50.0,0.6814,heavy,2084.2,open,
multiple_congested,2026-08-27 18:00:00,10108052270_12741205345_0,10108052270,12741205345,0,primary,36.6,186.64,9,5.0,60.0,0.9332,severe,933.2,open,
road_closure,2026-08-27 16:00:00,6923823038_2782802683_0,6923823038,2782802683,0,secondary,8.3,85.44,1,25.1,38.0,0.3382,moderate,2148.7,open,
heavy_congestion,2026-08-27 18:30:00,13304436276_1779042079_0,13304436276,1779042079,0,primary_link,23.8,380.0,12,5.0,30.0,0.95,severe,1900.0,open,
road_closure,2026-08-27 16:00:00,3186227085_3186227086_0,3186227085,3186227086,0,trunk,52.9,82.42,6,39.4,60.0,0.3434,moderate,3246.9,open,
accident,2026-08-27 17:30:00,4314601182_3943263708_0,4314601182,3943263708,0,secondary,113.2,88.52,14,26.8,60.0,0.5532,heavy,2372.8,open,
road_closure,2026-08-27 16:00:00,3612537862_3670019019_0,3612537862,3670019019,0,trunk,25.3,78.93,3,40.3,60.0,0.3289,moderate,3178.3,open,
accident,2026-08-27 17:30:00,11189641036_1725150612_0,11189641036,1725150612,0,secondary,8.0,150.41,2,10.8,50.0,0.7834,severe,1629.0,open,
accident,2026-08-27 17:30:00,306605406_306605408_0,306605406,306605408,0,secondary,83.4,198.93,22,8.1,38.0,0.7874,severe,1606.9,open,
accident,2026-08-27 17:30:00,3598282606_2786981997_0,3598282606,2786981997,0,secondary,62.0,139.14,12,17.1,38.0,0.5508,heavy,2375.3,open,
accident,2026-08-27 17:30:00,3204089052_353720873_0,3204089052,353720873,0,secondary,249.6,106.08,36,20.2,60.0,0.663,heavy,2144.9,open,
multiple_congested,2026-08-27 18:00:00,308779450_6507460666_0,308779450,6507460666,0,secondary,56.6,178.05,14,11.2,38.0,0.7048,severe,1997.4,open,
normal,2026-08-27 14:00:00,5273744068_5273744069_0,5273744068,5273744069,0,secondary,55.6,23.49,2,51.2,60.0,0.1468,low,1202.4,open,
heavy_congestion,2026-08-27 18:30:00,2225281333_2232016954_0,2225281333,2232016954,0,secondary,77.8,240.0,25,5.0,38.0,0.95,severe,1200.0,open,
heavy_congestion,2026-08-27 18:30:00,4195161316_11256641623_0,4195161316,11256641623,0,primary,12.6,149.01,3,15.3,60.0,0.745,severe,2279.4,open,
multiple_congested,2026-08-27 18:00:00,10047125836_10047125837_0,10047125836,10047125837,0,secondary,21.8,208.66,6,6.6,38.0,0.8259,severe,1380.1,open,
multiple_congested,2026-08-27 18:00:00,11478092792_4189396489_0,11478092792,4189396489,0,primary,52.4,228.39,16,6.5,45.0,0.8565,severe,1475.2,open,
sudden_congestion,2026-08-27 15:00:00,9697175761_6153396721_0,9697175761,6153396721,0,primary,172.3,39.37,9,48.2,60.0,0.1968,low,1897.1,open,
heavy_congestion,2026-08-27 18:30:00,2782802898_2782950217_0,2782802898,2782950217,0,secondary,88.0,180.4,22,10.9,38.0,0.7141,severe,1960.0,open,
peak_hour,2026-08-27 18:30:00,4314601759_2187030125_0,4314601759,2187030125,0,motorway,891.0,108.8,131,71.0,120.0,0.408,moderate,7729.2,open,
accident,2026-08-27 17:30:00,10593527562_5486729268_0,10593527562,5486729268,0,primary,5.4,104.21,1,28.7,60.0,0.5211,heavy,2994.7,open,
clearing,2026-08-27 21:00:00,701233556_701233565_0,701233556,701233565,0,secondary,226.8,46.16,14,33.4,38.0,0.1218,low,1540.4,open,
heavy_congestion,2026-08-27 18:30:00,11946853651_11946853650_0,11946853651,11946853650,0,secondary_link,5.8,303.16,2,5.0,28.0,0.8842,severe,1515.8,open,
heavy_congestion,2026-08-27 18:30:00,2234498762_308943098_0,2234498762,308943098,0,secondary,42.2,174.59,10,11.7,38.0,0.6911,heavy,2049.5,open,
peak_hour,2026-08-27 18:30:00,13883073891_7663584195_0,13883073891,7663584195,0,secondary,184.6,145.24,36,5.5,60.0,0.9078,severe,803.8,open,
multiple_congested,2026-08-27 18:00:00,7594339146_7594417865_0,7594339146,7594417865,0,secondary,72.8,178.77,18,11.1,38.0,0.7076,severe,1986.2,open,
multiple_congested,2026-08-27 18:00:00,2434195515_3618958587_0,2434195515,3618958587,0,secondary,331.3,127.42,57,16.8,50.0,0.6636,heavy,2143.0,open,
heavy_congestion,2026-08-27 18:30:00,11846818262_11217775321_0,11846818262,11217775321,0,secondary,80.3,225.26,25,5.0,38.0,0.8916,severe,1126.3,open,
sudden_congestion,2026-08-27 15:00:00,2225281783_2222305317_0,2225281783,2222305317,0,secondary,19.6,45.85,1,31.1,38.0,0.1815,low,1426.1,open,
road_closure,2026-08-27 16:00:00,3579914216_3579914200_0,3579914216,3579914200,0,secondary_link,16.6,121.19,3,18.1,28.0,0.3535,moderate,2193.9,open,
sudden_congestion,2026-08-27 15:00:00,2730859820_2730859822_0,2730859820,2730859822,0,secondary,25.5,42.42,1,31.6,38.0,0.1679,low,1341.3,open,
accident,2026-08-27 17:30:00,7712490376_4182402925_0,7712490376,4182402925,0,primary,38.1,236.18,12,5.1,45.0,0.8857,severe,1215.2,open,
clearing,2026-08-27 21:00:00,3204190486_3147189448_0,3204190486,3147189448,0,primary_link,36.0,71.4,3,24.6,30.0,0.1785,low,1759.7,open,
sudden_congestion,2026-08-27 15:00:00,3388931262_3612570565_0,3388931262,3612570565,0,secondary,30.6,28.7,1,49.2,60.0,0.1794,low,1413.0,open,
peak_hour,2026-08-27 18:30:00,5134742588_5134742532_0,5134742588,5134742532,0,trunk,126.8,146.64,25,23.3,60.0,0.611,heavy,3422.6,open,
peak_hour,2026-08-27 18:30:00,4189390799_4189390795_0,4189390799,4189390795,0,secondary,48.8,196.8,13,8.4,38.0,0.779,severe,1652.8,open,
multiple_congested,2026-08-27 18:00:00,4327973467_2188391706_0,4327973467,2188391706,0,trunk,32.9,129.71,6,27.6,60.0,0.5404,heavy,3576.4,open,
accident,2026-08-27 17:30:00,289916818_289916822_0,289916818,289916822,0,trunk,142.3,185.26,36,29.1,60.0,0.5146,heavy,5395.4,open,
sudden_congestion,2026-08-27 15:00:00,308783175_3178480463_0,308783175,3178480463,0,primary,291.0,59.56,23,42.1,60.0,0.2978,low,2509.5,open,
clearing,2026-08-27 21:00:00,7676177120_2780888248_0,7676177120,2780888248,0,secondary,25.0,33.23,1,41.3,50.0,0.1731,low,1373.8,open,
peak_hour,2026-08-27 18:30:00,306621569_2857758209_0,306621569,2857758209,0,secondary,23.4,181.66,6,10.7,38.0,0.7191,severe,1939.3,open,
peak_hour,2026-08-27 18:30:00,2780888242_11900776268_0,2780888242,11900776268,0,secondary,19.7,135.07,4,14.8,50.0,0.7035,severe,2002.6,open,
multiple_congested,2026-08-27 18:00:00,11568574029_11568574023_0,11568574029,11568574023,0,secondary,30.6,239.1,10,5.0,38.0,0.9464,severe,1195.5,open,
heavy_congestion,2026-08-27 18:30:00,2796373477_3598311370_0,2796373477,3598311370,0,secondary,35.7,152.0,7,5.0,60.0,0.95,severe,760.0,open,
clearing,2026-08-27 21:00:00,3284687278_7245990274_0,3284687278,7245990274,0,trunk,385.3,29.42,15,52.6,60.0,0.1226,low,1548.7,open,
accident,2026-08-27 17:30:00,366520687_2477255912_0,366520687,2477255912,0,secondary,100.2,151.36,21,23.7,50.0,0.5255,heavy,3590.6,open,
accident,2026-08-27 17:30:00,2234501767_11072641988_0,2234501767,11072641988,0,secondary,168.4,132.28,30,18.1,38.0,0.5236,heavy,2394.6,open,
heavy_congestion,2026-08-27 18:30:00,6117692092_308964091_0,6117692092,308964091,0,secondary,37.9,175.68,9,5.0,50.0,0.915,severe,878.4,open,
peak_hour,2026-08-27 18:30:00,3618950041_14075058275_0,3618950041,14075058275,0,secondary,389.7,112.6,59,17.8,60.0,0.7037,severe,2001.5,open,
normal,2026-08-27 14:00:00,12064346272_3602487659_0,12064346272,3602487659,0,secondary_link,4.8,82.13,1,21.3,28.0,0.2395,low,1748.8,open,
normal,2026-08-27 14:00:00,2221877102_1947502728_0,2221877102,1947502728,0,primary_link,8.7,94.66,1,22.9,30.0,0.2367,low,2167.8,open,
road_closure,2026-08-27 16:00:00,7579426746_3614460041_0,7579426746,3614460041,0,secondary,66.7,85.85,8,25.1,38.0,0.3398,moderate,2153.7,open,
normal,2026-08-27 14:00:00,11868472804_11868466755_0,11868472804,11868466755,0,secondary,236.5,39.77,13,32.0,38.0,0.1574,low,1273.3,open,
peak_hour,2026-08-27 18:30:00,4308409988_4182534787_0,4308409988,4182534787,0,secondary,274.9,164.52,61,13.3,38.0,0.6512,heavy,2180.4,open,
normal,2026-08-27 14:00:00,3598269249_2222306084_0,3598269249,2222306084,0,primary,130.8,52.24,9,44.3,60.0,0.2612,low,2315.6,open,
normal,2026-08-27 14:00:00,306612727_7680075477_0,306612727,7680075477,0,secondary,15.5,55.31,1,29.7,38.0,0.2189,low,1641.6,open,
multiple_congested,2026-08-27 18:00:00,13996839841_13996839842_0,13996839841,13996839842,0,secondary,5.0,220.21,2,5.0,38.0,0.8717,severe,1101.0,open,
sudden_congestion,2026-08-27 15:00:00,308777064_3612565467_0,308777064,3612565467,0,secondary,39.9,36.72,2,46.2,60.0,0.2295,low,1697.7,open,
peak_hour,2026-08-27 18:30:00,11569011250_7699884760_0,11569011250,7699884760,0,secondary,10.8,84.41,1,28.3,60.0,0.5276,heavy,2392.7,open,
sudden_congestion,2026-08-27 15:00:00,8630789143_8630789233_0,8630789143,8630789233,0,secondary,62.3,52.84,4,30.1,38.0,0.2092,low,1587.9,open,
accident,2026-08-27 17:30:00,6518797231_308613929_0,6518797231,308613929,0,primary,246.6,107.09,36,27.9,60.0,0.5354,heavy,2984.9,open,
normal,2026-08-27 14:00:00,2221877387_3598273021_0,2221877387,3598273021,0,secondary,11.3,43.02,1,38.8,50.0,0.2241,low,1669.0,open,
clearing,2026-08-27 21:00:00,634130390_308943103_0,634130390,308943103,0,secondary,93.3,41.55,5,31.8,38.0,0.1645,low,1319.2,open,
accident,2026-08-27 17:30:00,5273744040_7710631261_0,5273744040,7710631261,0,secondary,215.3,93.58,27,24.9,60.0,0.5849,heavy,2330.9,open,
clearing,2026-08-27 21:00:00,4201845684_4201856801_0,4201845684,4201856801,0,secondary,349.1,35.8,17,32.6,38.0,0.1417,low,1167.7,open,
sudden_congestion,2026-08-27 15:00:00,3598282706_2786023221_0,3598282706,2786023221,0,secondary,6.6,40.7,0,31.9,38.0,0.1611,low,1297.5,open,
multiple_congested,2026-08-27 18:00:00,722232284_1314820724_0,722232284,1314820724,0,primary,48.2,254.91,17,9.0,60.0,0.8497,severe,2299.0,open,
multiple_congested,2026-08-27 18:00:00,6887708330_11644756965_0,6887708330,11644756965,0,secondary,128.4,150.59,26,5.0,60.0,0.9412,severe,752.9,open,
multiple_congested,2026-08-27 18:00:00,12874942273_308767028_0,12874942273,308767028,0,primary_link,10.9,350.86,5,5.0,30.0,0.8772,severe,1754.3,open,
accident,2026-08-27 17:30:00,5137915601_11219767269_0,5137915601,11219767269,0,trunk_link,54.3,132.61,10,12.4,35.0,0.6446,heavy,1649.4,open,
accident,2026-08-27 17:30:00,11121491580_11971318309_0,11121491580,11971318309,0,secondary,65.2,175.3,15,11.6,38.0,0.6939,heavy,2039.1,open,
multiple_congested,2026-08-27 18:00:00,11827299599_11827299598_0,11827299599,11827299598,0,primary_link,21.5,352.9,10,5.0,30.0,0.8823,severe,1764.5,open,
peak_hour,2026-08-27 18:30:00,308767066_308767064_0,308767066,308767064,0,primary,372.8,187.48,95,5.0,60.0,0.9374,severe,937.4,open,
sudden_congestion,2026-08-27 15:00:00,307059952_7690166059_0,307059952,7690166059,0,primary,37.5,51.29,3,44.6,60.0,0.2564,low,2288.2,open,
heavy_congestion,2026-08-27 18:30:00,6329156635_596394714_0,6329156635,596394714,0,secondary_link,36.4,315.2,16,5.0,28.0,0.9193,severe,1576.0,open,
clearing,2026-08-27 21:00:00,2185099462_1949928737_0,2185099462,1949928737,0,primary_link,16.4,65.86,1,25.1,30.0,0.1647,low,1650.5,open,
accident,2026-08-27 17:30:00,5232286960_2410864155_0,5232286960,2410864155,0,secondary,30.0,138.85,6,17.1,38.0,0.5496,heavy,2376.4,open,
accident,2026-08-27 17:30:00,3614460550_3614460541_0,3614460550,3614460541,0,secondary,10.7,145.73,2,16.1,38.0,0.5768,heavy,2343.3,open,
accident,2026-08-27 17:30:00,7712490373_7712490372_0,7712490373,7712490372,0,primary,16.0,154.85,3,13.5,60.0,0.7743,severe,2097.3,open,
heavy_congestion,2026-08-27 18:30:00,2432754992_2432755017_0,2432754992,2432755017,0,secondary,72.3,193.26,19,8.9,38.0,0.765,severe,1725.9,open,
sudden_congestion,2026-08-27 15:00:00,2249639404_3602398688_0,2249639404,3602398688,0,secondary,245.7,54.27,18,29.8,38.0,0.2148,low,1619.3,open,
normal,2026-08-27 14:00:00,7637594323_7637594331_0,7637594323,7637594331,0,secondary,43.7,62.24,4,28.6,38.0,0.2464,low,1782.4,open,
multiple_congested,2026-08-27 18:00:00,3602487667_4203893890_0,3602487667,4203893890,0,secondary_link,344.2,289.62,135,5.0,28.0,0.8447,severe,1448.1,open,
road_closure,2026-08-27 16:00:00,3602485540_4194572639_0,3602485540,4194572639,0,secondary,218.0,60.36,18,37.4,60.0,0.3773,moderate,2255.4,open,
multiple_congested,2026-08-27 18:00:00,2590041981_2802822401_0,2590041981,2802822401,0,trunk,112.7,116.68,18,30.8,60.0,0.4862,moderate,3597.2,open,
road_closure,2026-08-27 16:00:00,9780784734_6150863598_0,9780784734,6150863598,0,trunk,243.6,73.79,24,41.6,60.0,0.3075,moderate,3066.2,open,
multiple_congested,2026-08-27 18:00:00,5230130815_5230130805_0,5230130815,5230130805,0,secondary,41.0,159.74,9,14.0,38.0,0.6323,heavy,2232.0,open,
sudden_congestion,2026-08-27 15:00:00,2803360710_2803360708_0,2803360710,2803360708,0,secondary,20.4,44.07,1,43.5,60.0,0.2754,low,1915.8,open,
accident,2026-08-27 17:30:00,3614471485_12318182625_0,3614471485,12318182625,0,secondary,1018.9,158.88,219,14.1,38.0,0.6289,heavy,2240.5,open,
accident,2026-08-27 17:30:00,2857520135_308783070_0,2857520135,308783070,0,secondary,37.2,116.21,6,19.7,50.0,0.6053,heavy,2293.6,open,
peak_hour,2026-08-27 18:30:00,2852277870_2852277872_0,2852277870,2852277872,0,secondary,188.2,161.92,41,7.8,50.0,0.8434,severe,1268.2,open,
multiple_congested,2026-08-27 18:00:00,2590077976_4182630298_0,2590077976,4182630298,0,trunk,25.2,187.57,6,13.1,60.0,0.7815,severe,2458.6,open,
clearing,2026-08-27 21:00:00,7732806133_308613838_0,7732806133,308613838,0,primary,12.3,31.2,1,39.7,45.0,0.117,low,1239.7,open,
heavy_congestion,2026-08-27 18:30:00,245640946_11521057055_0,245640946,11521057055,0,trunk,81.4,187.26,21,13.2,60.0,0.7803,severe,2469.0,open,
road_closure,2026-08-27 16:00:00,1210851324_1210852818_0,1210851324,1210852818,0,secondary,18.6,69.04,2,32.0,50.0,0.3596,moderate,2210.7,open,
accident,2026-08-27 17:30:00,11883030164_2782802898_0,11883030164,2782802898,0,secondary,84.0,184.77,21,10.2,38.0,0.7314,severe,1886.1,open,
normal,2026-08-27 14:00:00,7702814491_2653231827_0,7702814491,2653231827,0,secondary,9.0,31.12,0,48.3,60.0,0.1945,low,1503.8,open,
multiple_congested,2026-08-27 18:00:00,2583366357_11572105150_0,2583366357,11572105150,0,trunk,124.1,183.03,31,14.2,60.0,0.7626,severe,2606.9,open,
sudden_congestion,2026-08-27 15:00:00,3169765036_3169765039_0,3169765036,3169765039,0,trunk,38.0,54.66,3,46.3,60.0,0.2277,low,2532.6,open,
sudden_congestion,2026-08-27 15:00:00,1184186167_3618960220_0,1184186167,3618960220,0,primary,111.1,62.36,9,37.0,50.0,0.2599,low,2307.9,open,
heavy_congestion,2026-08-27 18:30:00,3618937374_2988138769_0,3618937374,2988138769,0,secondary,137.0,240.0,45,5.0,38.0,0.95,severe,1200.0,open,
accident,2026-08-27 17:30:00,3204330739_13238921239_0,3204330739,13238921239,0,primary,11.6,110.49,2,26.9,60.0,0.5524,heavy,2967.0,open,
multiple_congested,2026-08-27 18:00:00,306621441_306621439_0,306621441,306621439,0,secondary,78.2,203.41,22,7.4,38.0,0.8052,severe,1506.1,open,
clearing,2026-08-27 21:00:00,3146873008_289515752_0,3146873008,289515752,0,primary,96.6,29.06,4,51.3,60.0,0.1453,low,1490.5,open,
accident,2026-08-27 17:30:00,3204072401_3204072402_0,3204072401,3204072402,0,primary_link,12.6,332.59,6,5.1,30.0,0.8315,severe,1681.4,open,
normal,2026-08-27 14:00:00,5107303978_2231825949_0,5107303978,2231825949,0,secondary,7.3,47.99,0,30.8,38.0,0.19,low,1477.3,open,
heavy_congestion,2026-08-27 18:30:00,11947041761_11947041762_0,11947041761,11947041762,0,trunk_link,17.1,308.74,7,8.7,35.0,0.7504,severe,2697.1,open,
clearing,2026-08-27 21:00:00,2090103414_4189218636_0,2090103414,4189218636,0,secondary,332.7,45.14,20,31.2,38.0,0.1787,low,1408.7,open,
sudden_congestion,2026-08-27 15:00:00,2782802744_3598283379_0,2782802744,3598283379,0,secondary,9.9,45.55,1,31.1,38.0,0.1803,low,1418.8,open,
peak_hour,2026-08-27 18:30:00,12581361338_13754471197_0,12581361338,13754471197,0,secondary,9.7,168.56,2,12.6,38.0,0.6672,heavy,2131.6,open,
clearing,2026-08-27 21:00:00,10047125850_9569955898_0,10047125850,9569955898,0,secondary,298.3,41.3,17,31.8,38.0,0.1635,low,1312.9,open,
road_closure,2026-08-27 16:00:00,2243962381_11837155747_0,2243962381,11837155747,0,secondary,17.9,62.42,2,28.6,38.0,0.2471,low,1786.0,open,
peak_hour,2026-08-27 18:30:00,3598398809_3598398700_0,3598398809,3598398700,0,secondary,39.0,162.36,9,13.6,38.0,0.6427,heavy,2204.6,open,
clearing,2026-08-27 21:00:00,308960178_7734394631_0,308960178,7734394631,0,secondary,2.3,23.28,0,51.3,60.0,0.1455,low,1193.6,open,
normal,2026-08-27 14:00:00,4189193304_4189193306_0,4189193304,4189193306,0,secondary,26.1,56.61,2,29.5,38.0,0.2241,low,1669.0,open,
road_closure,2026-08-27 16:00:00,2852837391_2852837397_0,2852837391,2852837397,0,secondary,22.1,74.52,2,26.8,38.0,0.295,low,1996.4,open,
accident,2026-08-27 17:30:00,3618946628_7202757463_0,3618946628,7202757463,0,secondary,80.6,112.55,12,17.8,60.0,0.7034,severe,2002.7,open,
multiple_congested,2026-08-27 18:00:00,12635294383_12635294384_0,12635294383,12635294384,0,trunk_link,9.7,225.72,3,15.8,35.0,0.5486,heavy,3566.0,open,
multiple_congested,2026-08-27 18:00:00,9741601013_9741601008_0,9741601013,9741601008,0,secondary,56.7,176.08,14,11.5,38.0,0.697,heavy,2027.4,open,
road_closure,2026-08-27 16:00:00,6275678104_596396022_0,6275678104,596396022,0,secondary,26.2,67.15,2,27.9,38.0,0.2658,low,1873.4,open,
multiple_congested,2026-08-27 18:00:00,571160917_571160809_0,571160917,571160809,0,secondary,2386.4,207.45,671,6.8,38.0,0.8212,severe,1409.8,open,
clearing,2026-08-27 21:00:00,7682659578_7682659580_0,7682659578,7682659580,0,secondary,100.1,19.1,3,52.8,60.0,0.1194,low,1009.1,open,
normal,2026-08-27 14:00:00,2214196855_2214196852_0,2214196855,2214196852,0,secondary,149.8,51.04,10,30.3,38.0,0.202,low,1547.6,open,
multiple_congested,2026-08-27 18:00:00,3618957248_3618957429_0,3618957248,3618957429,0,secondary_link,114.9,289.2,45,5.0,28.0,0.8435,severe,1446.0,open,
heavy_congestion,2026-08-27 18:30:00,308964105_10722789428_0,308964105,10722789428,0,secondary,132.0,137.08,25,8.6,60.0,0.8567,severe,1178.2,open,
multiple_congested,2026-08-27 18:00:00,13382936348_4671479590_0,13382936348,4671479590,0,secondary,65.3,91.93,8,25.5,60.0,0.5746,heavy,2346.6,open,
accident,2026-08-27 17:30:00,3618947120_2791955612_0,3618947120,2791955612,0,secondary,620.4,126.74,107,12.5,60.0,0.7922,severe,1580.6,open,
accident,2026-08-27 17:30:00,5486709281_5486729263_0,5486709281,5486729263,0,primary,127.9,175.17,30,7.4,60.0,0.8759,severe,1304.8,open,
road_closure,2026-08-27 16:00:00,3598263326_2225281261_0,3598263326,2225281261,0,secondary,50.0,92.82,6,24.0,38.0,0.3674,moderate,2231.3,open,
multiple_congested,2026-08-27 18:00:00,14094113883_13817857743_0,14094113883,13817857743,0,secondary,53.8,179.61,13,11.0,38.0,0.7109,severe,1972.8,open,
road_closure,2026-08-27 16:00:00,4283917572_1971375173_0,4283917572,1971375173,0,secondary,10.8,38.78,1,45.5,60.0,0.2424,low,1762.8,open,
normal,2026-08-27 14:00:00,3598260410_6443218977_0,3598260410,6443218977,0,primary,37.1,40.63,2,47.8,60.0,0.2032,low,1942.7,open,
heavy_congestion,2026-08-27 18:30:00,7148079984_10154433590_0,7148079984,10154433590,0,secondary,154.9,152.0,32,5.0,60.0,0.95,severe,760.0,open,
normal,2026-08-27 14:00:00,2225281216_2225281191_0,2225281216,2225281191,0,secondary,36.6,45.09,2,31.2,38.0,0.1785,low,1407.6,open,
accident,2026-08-27 17:30:00,10107916956_306605216_0,10107916956,306605216,0,primary,27.3,162.75,6,16.1,50.0,0.6781,heavy,2619.3,open,
heavy_congestion,2026-08-27 18:30:00,7544099072_7544853560_0,7544099072,7544853560,0,primary,38.7,247.88,13,5.0,45.0,0.9296,severe,1239.4,open,
multiple_congested,2026-08-27 18:00:00,3598267310_2781136081_0,3598267310,2781136081,0,secondary,37.2,194.25,10,8.8,38.0,0.7689,severe,1705.8,open,
sudden_congestion,2026-08-27 15:00:00,4181147607_3602401827_0,4181147607,3602401827,0,secondary,33.8,63.07,3,28.5,38.0,0.2496,low,1798.3,open,
heavy_congestion,2026-08-27 18:30:00,2791955826_2791955828_0,2791955826,2791955828,0,secondary,44.9,240.0,15,5.0,38.0,0.95,severe,1200.0,open,
clearing,2026-08-27 21:00:00,3680189241_13394384095_0,3680189241,13394384095,0,trunk,192.7,25.32,7,53.7,60.0,0.1055,low,1359.0,open,
multiple_congested,2026-08-27 18:00:00,7630960125_11385036350_0,7630960125,11385036350,0,primary,285.4,207.11,80,18.6,60.0,0.6904,heavy,3847.6,open,
peak_hour,2026-08-27 18:30:00,3180195208_2847633958_0,3180195208,2847633958,0,primary,49.3,118.42,8,24.5,60.0,0.5921,heavy,2898.2,open,
accident,2026-08-27 17:30:00,11974700608_11974700606_0,11974700608,11974700606,0,secondary,96.5,104.91,14,20.7,60.0,0.6557,heavy,2167.3,open,
normal,2026-08-27 14:00:00,289908633_1947746818_0,289908633,1947746818,0,trunk,268.8,45.34,17,48.7,60.0,0.1889,low,2206.3,open,
accident,2026-08-27 17:30:00,310444484_2854456353_0,310444484,2854456353,0,secondary,30.9,123.49,5,17.8,50.0,0.6432,heavy,2203.2,open,
sudden_congestion,2026-08-27 15:00:00,6443048939_1866855479_0,6443048939,1866855479,0,secondary_link,10.5,57.87,1,23.3,28.0,0.1688,low,1346.9,open,
heavy_congestion,2026-08-27 18:30:00,11947121796_3612549427_0,11947121796,3612549427,0,trunk,263.5,150.95,54,22.3,60.0,0.629,heavy,3360.5,open,
peak_hour,2026-08-27 18:30:00,2188473975_2188474001_0,2188473975,2188474001,0,primary,1252.3,158.01,268,12.6,60.0,0.7901,severe,1990.4,open,
clearing,2026-08-27 21:00:00,11818418850_2733918685_0,11818418850,2733918685,0,secondary,103.4,32.74,5,33.1,38.0,0.1296,low,1082.9,open,
normal,2026-08-27 14:00:00,3602486397_2760699853_0,3602486397,2760699853,0,secondary,14.4,40.2,1,32.0,38.0,0.1591,low,1284.5,open,
clearing,2026-08-27 21:00:00,3154941620_3154922846_0,3154941620,3154922846,0,secondary,1573.6,46.63,99,31.0,38.0,0.1846,low,1444.8,open,
heavy_congestion,2026-08-27 18:30:00,9455062657_7537024264_0,9455062657,7537024264,0,primary,57.8,208.74,16,9.8,45.0,0.7828,severe,2040.4,open,
road_closure,2026-08-27 16:00:00,10279311588_2180952017_0,10279311588,2180952017,0,motorway,1277.1,44.95,78,99.8,120.0,0.1686,low,4484.9,open,
clearing,2026-08-27 21:00:00,3598282378_7712361664_0,3598282378,7712361664,0,secondary,60.5,28.14,2,33.8,38.0,0.1114,low,950.1,open,
accident,2026-08-27 17:30:00,6149177580_1296563028_0,6149177580,1296563028,0,secondary,435.7,115.32,68,16.8,60.0,0.7207,severe,1932.2,open,
road_closure,2026-08-27 16:00:00,7712535663_7712535658_0,7712535663,7712535658,0,primary,40.0,100.35,5,28.1,45.0,0.3763,moderate,2816.4,open,
road_closure,2026-08-27 16:00:00,3164238271_3164238270_0,3164238271,3164238270,0,trunk,14.2,47.55,1,48.1,60.0,0.1981,low,2287.9,open,
clearing,2026-08-27 21:00:00,3598266337_4242810857_0,3598266337,4242810857,0,secondary,60.9,22.68,2,44.1,50.0,0.1181,low,1000.0,open,
multiple_congested,2026-08-27 18:00:00,2245993636_2247608371_0,2245993636,2247608371,0,secondary,103.0,150.53,21,15.4,38.0,0.5958,heavy,2311.8,open,
normal,2026-08-27 14:00:00,3602301296_314924649_0,3602301296,314924649,0,secondary,296.7,33.73,14,47.4,60.0,0.2108,low,1597.2,open,
peak_hour,2026-08-27 18:30:00,6829395500_6829395499_0,6829395500,6829395499,0,primary,89.4,253.33,31,5.0,45.0,0.95,severe,1266.7,open,
clearing,2026-08-27 21:00:00,5137745049_3598384431_0,5137745049,3598384431,0,secondary_link,113.9,46.42,7,24.2,28.0,0.1354,low,1123.7,open,
sudden_congestion,2026-08-27 15:00:00,1705548474_11521058386_0,1705548474,11521058386,0,trunk,50.5,46.07,3,48.5,60.0,0.192,low,2233.7,open,
multiple_congested,2026-08-27 18:00:00,3649030563_3649030564_0,3649030563,3649030564,0,secondary,47.9,188.05,12,9.7,38.0,0.7444,severe,1826.7,open,
road_closure,2026-08-27 16:00:00,8087573767_3155766390_0,8087573767,3155766390,0,trunk,23.3,57.08,2,45.7,60.0,0.2378,low,2610.3,open,
heavy_congestion,2026-08-27 18:30:00,11524378788_11524378789_0,11524378788,11524378789,0,primary_link,9.4,380.0,5,5.0,30.0,0.95,severe,1900.0,open,
sudden_congestion,2026-08-27 15:00:00,3612559929_308532048_0,3612559929,308532048,0,secondary,64.5,32.0,3,41.7,50.0,0.1667,low,1333.2,open,
accident,2026-08-27 17:30:00,2245995324_3612546819_0,2245995324,3612546819,0,secondary,59.2,129.52,10,18.5,38.0,0.5127,heavy,2398.5,open,
peak_hour,2026-08-27 18:30:00,9849946160_3602301816_0,9849946160,3602301816,0,secondary,10.8,144.74,2,5.7,60.0,0.9047,severe,828.1,open,
heavy_congestion,2026-08-27 18:30:00,13371439861_662741288_0,13371439861,662741288,0,secondary,50.6,99.68,7,22.6,60.0,0.623,heavy,2254.7,open,
clearing,2026-08-27 21:00:00,4189438470_4189314814_0,4189438470,4189314814,0,secondary,450.3,30.93,19,33.3,38.0,0.1224,low,1031.5,open,
normal,2026-08-27 14:00:00,9931484646_7565612611_0,9931484646,7565612611,0,secondary,234.1,43.59,14,31.4,38.0,0.1726,low,1370.7,open,
sudden_congestion,2026-08-27 15:00:00,3670021634_356344529_0,3670021634,356344529,0,secondary,47.8,37.18,2,46.1,60.0,0.2324,low,1712.5,open,
peak_hour,2026-08-27 18:30:00,12317733671_12317733675_0,12317733671,12317733675,0,motorway_link,116.6,197.37,31,19.2,50.0,0.6168,heavy,3781.9,open,
sudden_congestion,2026-08-27 15:00:00,3618947120_3977390825_0,3618947120,3977390825,0,secondary,35.8,32.75,2,47.7,60.0,0.2047,low,1563.0,open,
clearing,2026-08-27 21:00:00,3169765034_3169765035_0,3169765034,3169765035,0,trunk,55.1,21.51,2,54.6,60.0,0.0896,low,1174.8,open,
road_closure,2026-08-27 16:00:00,4313223691_13758241408_0,4313223691,13758241408,0,secondary,139.3,103.93,20,22.4,38.0,0.4114,moderate,2324.6,open,
peak_hour,2026-08-27 18:30:00,5430979877_5430979876_0,5430979877,5430979876,0,trunk_link,22.4,291.84,9,10.2,35.0,0.7093,severe,2969.0,open,
sudden_congestion,2026-08-27 15:00:00,7605421287_7419125602_0,7605421287,7419125602,0,secondary,39.5,42.97,2,31.5,38.0,0.1701,low,1355.2,open,
heavy_congestion,2026-08-27 18:30:00,6275682562_3602486689_0,6275682562,3602486689,0,secondary,103.9,168.39,24,12.7,38.0,0.6665,heavy,2133.8,open,
sudden_congestion,2026-08-27 15:00:00,11173358358_3618952944_0,11173358358,3618952944,0,secondary,324.8,48.35,21,30.7,38.0,0.1914,low,1485.7,open,
road_closure,2026-08-27 16:00:00,13058381321_1779040747_0,13058381321,1779040747,0,primary,255.2,68.12,24,39.6,60.0,0.3406,moderate,2695.0,open,
peak_hour,2026-08-27 18:30:00,1971375176_11521711712_0,1971375176,11521711712,0,secondary,70.1,139.49,13,7.7,60.0,0.8718,severe,1072.7,open,
normal,2026-08-27 14:00:00,7682659574_7682659577_0,7682659574,7682659577,0,secondary,100.1,24.4,3,50.8,60.0,0.1525,low,1240.9,open,
normal,2026-08-27 14:00:00,4180621142_9774168201_0,4180621142,9774168201,0,secondary,53.1,63.02,5,28.5,38.0,0.2495,low,1797.4,open,
accident,2026-08-27 17:30:00,4182402962_13410057801_0,4182402962,13410057801,0,trunk,168.7,121.7,28,29.6,60.0,0.5071,heavy,3599.3,open,
accident,2026-08-27 17:30:00,663139342_2852259443_0,663139342,2852259443,0,primary,36.5,134.76,7,22.3,45.0,0.5053,heavy,2999.7,open,
sudden_congestion,2026-08-27 15:00:00,306605298_312810195_0,306605298,312810195,0,secondary,48.2,39.78,3,32.0,38.0,0.1574,low,1273.5,open,
heavy_congestion,2026-08-27 18:30:00,3602490141_3218835220_0,3602490141,3218835220,0,secondary,74.4,152.0,15,5.0,60.0,0.95,severe,760.0,open,
accident,2026-08-27 17:30:00,3666158908_13774466116_0,3666158908,13774466116,0,trunk,136.3,142.74,26,24.3,60.0,0.5948,heavy,3470.7,open,
road_closure,2026-08-27 16:00:00,12672525853_2242581827_0,12672525853,2242581827,0,trunk_link,16.1,123.66,3,24.5,35.0,0.3006,moderate,3027.3,open,
clearing,2026-08-27 21:00:00,3612553368_4198353354_0,3612553368,4198353354,0,primary,24.8,42.38,1,41.2,50.0,0.1766,low,1744.8,open,
peak_hour,2026-08-27 18:30:00,2581958990_2581958986_0,2581958990,2581958986,0,primary,981.2,222.5,296,7.5,45.0,0.8344,severe,1658.4,open,
normal,2026-08-27 14:00:00,5143098122_12079777871_0,5143098122,12079777871,0,secondary_link,9.0,52.69,1,23.7,28.0,0.1537,low,1248.6,open,
road_closure,2026-08-27 16:00:00,13329914269_13329906633_0,13329914269,13329906633,0,primary,21.3,65.32,2,40.4,60.0,0.3266,moderate,2639.1,open,
multiple_congested,2026-08-27 18:00:00,3579912829_1709116074_0,3579912829,1709116074,0,primary,75.9,190.0,20,5.0,60.0,0.95,severe,950.0,open,
multiple_congested,2026-08-27 18:00:00,7547139759_7547139769_0,7547139759,7547139769,0,trunk,29.2,131.44,5,27.1,60.0,0.5477,heavy,3567.3,open,
peak_hour,2026-08-27 18:30:00,11365390994_308975698_0,11365390994,308975698,0,primary,122.5,253.33,42,5.0,45.0,0.95,severe,1266.7,open,
accident,2026-08-27 17:30:00,13279745875_6149527461_0,13279745875,6149527461,0,secondary,12.0,124.89,2,13.2,60.0,0.7806,severe,1644.2,open,
multiple_congested,2026-08-27 18:00:00,1339491134_649056268_0,1339491134,649056268,0,secondary,77.8,159.78,17,8.4,50.0,0.8322,severe,1340.6,open,
sudden_congestion,2026-08-27 15:00:00,12875056637_12875056636_0,12875056637,12875056636,0,secondary,13.3,60.98,1,28.8,38.0,0.2414,low,1757.8,open,
peak_hour,2026-08-27 18:30:00,4342904950_4342904945_0,4342904950,4342904945,0,trunk,13.3,138.46,2,25.4,60.0,0.5769,heavy,3514.8,open,
accident,2026-08-27 17:30:00,11944857072_4310387017_0,11944857072,4310387017,0,secondary,20.3,158.81,4,14.1,38.0,0.6286,heavy,2241.2,open,
multiple_congested,2026-08-27 18:00:00,7690332447_3579901667_0,7690332447,3579901667,0,secondary,323.9,144.64,63,16.2,38.0,0.5725,heavy,2349.5,open,
multiple_congested,2026-08-27 18:00:00,12756606442_12756606443_0,12756606442,12756606443,0,trunk_link,13.4,306.14,6,9.0,35.0,0.7441,severe,2742.1,open,
multiple_congested,2026-08-27 18:00:00,2090009631_3614573230_0,2090009631,3614573230,0,secondary,1157.6,166.91,262,12.9,38.0,0.6607,heavy,2152.1,open,
clearing,2026-08-27 21:00:00,10722607105_4208589750_0,10722607105,4208589750,0,secondary,36.0,28.43,1,42.6,50.0,0.1481,low,1211.2,open,
clearing,2026-08-27 21:00:00,8942027997_8942027998_0,8942027997,8942027998,0,secondary,106.6,21.34,3,52.0,60.0,0.1334,low,1109.6,open,
peak_hour,2026-08-27 18:30:00,306598197_306598217_0,306598197,306598217,0,secondary,67.3,181.16,17,10.7,38.0,0.7171,severe,1947.5,open,
road_closure,2026-08-27 16:00:00,308560758_2852505074_0,308560758,2852505074,0,secondary,10.1,70.34,1,27.4,38.0,0.2784,low,1928.7,open,
multiple_congested,2026-08-27 18:00:00,5486042451_3598282657_0,5486042451,3598282657,0,secondary,81.5,198.75,22,8.1,38.0,0.7867,severe,1610.8,open,
road_closure,2026-08-27 16:00:00,7688051976_5580508821_0,7688051976,5580508821,0,secondary,10.8,91.65,1,24.2,38.0,0.3628,moderate,2219.2,open,
road_closure,2026-08-27 16:00:00,660553918_7571991446_0,660553918,7571991446,0,secondary,47.9,92.94,6,24.0,38.0,0.3679,moderate,2232.5,open,
road_closure,2026-08-27 16:00:00,4328527371_6232843188_0,4328527371,6232843188,0,primary,33.6,123.52,6,24.2,45.0,0.4632,moderate,2983.8,open,
heavy_congestion,2026-08-27 18:30:00,3204190486_3147096431_0,3204190486,3147096431,0,primary,25.7,170.12,6,9.0,60.0,0.8506,severe,1524.8,open,
multiple_congested,2026-08-27 18:00:00,2231794889_2231794892_0,2231794889,2231794892,0,secondary,34.6,156.98,7,9.1,50.0,0.8176,severe,1431.8,open,
sudden_congestion,2026-08-27 15:00:00,3614503764_8356554812_0,3614503764,8356554812,0,primary,1000.2,36.19,49,49.1,60.0,0.1809,low,1778.4,open,
clearing,2026-08-27 21:00:00,7698525643_2781464543_0,7698525643,2781464543,0,secondary,24.0,20.54,1,44.7,50.0,0.107,low,917.2,open,
peak_hour,2026-08-27 18:30:00,2234286962_661966815_0,2234286962,661966815,0,primary,426.9,253.33,147,5.0,45.0,0.95,severe,1266.7,open,
multiple_congested,2026-08-27 18:00:00,14000036141_1557484959_0,14000036141,1557484959,0,secondary,42.8,125.44,7,15.5,55.0,0.7187,severe,1940.9,open,
clearing,2026-08-27 21:00:00,6291447648_3602484248_0,6291447648,3602484248,0,secondary,70.4,30.09,3,33.5,38.0,0.1191,low,1007.2,open,
sudden_congestion,2026-08-27 15:00:00,11351442438_11351442437_0,11351442438,11351442437,0,secondary,179.3,38.42,9,45.6,60.0,0.2401,low,1751.5,open,
multiple_congested,2026-08-27 18:00:00,7648586558_2234995115_0,7648586558,2234995115,0,secondary,12.0,225.03,4,5.0,38.0,0.8908,severe,1125.2,open,
normal,2026-08-27 14:00:00,2199702657_3579908875_0,2199702657,3579908875,0,primary,259.9,57.8,20,35.2,45.0,0.2167,low,2037.1,open,
accident,2026-08-27 17:30:00,2231576282_2231576288_0,2231576282,2231576288,0,secondary,48.8,201.12,13,7.7,38.0,0.7961,severe,1558.4,open,
sudden_congestion,2026-08-27 15:00:00,5431226559_5968351377_0,5431226559,5968351377,0,primary_link,21.3,72.18,2,24.6,30.0,0.1805,low,1774.7,open,
normal,2026-08-27 14:00:00,3714509906_308777218_0,3714509906,308777218,0,primary,19.3,36.07,1,49.2,60.0,0.1803,low,1773.8,open,
road_closure,2026-08-27 16:00:00,4189577282_4189577281_0,4189577282,4189577281,0,primary,31.0,105.61,4,28.0,50.0,0.44,moderate,2956.9,open,
sudden_congestion,2026-08-27 15:00:00,12640454150_12640454149_0,12640454150,12640454149,0,secondary_link,12.4,63.51,1,22.8,28.0,0.1852,low,1448.9,open,
normal,2026-08-27 14:00:00,2859817431_13279519317_0,2859817431,13279519317,0,primary,202.9,73.23,20,32.6,45.0,0.2746,low,2390.4,open,
normal,2026-08-27 14:00:00,11477738716_3614465040_0,11477738716,3614465040,0,secondary,129.7,54.63,10,29.8,38.0,0.2163,low,1627.1,open,
road_closure,2026-08-27 16:00:00,2778813481_7692255280_0,2778813481,7692255280,0,secondary,17.7,82.5,2,25.6,38.0,0.3266,moderate,2111.2,open,
peak_hour,2026-08-27 18:30:00,308975694_1152797179_0,308975694,1152797179,0,primary,71.7,246.8,24,5.0,45.0,0.9255,severe,1234.0,open,
accident,2026-08-27 17:30:00,3612549711_2859386555_0,3612549711,2859386555,0,secondary,60.5,164.88,14,13.2,38.0,0.6526,heavy,2176.3,open,
clearing,2026-08-27 21:00:00,2236574846_2236574851_0,2236574846,2236574851,0,trunk,95.0,29.41,4,52.6,60.0,0.1225,low,1548.3,open,
normal,2026-08-27 14:00:00,9970003985_11972017006_0,9970003985,11972017006,0,secondary,198.1,26.11,7,31.3,40.0,0.2176,low,817.1,open,
accident,2026-08-27 17:30:00,10081115201_10081115199_0,10081115201,10081115199,0,secondary,67.7,156.2,14,14.5,38.0,0.6183,heavy,2265.7,open,
heavy_congestion,2026-08-27 18:30:00,11235713585_7547179712_0,11235713585,7547179712,0,trunk,664.3,128.54,116,27.9,60.0,0.5356,heavy,3581.8,open,
accident,2026-08-27 17:30:00,2854813543_4175547837_0,2854813543,4175547837,0,secondary,75.7,152.19,16,15.1,38.0,0.6024,heavy,2299.3,open,
sudden_congestion,2026-08-27 15:00:00,2236749823_9570269196_0,2236749823,9570269196,0,primary,117.8,34.92,6,49.5,60.0,0.1746,low,1729.2,open,
road_closure,2026-08-27 16:00:00,2245995387_2245995358_0,2245995387,2245995358,0,secondary,37.7,68.37,3,27.7,38.0,0.2706,low,1894.9,open,
accident,2026-08-27 17:30:00,2529078874_2744233349_0,2529078874,2744233349,0,primary,639.5,118.71,103,24.4,60.0,0.5935,heavy,2895.0,open,
road_closure,2026-08-27 16:00:00,596375631_7662775105_0,596375631,7662775105,0,trunk,137.7,76.17,14,41.0,60.0,0.3174,moderate,3119.7,open,
sudden_congestion,2026-08-27 15:00:00,3612556332_3612556378_0,3612556332,3612556378,0,secondary,15.0,34.48,1,41.0,50.0,0.1796,low,1414.5,open,
sudden_congestion,2026-08-27 15:00:00,8348447225_8348447227_0,8348447225,8348447227,0,secondary,126.8,30.3,5,48.6,60.0,0.1894,low,1473.6,open,
accident,2026-08-27 17:30:00,4208846486_2852844304_0,4208846486,2852844304,0,secondary,27.4,172.05,6,12.1,38.0,0.681,heavy,2085.4,open,
multiple_congested,2026-08-27 18:00:00,3612565395_308527271_0,3612565395,308527271,0,secondary,36.2,106.37,5,22.3,50.0,0.554,heavy,2372.0,open,
heavy_congestion,2026-08-27 18:30:00,3598317651_3598317623_0,3598317651,3598317623,0,primary,52.6,190.0,14,5.0,60.0,0.95,severe,950.0,open,
clearing,2026-08-27 21:00:00,7577452445_7246402367_0,7577452445,7246402367,0,secondary,17.7,43.22,1,31.5,38.0,0.1711,low,1361.3,open,
multiple_congested,2026-08-27 18:00:00,3614507656_13279222981_0,3614507656,13279222981,0,secondary,169.7,231.9,53,5.0,38.0,0.9179,severe,1159.5,open,
accident,2026-08-27 17:30:00,11219686998_3158978759_0,11219686998,3158978759,0,secondary,12.5,85.95,1,27.8,60.0,0.5372,heavy,2386.7,open,
multiple_congested,2026-08-27 18:00:00,308530102_3612557957_0,308530102,3612557957,0,secondary,75.4,115.22,12,20.0,50.0,0.6001,heavy,2303.8,open,
accident,2026-08-27 17:30:00,2090103414_2090103360_0,2090103414,2090103360,0,secondary,115.7,157.62,25,14.3,38.0,0.6239,heavy,2252.6,open,
accident,2026-08-27 17:30:00,7676618024_2234143237_0,7676618024,2234143237,0,secondary,48.8,139.99,9,16.9,38.0,0.5541,heavy,2371.9,open,
normal,2026-08-27 14:00:00,7682137608_7682137607_0,7682137608,7682137607,0,secondary,115.7,47.19,7,30.9,38.0,0.1868,low,1458.4,open,
normal,2026-08-27 14:00:00,1987984245_1987984274_0,1987984245,1987984274,0,secondary,66.2,40.08,4,45.0,60.0,0.2505,low,1802.5,open,
accident,2026-08-27 17:30:00,2185099462_1949928737_0,2185099462,1949928737,0,primary_link,16.4,285.75,6,8.6,30.0,0.7144,severe,2448.5,open,
peak_hour,2026-08-27 18:30:00,596396022_7002672336_0,596396022,7002672336,0,secondary,39.5,145.46,8,16.1,38.0,0.5758,heavy,2344.9,open,
sudden_congestion,2026-08-27 15:00:00,10103079121_7698855115_0,10103079121,7698855115,0,primary,20.5,61.29,2,41.6,60.0,0.3065,moderate,2550.5,open,
multiple_congested,2026-08-27 18:00:00,2852308284_4246088165_0,2852308284,4246088165,0,secondary,57.4,157.31,12,14.3,38.0,0.6227,heavy,2255.5,open,
sudden_congestion,2026-08-27 15:00:00,3614510408_7694868326_0,3614510408,7694868326,0,secondary,246.9,57.02,19,29.4,38.0,0.2257,low,1677.7,open,
multiple_congested,2026-08-27 18:00:00,11533511107_10081115202_0,11533511107,10081115202,0,secondary,41.7,203.12,11,7.4,38.0,0.804,severe,1512.6,open,
heavy_congestion,2026-08-27 18:30:00,1611088733_4182539428_0,1611088733,4182539428,0,secondary,229.3,230.39,72,5.0,38.0,0.912,severe,1152.0,open,
road_closure,2026-08-27 16:00:00,6390373716_2081227020_0,6390373716,2081227020,0,primary,24.0,55.73,2,43.3,60.0,0.2786,low,2412.0,open,
accident,2026-08-27 17:30:00,2766337685_3943263741_0,2766337685,3943263741,0,secondary,319.5,85.56,37,27.9,60.0,0.5347,heavy,2388.4,open,
sudden_congestion,2026-08-27 15:00:00,571166445_7444474472_0,571166445,7444474472,0,secondary,267.9,63.63,23,28.4,38.0,0.2519,low,1808.9,open,
heavy_congestion,2026-08-27 18:30:00,13403841002_1657351621_0,13403841002,1657351621,0,secondary,62.5,156.93,13,14.4,38.0,0.6212,heavy,2259.0,open,
sudden_congestion,2026-08-27 15:00:00,3612558560_308530107_0,3612558560,308530107,0,secondary,35.8,41.27,2,39.3,50.0,0.2149,low,1619.8,open,
accident,2026-08-27 17:30:00,12872717563_11542419649_0,12872717563,11542419649,0,primary,36.1,184.65,9,13.8,45.0,0.6924,heavy,2555.6,open,
normal,2026-08-27 14:00:00,2968385214_2968385213_0,2968385214,2968385213,0,primary,43.2,44.4,3,46.7,60.0,0.222,low,2072.5,open,
sudden_congestion,2026-08-27 15:00:00,5163706842_5163706840_0,5163706842,5163706840,0,secondary,50.5,69.26,5,27.6,38.0,0.2742,low,1910.3,open,
clearing,2026-08-27 21:00:00,5486109315_5486109314_0,5486109315,5486109314,0,secondary,2.4,42.44,0,31.6,38.0,0.168,low,1341.8,open,
clearing,2026-08-27 21:00:00,9727461614_9727461613_0,9727461614,9727461613,0,primary_link,21.2,80.98,2,23.9,30.0,0.2024,low,1937.5,open,
normal,2026-08-27 14:00:00,3614507887_11821929942_0,3614507887,11821929942,0,secondary,35.3,47.89,2,37.5,50.0,0.2494,low,1797.3,open,
normal,2026-08-27 14:00:00,13047850768_12595099872_0,13047850768,12595099872,0,trunk,216.5,44.52,13,48.9,60.0,0.1855,low,2175.8,open,
multiple_congested,2026-08-27 18:00:00,3598253478_3612576458_0,3598253478,3612576458,0,secondary,17.8,122.16,3,14.2,60.0,0.7635,severe,1733.3,open,
heavy_congestion,2026-08-27 18:30:00,4308788510_4308788526_0,4308788510,4308788526,0,secondary,22.0,164.04,5,13.3,38.0,0.6493,heavy,2186.0,open,
clearing,2026-08-27 21:00:00,701289640_701289772_0,701289640,701289772,0,motorway_link,381.4,60.14,31,45.3,50.0,0.094,low,2724.5,open,
sudden_congestion,2026-08-27 15:00:00,6829395494_6829353278_0,6829395494,6829353278,0,primary,114.3,64.46,10,34.1,45.0,0.2417,low,2199.6,open,
heavy_congestion,2026-08-27 18:30:00,3598271984_4271104059_0,3598271984,4271104059,0,trunk,78.7,149.16,16,22.7,60.0,0.6215,heavy,3387.5,open,
road_closure,2026-08-27 16:00:00,3164043338_7013425665_0,3164043338,7013425665,0,primary,108.4,100.97,15,39.8,60.0,0.3366,moderate,4019.2,open,
road_closure,2026-08-27 16:00:00,4189390799_4189390809_0,4189390799,4189390809,0,secondary,72.4,71.15,7,27.3,38.0,0.2816,low,1942.2,open,
multiple_congested,2026-08-27 18:00:00,2180797366_12640162533_0,2180797366,12640162533,0,primary,125.1,247.49,42,5.0,45.0,0.9281,severe,1237.5,open,
peak_hour,2026-08-27 18:30:00,4196526933_4204320990_0,4196526933,4204320990,0,secondary,77.9,67.16,7,17.6,40.0,0.5597,heavy,1182.9,open,
clearing,2026-08-27 21:00:00,6390395970_6390395973_0,6390395970,6390395973,0,primary,96.6,32.33,4,50.3,60.0,0.1616,low,1626.2,open,
road_closure,2026-08-27 16:00:00,3598260408_2854620556_0,3598260408,2854620556,0,primary,49.0,89.38,6,33.2,60.0,0.4469,moderate,2966.1,open,
peak_hour,2026-08-27 18:30:00,3614507820_3614507826_0,3614507820,3614507826,0,secondary,30.1,116.76,5,19.6,50.0,0.6081,heavy,2287.8,open,
peak_hour,2026-08-27 18:30:00,5486729268_5486729269_0,5486729268,5486729269,0,primary,71.9,147.58,14,15.7,60.0,0.7379,severe,2320.8,open,
clearing,2026-08-27 21:00:00,312780749_2859386566_0,312780749,2859386566,0,secondary,79.8,38.59,4,32.2,38.0,0.1527,low,1242.3,open,
clearing,2026-08-27 21:00:00,5569790383_5569790399_0,5569790383,5569790399,0,secondary,8.2,26.75,0,34.0,38.0,0.1059,low,908.9,open,
sudden_congestion,2026-08-27 15:00:00,3507327076_3507327048_0,3507327076,3507327048,0,trunk,1806.8,46.45,114,48.4,60.0,0.1935,low,2247.6,open,
accident,2026-08-27 17:30:00,3598265583_1250945427_0,3598265583,1250945427,0,secondary,451.8,235.88,144,10.2,20.0,0.4914,moderate,2399.3,open,
sudden_congestion,2026-08-27 15:00:00,11549021220_11549021221_0,11549021220,11549021221,0,secondary,48.4,44.76,3,31.3,38.0,0.1772,low,1399.6,open,
normal,2026-08-27 14:00:00,10279730772_2242581812_0,10279730772,2242581812,0,trunk,95.8,33.24,4,51.7,60.0,0.1385,low,1718.1,open,
heavy_congestion,2026-08-27 18:30:00,7594697638_7594697639_0,7594697638,7594697639,0,secondary,5.4,213.18,2,5.9,38.0,0.8438,severe,1265.1,open,
accident,2026-08-27 17:30:00,306609627_4177994589_0,306609627,4177994589,0,secondary,47.1,123.87,8,19.4,38.0,0.4903,moderate,2399.1,open,
accident,2026-08-27 17:30:00,2178003434_3182190023_0,2178003434,3182190023,0,trunk,40.2,212.9,12,33.4,60.0,0.4435,moderate,7108.2,open,
peak_hour,2026-08-27 18:30:00,3612546865_2852505073_0,3612546865,2852505073,0,secondary,21.3,218.74,6,5.1,38.0,0.8659,severe,1115.0,open,
peak_hour,2026-08-27 18:30:00,2841180714_2841180701_0,2841180714,2841180701,0,secondary,25.1,122.4,4,18.1,50.0,0.6375,heavy,2218.5,open,
peak_hour,2026-08-27 18:30:00,13883073890_2092674841_0,13883073890,2092674841,0,secondary,27.0,84.35,3,28.4,60.0,0.5272,heavy,2392.9,open,
normal,2026-08-27 14:00:00,7686548347_3612549762_0,7686548347,3612549762,0,trunk,47.4,47.05,3,41.8,50.0,0.1634,low,1968.3,open,
accident,2026-08-27 17:30:00,7675947574_7675947573_0,7675947574,7675947573,0,primary,12.9,217.36,4,8.3,45.0,0.8151,severe,1808.7,open,
clearing,2026-08-27 21:00:00,4334996341_2188391554_0,4334996341,2188391554,0,secondary,36.3,37.78,2,32.3,38.0,0.1495,low,1220.9,open,
heavy_congestion,2026-08-27 18:30:00,7540144048_7540144051_0,7540144048,7540144051,0,secondary_link,114.4,261.27,40,6.7,28.0,0.762,severe,1740.8,open,
accident,2026-08-27 17:30:00,306600841_307084399_0,306600841,307084399,0,secondary,33.5,124.96,6,19.2,38.0,0.4946,moderate,2399.7,open,
road_closure,2026-08-27 16:00:00,3598398830_2236889822_0,3598398830,2236889822,0,secondary,64.5,78.52,7,29.6,50.0,0.409,moderate,2320.4,open,
road_closure,2026-08-27 16:00:00,308933167_7715912285_0,308933167,7715912285,0,primary,136.1,79.04,15,36.3,60.0,0.3952,moderate,2868.2,open,
clearing,2026-08-27 21:00:00,2791955581_2791955587_0,2791955581,2791955587,0,secondary,34.5,29.68,1,33.5,38.0,0.1175,low,995.4,open,
sudden_congestion,2026-08-27 15:00:00,2177264409_2177264387_0,2177264409,2177264387,0,trunk,81.6,78.8,9,46.9,60.0,0.2189,low,3693.0,open,
normal,2026-08-27 14:00:00,7532280367_7531787069_0,7532280367,7531787069,0,secondary,27.5,39.03,1,32.1,38.0,0.1545,low,1254.0,open,
accident,2026-08-27 17:30:00,2782802533_3598283192_0,2782802533,3598283192,0,secondary,111.1,176.92,27,11.4,38.0,0.7003,severe,2014.8,open,
heavy_congestion,2026-08-27 18:30:00,2726468511_2726468508_0,2726468511,2726468508,0,secondary,12.5,211.4,4,6.2,38.0,0.8368,severe,1311.1,open,
heavy_congestion,2026-08-27 18:30:00,11971294425_2247607583_0,11971294425,2247607583,0,secondary,108.1,240.0,35,5.0,38.0,0.95,severe,1200.0,open,
heavy_congestion,2026-08-27 18:30:00,13352750973_2780909549_0,13352750973,2780909549,0,secondary,681.3,196.9,182,8.4,38.0,0.7794,severe,1650.7,open,
sudden_congestion,2026-08-27 15:00:00,2478095282_12640162532_0,2478095282,12640162532,0,trunk,395.7,31.33,17,52.2,60.0,0.1305,low,1634.4,open,
heavy_congestion,2026-08-27 18:30:00,7675947548_11949530778_0,7675947548,11949530778,0,primary,101.3,247.88,34,5.0,45.0,0.9295,severe,1239.4,open,
peak_hour,2026-08-27 18:30:00,2225436441_2225436454_0,2225436441,2225436454,0,secondary,47.0,197.28,13,8.3,38.0,0.7809,severe,1642.5,open,
multiple_congested,2026-08-27 18:00:00,2584868619_3248221126_0,2584868619,3248221126,0,secondary,45.2,167.02,10,12.9,38.0,0.6611,heavy,2150.8,open,
multiple_congested,2026-08-27 18:00:00,13817631381_13817631380_0,13817631381,13817631380,0,secondary,46.6,233.66,15,5.0,38.0,0.9249,severe,1168.3,open,
peak_hour,2026-08-27 18:30:00,3098826725_3158888370_0,3098826725,3158888370,0,primary,91.3,219.27,27,16.1,60.0,0.7309,severe,3540.5,open,
clearing,2026-08-27 21:00:00,4198262905_4198262911_0,4198262905,4198262911,0,secondary,98.9,38.55,5,32.2,38.0,0.1526,low,1241.4,open,
road_closure,2026-08-27 16:00:00,2491309121_2492132696_0,2491309121,2492132696,0,secondary,67.5,63.18,6,28.5,38.0,0.2501,low,1800.5,open,
accident,2026-08-27 17:30:00,2584898260_3598395501_0,2584898260,3598395501,0,secondary,33.3,154.11,7,14.8,38.0,0.61,heavy,2283.8,open,
accident,2026-08-27 17:30:00,12249723865_12249723864_0,12249723865,12249723864,0,primary_link,34.9,297.73,14,7.7,30.0,0.7443,severe,2283.7,open,
multiple_congested,2026-08-27 18:00:00,3612551009_2738998026_0,3612551009,2738998026,0,secondary,25.7,179.38,6,11.0,38.0,0.71,severe,1976.5,open,
multiple_congested,2026-08-27 18:00:00,5983121845_3614461832_0,5983121845,3614461832,0,secondary,310.5,151.95,64,15.1,38.0,0.6015,heavy,2301.2,open,
sudden_congestion,2026-08-27 15:00:00,10279311588_10279311587_0,10279311588,10279311587,0,motorway_link,21.9,61.47,2,37.2,45.0,0.1729,low,2288.0,open,
heavy_congestion,2026-08-27 18:30:00,11521728055_11521693349_0,11521728055,11521693349,0,trunk,160.6,143.42,31,24.1,60.0,0.5976,heavy,3462.9,open,
sudden_congestion,2026-08-27 15:00:00,11836919691_13597158523_0,11836919691,13597158523,0,trunk,145.7,40.05,8,50.0,60.0,0.1669,low,2002.2,open,
heavy_congestion,2026-08-27 18:30:00,6150844845_13731703404_0,6150844845,13731703404,0,trunk,687.9,302.76,282,22.2,60.0,0.6307,heavy,6707.7,open,
normal,2026-08-27 14:00:00,3783007630_4189438609_0,3783007630,4189438609,0,secondary,21.5,63.41,2,28.5,38.0,0.251,low,1804.8,open,
peak_hour,2026-08-27 18:30:00,3614573919_3614574186_0,3614573919,3614574186,0,secondary,751.6,193.59,197,8.9,38.0,0.7663,severe,1719.2,open,
road_closure,2026-08-27 16:00:00,3602304108_1310992850_0,3602304108,1310992850,0,primary,115.3,132.75,21,33.5,60.0,0.4425,moderate,4440.5,open,
accident,2026-08-27 17:30:00,2210758000_2233905575_0,2210758000,2233905575,0,primary,63.1,319.34,27,12.1,60.0,0.7983,severe,3863.7,open,
peak_hour,2026-08-27 18:30:00,11539908377_2855063891_0,11539908377,2855063891,0,secondary,10.4,143.07,2,12.7,50.0,0.7451,severe,1823.1,open,
clearing,2026-08-27 21:00:00,1947070541_4182633408_0,1947070541,4182633408,0,secondary,96.0,40.87,5,31.9,38.0,0.1618,low,1301.7,open,
multiple_congested,2026-08-27 18:00:00,4754179421_7561618543_0,4754179421,7561618543,0,trunk,153.8,173.89,36,16.5,60.0,0.7245,severe,2874.1,open,
clearing,2026-08-27 21:00:00,11947502429_11947502428_0,11947502429,11947502428,0,secondary_link,8.2,49.81,1,23.9,28.0,0.1453,low,1192.0,open,
normal,2026-08-27 14:00:00,11971406340_11971406341_0,11971406340,11971406341,0,trunk_link,25.4,67.0,2,29.3,35.0,0.1629,low,1963.2,open,
sudden_congestion,2026-08-27 15:00:00,2730562416_3981636491_0,2730562416,3981636491,0,secondary,198.4,29.69,8,48.9,60.0,0.1856,low,1450.8,open,
clearing,2026-08-27 21:00:00,2822548718_2822548700_0,2822548718,2822548700,0,secondary,31.1,28.91,1,33.7,38.0,0.1144,low,973.0,open,
normal,2026-08-27 14:00:00,2243962378_3612552835_0,2243962378,3612552835,0,secondary,42.1,59.24,3,29.1,38.0,0.2345,low,1723.2,open,
clearing,2026-08-27 21:00:00,12079801491_2234286697_0,12079801491,2234286697,0,secondary_link,114.4,44.18,7,24.4,28.0,0.1289,low,1077.6,open,
clearing,2026-08-27 21:00:00,4373979690_2236176611_0,4373979690,2236176611,0,secondary,936.1,35.86,45,32.6,38.0,0.1419,low,1169.2,open,
heavy_congestion,2026-08-27 18:30:00,7133805376_11502112799_0,7133805376,11502112799,0,primary,235.6,206.51,66,18.7,60.0,0.6884,heavy,3861.4,open,
clearing,2026-08-27 21:00:00,7712807231_7712807233_0,7712807231,7712807233,0,primary,58.8,38.01,3,48.6,60.0,0.1901,low,1847.3,open,
sudden_congestion,2026-08-27 15:00:00,14124563725_14124563724_0,14124563725,14124563724,0,primary_link,5.6,112.42,1,21.6,30.0,0.281,low,2424.7,open,
clearing,2026-08-27 21:00:00,2225281261_315077807_0,2225281261,315077807,0,secondary,27.3,32.09,1,33.2,38.0,0.127,low,1064.5,open,
heavy_congestion,2026-08-27 18:30:00,2786982082_2786982085_0,2786982082,2786982085,0,secondary,27.2,221.73,8,5.0,38.0,0.8777,severe,1108.7,open,
multiple_congested,2026-08-27 18:00:00,2234840825_7669086271_0,2234840825,7669086271,0,secondary,179.5,85.25,21,11.6,40.0,0.7104,severe,987.4,open,
road_closure,2026-08-27 16:00:00,2235062220_5257537381_0,2235062220,5257537381,0,secondary,59.3,106.19,9,22.0,38.0,0.4204,moderate,2339.1,open,
road_closure,2026-08-27 16:00:00,8299098753_12836677378_0,8299098753,12836677378,0,secondary_link,6.4,99.92,1,19.8,28.0,0.2914,low,1982.4,open,
clearing,2026-08-27 21:00:00,6885035747_6885035899_0,6885035747,6885035899,0,motorway_link,641.3,14.22,12,107.2,120.0,0.1067,low,1524.7,open,
clearing,2026-08-27 21:00:00,2090103503_2402896636_0,2090103503,2402896636,0,secondary,279.4,40.84,15,31.9,38.0,0.1616,low,1300.9,open,
heavy_congestion,2026-08-27 18:30:00,308527244_2852225770_0,308527244,2852225770,0,secondary,57.8,176.86,14,5.0,50.0,0.9212,severe,884.3,open,
road_closure,2026-08-27 16:00:00,10281786064_2739524398_0,10281786064,2739524398,0,motorway_link,377.4,56.66,29,30.7,45.0,0.3187,moderate,1737.1,open,
heavy_congestion,2026-08-27 18:30:00,3598256135_2989387984_0,3598256135,2989387984,0,secondary,18.7,240.0,6,5.0,38.0,0.95,severe,1200.0,open,
road_closure,2026-08-27 16:00:00,665035753_7716585796_0,665035753,7716585796,0,secondary,23.5,84.42,3,25.3,38.0,0.3342,moderate,2136.0,open,
accident,2026-08-27 17:30:00,13758211468_2284444412_0,13758211468,2284444412,0,trunk,712.5,91.62,88,37.1,60.0,0.3818,moderate,3398.6,open,
accident,2026-08-27 17:30:00,306605245_3612557194_0,306605245,3612557194,0,primary,36.5,173.09,9,8.1,60.0,0.8654,severe,1397.4,open,
road_closure,2026-08-27 16:00:00,7002672336_3602486735_0,7002672336,3602486735,0,secondary,21.6,101.89,3,22.7,38.0,0.4033,moderate,2310.2,open,
clearing,2026-08-27 21:00:00,12198376488_3579909202_0,12198376488,3579909202,0,primary,22.2,26.4,1,52.1,60.0,0.132,low,1375.1,open,
normal,2026-08-27 14:00:00,315077805_321712389_0,315077805,321712389,0,secondary,67.0,48.82,4,30.7,38.0,0.1932,low,1496.7,open,
accident,2026-08-27 17:30:00,11228575081_11902901125_0,11228575081,11902901125,0,secondary,133.9,202.75,37,7.5,38.0,0.8025,severe,1521.3,open,
normal,2026-08-27 14:00:00,10277626596_10277626595_0,10277626596,10277626595,0,primary_link,20.3,99.36,3,22.5,30.0,0.2484,low,2240.3,open,
clearing,2026-08-27 21:00:00,3205849648_4175484053_0,3205849648,4175484053,0,trunk,46.4,34.64,2,54.2,60.0,0.0962,low,1878.2,open,
clearing,2026-08-27 21:00:00,2847561298_1317453451_0,2847561298,1317453451,0,secondary,48.1,40.79,3,31.9,38.0,0.1615,low,1299.7,open,
heavy_congestion,2026-08-27 18:30:00,2245996427_2245996428_0,2245996427,2245996428,0,secondary,9.7,240.0,3,5.0,38.0,0.95,severe,1200.0,open,
normal,2026-08-27 14:00:00,571165671_7418722996_0,571165671,7418722996,0,primary,512.5,72.42,50,32.8,45.0,0.2716,low,2373.9,open,
heavy_congestion,2026-08-27 18:30:00,5143098123_3953407208_0,5143098123,3953407208,0,secondary,577.1,240.0,188,5.0,38.0,0.95,severe,1200.0,open,
heavy_congestion,2026-08-27 18:30:00,11811152881_10047125836_0,11811152881,10047125836,0,secondary,28.0,240.0,9,5.0,38.0,0.95,severe,1200.0,open,
accident,2026-08-27 17:30:00,4328011564_11829723781_0,4328011564,11829723781,0,secondary,44.9,138.72,8,17.1,38.0,0.5491,heavy,2376.8,open,
normal,2026-08-27 14:00:00,4244154625_356345264_0,4244154625,356345264,0,secondary,62.3,28.15,2,49.4,60.0,0.1759,low,1391.7,open,
peak_hour,2026-08-27 18:30:00,2726468528_3666159980_0,2726468528,3666159980,0,secondary,35.7,139.94,7,17.0,38.0,0.5539,heavy,2372.1,open,
sudden_congestion,2026-08-27 15:00:00,13766702507_13766702523_0,13766702507,13766702523,0,trunk,2079.9,38.57,109,50.4,60.0,0.1607,low,1942.3,open,
sudden_congestion,2026-08-27 15:00:00,6829353277_9860478582_0,6829353277,9860478582,0,primary,814.4,57.22,63,42.8,60.0,0.2861,low,2450.8,open,
accident,2026-08-27 17:30:00,4327438271_7532280350_0,4327438271,7532280350,0,secondary,22.5,196.87,6,8.4,38.0,0.7793,severe,1651.3,open,
road_closure,2026-08-27 16:00:00,4267591147_4267591146_0,4267591147,4267591146,0,secondary,24.0,76.32,2,26.5,38.0,0.3021,moderate,2024.0,open,
normal,2026-08-27 14:00:00,4194540557_3392159962_0,4194540557,3392159962,0,primary,143.4,35.13,7,49.5,60.0,0.1756,low,1737.5,open,
multiple_congested,2026-08-27 18:00:00,2738998014_2859870908_0,2738998014,2859870908,0,secondary,6.5,186.87,2,9.9,38.0,0.7397,severe,1848.4,open,
clearing,2026-08-27 21:00:00,10617611206_2886914832_0,10617611206,2886914832,0,secondary,19.5,40.74,1,31.9,38.0,0.1612,low,1298.4,open,
multiple_congested,2026-08-27 18:00:00,9938612560_2726477229_0,9938612560,2726477229,0,secondary,58.3,124.34,10,17.6,50.0,0.6476,heavy,2190.8,open,
road_closure,2026-08-27 16:00:00,11521317832_7647223620_0,11521317832,7647223620,0,trunk,88.7,61.33,7,44.7,60.0,0.2555,low,2739.5,open,
clearing,2026-08-27 21:00:00,308961988_4242844151_0,308961988,4242844151,0,secondary,105.8,38.47,6,32.2,38.0,0.1523,low,1239.1,open,
accident,2026-08-27 17:30:00,3692785810_3614582668_0,3692785810,3614582668,0,secondary,54.2,173.23,13,11.9,38.0,0.6857,heavy,2068.9,open,
peak_hour,2026-08-27 18:30:00,3602490477_3602490521_0,3602490477,3602490521,0,trunk,38.0,160.99,8,19.8,60.0,0.6708,heavy,3180.1,open,
normal,2026-08-27 14:00:00,3612554527_2915450213_0,3612554527,2915450213,0,trunk,63.7,48.71,4,47.8,60.0,0.203,low,2329.5,open,
multiple_congested,2026-08-27 18:00:00,1438287607_3871760046_0,1438287607,3871760046,0,secondary,7.6,154.68,2,14.7,38.0,0.6123,heavy,2279.0,open,
clearing,2026-08-27 21:00:00,3602492577_2730522590_0,3602492577,2730522590,0,trunk,78.1,40.16,4,43.0,50.0,0.1394,low,1728.0,open,
sudden_congestion,2026-08-27 15:00:00,2228839512_2228839511_0,2228839512,2228839511,0,trunk,37.6,54.95,3,46.3,60.0,0.2289,low,2542.0,open,
normal,2026-08-27 14:00:00,4314601136_4314601149_0,4314601136,4314601149,0,secondary,925.0,37.52,47,32.4,38.0,0.1485,low,1214.0,open,
multiple_congested,2026-08-27 18:00:00,7682659567_7682659569_0,7682659567,7682659569,0,secondary,68.7,94.18,9,24.7,60.0,0.5886,heavy,2324.6,open,
road_closure,2026-08-27 16:00:00,7579728202_7579728240_0,7579728202,7579728240,0,primary,998.6,65.31,88,40.4,60.0,0.3265,moderate,2639.0,open,
road_closure,2026-08-27 16:00:00,3673302852_7673575550_0,3673302852,7673575550,0,secondary,285.4,39.75,15,45.1,60.0,0.2484,low,1792.3,open,
clearing,2026-08-27 21:00:00,7718986095_7718986106_0,7718986095,7718986106,0,secondary,170.0,17.8,4,53.3,60.0,0.1112,low,949.0,open,
normal,2026-08-27 14:00:00,3471426301_3618934468_0,3471426301,3618934468,0,primary,46.2,65.47,4,36.4,50.0,0.2728,low,2380.6,open,
heavy_congestion,2026-08-27 18:30:00,3202555895_2236282305_0,3202555895,2236282305,0,primary,103.0,253.33,35,5.0,45.0,0.95,severe,1266.7,open,
peak_hour,2026-08-27 18:30:00,7571991443_7571991434_0,7571991443,7571991434,0,secondary,50.6,209.44,14,6.5,38.0,0.829,severe,1360.7,open,
normal,2026-08-27 14:00:00,1318407408_3602299043_0,1318407408,3602299043,0,secondary,570.9,24.31,19,50.9,60.0,0.1519,low,1237.0,open,
heavy_congestion,2026-08-27 18:30:00,11039422397_3612565082_0,11039422397,3612565082,0,secondary,120.9,134.99,22,14.8,50.0,0.7031,severe,2004.2,open,
normal,2026-08-27 14:00:00,13844364318_701290500_0,13844364318,701290500,0,trunk,92.9,49.38,6,47.7,60.0,0.2057,low,2353.2,open,
multiple_congested,2026-08-27 18:00:00,7676046789_9909675296_0,7676046789,9909675296,0,trunk,161.7,147.3,32,23.2,60.0,0.6137,heavy,3413.7,open,
peak_hour,2026-08-27 18:30:00,2052527534_2246301257_0,2052527534,2246301257,0,secondary,103.9,189.55,27,9.5,38.0,0.7503,severe,1798.6,open,
heavy_congestion,2026-08-27 18:30:00,3146877633_3146877632_0,3146877633,3146877632,0,primary,15.6,202.4,4,19.5,60.0,0.6747,heavy,3950.9,open,
sudden_congestion,2026-08-27 15:00:00,11061322646_1706619913_0,11061322646,1706619913,0,secondary,25.0,38.94,1,39.9,50.0,0.2028,low,1552.0,open,
accident,2026-08-27 17:30:00,13754471198_13754471197_0,13754471198,13754471197,0,secondary_link,6.4,197.5,2,11.9,28.0,0.576,heavy,2344.5,open,
multiple_congested,2026-08-27 18:00:00,6354009321_6354009316_0,6354009321,6354009316,0,secondary,146.5,181.54,36,10.7,38.0,0.7186,severe,1941.3,open,
heavy_congestion,2026-08-27 18:30:00,7597684146_3933388004_0,7597684146,3933388004,0,trunk,140.9,133.12,25,26.7,60.0,0.5547,heavy,3556.9,open,
clearing,2026-08-27 21:00:00,2249841590_3182362214_0,2249841590,3182362214,0,secondary,90.3,26.35,3,34.0,38.0,0.1043,low,897.0,open,
peak_hour,2026-08-27 18:30:00,7557657077_7557791534_0,7557657077,7557791534,0,secondary,32.7,226.43,10,5.0,38.0,0.8963,severe,1132.2,open,
peak_hour,2026-08-27 18:30:00,2859560444_308783142_0,2859560444,308783142,0,secondary,127.8,160.75,28,13.8,38.0,0.6363,heavy,2221.7,open,
road_closure,2026-08-27 16:00:00,7587946719_7587946727_0,7587946719,7587946727,0,secondary,19.4,103.59,3,22.4,38.0,0.41,moderate,2322.3,open,
clearing,2026-08-27 21:00:00,5598908161_2886893617_0,5598908161,2886893617,0,secondary,794.3,39.47,42,32.1,38.0,0.1562,low,1265.6,open,
normal,2026-08-27 14:00:00,13959184494_353736806_0,13959184494,353736806,0,secondary,26.6,41.81,2,31.7,38.0,0.1655,low,1325.9,open,
normal,2026-08-27 14:00:00,11936768412_3602300879_0,11936768412,3602300879,0,primary,161.1,86.18,19,42.8,60.0,0.2873,low,3685.4,open,
multiple_congested,2026-08-27 18:00:00,12431507454_1314826064_0,12431507454,1314826064,0,primary,21.8,212.24,6,9.2,45.0,0.7959,severe,1949.4,open,
road_closure,2026-08-27 16:00:00,2766338026_2766338015_0,2766338026,2766338015,0,secondary,19.9,48.08,1,42.0,60.0,0.3005,moderate,2017.9,open,
road_closure,2026-08-27 16:00:00,7670867276_2235061661_0,7670867276,2235061661,0,trunk,116.6,58.23,9,45.4,60.0,0.2426,low,2646.0,open,
sudden_congestion,2026-08-27 15:00:00,3618932252_662739312_0,3618932252,662739312,0,secondary,18.7,67.7,2,27.8,38.0,0.268,low,1883.3,open,
sudden_congestion,2026-08-27 15:00:00,3163973609_11530320408_0,3163973609,11530320408,0,primary,504.1,77.87,53,48.3,60.0,0.1947,low,3762.8,open,
clearing,2026-08-27 21:00:00,2593937236_2593937234_0,2593937236,2593937234,0,secondary,53.4,30.35,2,42.1,50.0,0.1581,low,1277.8,open,
heavy_congestion,2026-08-27 18:30:00,571150967_13369109939_0,571150967,13369109939,0,trunk,219.9,200.26,60,9.9,60.0,0.8344,severe,1989.5,open,
normal,2026-08-27 14:00:00,351828282_11840621300_0,351828282,11840621300,0,secondary,12.8,25.96,0,31.3,40.0,0.2163,low,813.7,open,
road_closure,2026-08-27 16:00:00,6373360556_6373360555_0,6373360556,6373360555,0,secondary_link,14.0,107.75,2,19.2,28.0,0.3143,moderate,2068.8,open,
multiple_congested,2026-08-27 18:00:00,2782802834_2782950158_0,2782802834,2782950158,0,secondary,20.3,139.14,4,17.1,38.0,0.5508,heavy,2375.3,open,
heavy_congestion,2026-08-27 18:30:00,11124349809_3975278889_0,11124349809,3975278889,0,secondary,609.9,209.67,173,6.5,38.0,0.8299,severe,1354.9,open,
multiple_congested,2026-08-27 18:00:00,3614469446_3614468723_0,3614469446,3614468723,0,secondary,354.3,228.76,110,5.0,38.0,0.9055,severe,1143.8,open,
heavy_congestion,2026-08-27 18:30:00,3602307305_3602307344_0,3602307305,3602307344,0,secondary,18.3,235.99,6,5.0,38.0,0.9341,severe,1180.0,open,
peak_hour,2026-08-27 18:30:00,3977391687_7540144048_0,3977391687,7540144048,0,secondary,50.2,134.96,9,17.7,38.0,0.5342,heavy,2388.8,open,
clearing,2026-08-27 21:00:00,7129724460_571358204_0,7129724460,571358204,0,secondary,9.0,37.65,0,32.3,38.0,0.149,low,1217.4,open,
accident,2026-08-27 17:30:00,2212520216_2240857589_0,2212520216,2240857589,0,secondary,33.7,157.79,7,14.3,38.0,0.6246,heavy,2251.0,open,
peak_hour,2026-08-27 18:30:00,7694096033_7694096052_0,7694096033,7694096052,0,trunk,49.4,117.94,8,30.5,60.0,0.4914,moderate,3598.9,open,
peak_hour,2026-08-27 18:30:00,7676172136_13982481441_0,7676172136,13982481441,0,primary,113.2,152.73,23,14.2,60.0,0.7636,severe,2166.0,open,
normal,2026-08-27 14:00:00,3638804614_6150694604_0,3638804614,6150694604,0,secondary,129.2,24.92,4,50.7,60.0,0.1558,low,1262.3,open,
normal,2026-08-27 14:00:00,5230196538_2714061178_0,5230196538,2714061178,0,secondary,45.0,63.01,4,28.5,38.0,0.2494,low,1797.2,open,
normal,2026-08-27 14:00:00,2090103378_2090103744_0,2090103378,2090103744,0,secondary,47.0,38.3,2,32.2,38.0,0.1516,low,1234.7,open,
sudden_congestion,2026-08-27 15:00:00,3670020575_8503027521_0,3670020575,8503027521,0,trunk,114.7,50.62,8,47.3,60.0,0.2109,low,2396.6,open,
normal,2026-08-27 14:00:00,2249841857_6507371285_0,2249841857,6507371285,0,secondary,4.2,58.54,0,29.2,38.0,0.2317,low,1709.0,open,
road_closure,2026-08-27 16:00:00,332546283_1337406680_0,332546283,1337406680,0,trunk,221.6,118.76,36,40.2,60.0,0.3299,moderate,4775.0,open,
multiple_congested,2026-08-27 18:00:00,8348426909_8348426905_0,8348426909,8348426905,0,secondary,87.0,139.68,16,7.6,60.0,0.873,severe,1064.3,open,
peak_hour,2026-08-27 18:30:00,7540144061_4189233378_0,7540144061,4189233378,0,secondary,321.1,133.63,58,17.9,38.0,0.529,heavy,2391.9,open,
road_closure,2026-08-27 16:00:00,768007874_2739329696_0,768007874,2739329696,0,primary,130.9,116.99,21,25.3,45.0,0.4387,moderate,2954.9,open,
normal,2026-08-27 14:00:00,12393511713_12393524712_0,12393511713,12393524712,0,primary,27.0,71.1,3,33.0,45.0,0.2666,low,2346.4,open,
clearing,2026-08-27 21:00:00,2509297685_2509297677_0,2509297685,2509297677,0,primary,86.3,38.59,5,38.5,45.0,0.1447,low,1485.4,open,
road_closure,2026-08-27 16:00:00,1318407408_3602299043_0,1318407408,3602299043,0,secondary,570.9,39.53,31,45.2,60.0,0.247,low,1785.7,open,
multiple_congested,2026-08-27 18:00:00,7682662069_7682662072_0,7682662069,7682662072,0,secondary,70.8,100.55,10,22.3,60.0,0.6284,heavy,2241.6,open,
accident,2026-08-27 17:30:00,312810211_11572081719_0,312810211,11572081719,0,secondary,57.4,127.97,10,18.8,38.0,0.5066,heavy,2399.6,open,
heavy_congestion,2026-08-27 18:30:00,3835259468_3835259472_0,3835259468,3835259472,0,trunk,10.6,207.04,3,8.2,60.0,0.8627,severe,1706.0,open,
accident,2026-08-27 17:30:00,2181370027_11947121787_0,2181370027,11947121787,0,trunk,19.3,142.15,4,24.5,60.0,0.5923,heavy,3477.4,open,
multiple_congested,2026-08-27 18:00:00,2782802959_2783189128_0,2782802959,2783189128,0,secondary,38.6,162.56,8,13.5,38.0,0.6435,heavy,2202.4,open,
clearing,2026-08-27 21:00:00,12139312766_12139312767_0,12139312766,12139312767,0,trunk_link,20.2,57.06,2,30.1,35.0,0.1387,low,1720.0,open,
peak_hour,2026-08-27 18:30:00,4192907875_3598315951_0,4192907875,3598315951,0,secondary,251.2,152.16,52,15.1,38.0,0.6023,heavy,2299.6,open,
peak_hour,2026-08-27 18:30:00,3609140626_3618956056_0,3609140626,3618956056,0,secondary,442.3,192.75,116,9.0,38.0,0.763,severe,1736.2,open,
peak_hour,2026-08-27 18:30:00,7691353147_7692231395_0,7691353147,7692231395,0,secondary,10.6,193.86,3,8.8,38.0,0.7674,severe,1713.8,open,
clearing,2026-08-27 21:00:00,1750007586_353736952_0,1750007586,353736952,0,secondary,28.6,42.74,2,31.6,38.0,0.1692,low,1349.4,open,
sudden_congestion,2026-08-27 15:00:00,3598275145_9920759838_0,3598275145,9920759838,0,secondary,49.9,30.79,2,42.0,50.0,0.1604,low,1292.6,open,
accident,2026-08-27 17:30:00,3154107768_4208768470_0,3154107768,4208768470,0,trunk,35.5,103.49,5,34.1,60.0,0.4312,moderate,3531.8,open,
peak_hour,2026-08-27 18:30:00,7576670617_660551996_0,7576670617,660551996,0,secondary,157.8,185.59,40,10.1,38.0,0.7346,severe,1871.6,open,
clearing,2026-08-27 21:00:00,11549497324_306598220_0,11549497324,306598220,0,secondary,84.9,46.9,5,30.9,38.0,0.1856,low,1451.2,open,
accident,2026-08-27 17:30:00,315086401_2723389119_0,315086401,2723389119,0,secondary,84.2,127.09,15,18.9,38.0,0.5031,heavy,2399.9,open,
multiple_congested,2026-08-27 18:00:00,7713256581_7713256583_0,7713256581,7713256583,0,primary,99.9,133.94,18,19.8,60.0,0.6697,heavy,2654.5,open,
heavy_congestion,2026-08-27 18:30:00,1293116027_3602298696_0,1293116027,3602298696,0,secondary,43.3,240.0,14,5.0,38.0,0.95,severe,1200.0,open,
normal,2026-08-27 14:00:00,11377128141_2852277873_0,11377128141,2852277873,0,secondary,15.8,32.01,1,41.7,50.0,0.1667,low,1333.7,open,
sudden_congestion,2026-08-27 15:00:00,2247660356_2249585080_0,2247660356,2249585080,0,trunk,811.3,55.34,61,46.2,60.0,0.2306,low,2554.8,open,
clearing,2026-08-27 21:00:00,3602308816_3602308887_0,3602308816,3602308887,0,primary,38.6,32.98,2,50.1,60.0,0.1649,low,1652.4,open,
normal,2026-08-27 14:00:00,6525755781_2234833606_0,6525755781,2234833606,0,primary,241.7,33.33,11,50.0,60.0,0.1666,low,1666.4,open,
peak_hour,2026-08-27 18:30:00,2852309811_2023729996_0,2852309811,2023729996,0,secondary,55.9,175.16,13,11.7,38.0,0.6933,heavy,2041.2,open,
multiple_congested,2026-08-27 18:00:00,11033676563_11944554947_0,11033676563,11944554947,0,primary,72.5,133.21,13,20.0,60.0,0.6661,heavy,2669.1,open,
sudden_congestion,2026-08-27 15:00:00,7651326487_11851178699_0,7651326487,11851178699,0,secondary,433.3,40.64,24,31.9,38.0,0.1609,low,1295.9,open,
peak_hour,2026-08-27 18:30:00,7576786575_11572052676_0,7576786575,11572052676,0,secondary,16.0,131.62,3,18.2,38.0,0.521,heavy,2395.8,open,
clearing,2026-08-27 21:00:00,9674197327_7733085116_0,9674197327,7733085116,0,primary,75.1,45.71,5,50.9,60.0,0.1524,low,2324.9,open,
peak_hour,2026-08-27 18:30:00,7276309319_7142493510_0,7276309319,7142493510,0,secondary,591.2,130.76,105,18.3,38.0,0.5176,heavy,2397.0,open,
heavy_congestion,2026-08-27 18:30:00,319535606_3210142883_0,319535606,3210142883,0,primary,103.0,276.63,39,5.0,60.0,0.9221,severe,1383.1,open,
clearing,2026-08-27 21:00:00,4015911900_308576661_0,4015911900,308576661,0,secondary,160.6,37.17,8,32.4,38.0,0.1471,low,1204.6,open,
clearing,2026-08-27 21:00:00,4409451249_7716585796_0,4409451249,7716585796,0,secondary,181.7,40.79,10,31.9,38.0,0.1615,low,1299.8,open,
sudden_congestion,2026-08-27 15:00:00,3614500611_7579728260_0,3614500611,7579728260,0,secondary,285.2,65.18,25,28.2,38.0,0.258,low,1837.9,open,
multiple_congested,2026-08-27 18:00:00,7532280367_4327438289_0,7532280367,4327438289,0,secondary,10.5,206.59,3,6.9,38.0,0.8178,severe,1430.6,open,
heavy_congestion,2026-08-27 18:30:00,9985956804_3204221285_0,9985956804,3204221285,0,primary,12.7,174.15,3,7.8,60.0,0.8707,severe,1350.7,open,
road_closure,2026-08-27 16:00:00,7694958440_2794316596_0,7694958440,2794316596,0,secondary,45.2,102.9,6,22.5,38.0,0.4073,moderate,2317.5,open,
accident,2026-08-27 17:30:00,308560507_9984991953_0,308560507,9984991953,0,trunk,136.2,106.15,20,33.5,60.0,0.4423,moderate,3552.0,open,
multiple_congested,2026-08-27 18:00:00,2854814891_3612561908_0,2854814891,3612561908,0,secondary,50.1,137.23,9,14.3,50.0,0.7148,severe,1957.2,open,
accident,2026-08-27 17:30:00,3598283666_2782950175_0,3598283666,2782950175,0,secondary,26.3,191.74,7,9.2,38.0,0.759,severe,1756.1,open,
normal,2026-08-27 14:00:00,10683083361_12649458198_0,10683083361,12649458198,0,primary,33.3,58.45,3,35.1,45.0,0.2192,low,2053.6,open,
peak_hour,2026-08-27 18:30:00,13997299203_13997299202_0,13997299203,13997299202,0,secondary,47.4,165.37,11,13.1,38.0,0.6546,heavy,2170.6,open,
heavy_congestion,2026-08-27 18:30:00,2852295882_11903595306_0,2852295882,11903595306,0,secondary,278.6,201.3,76,7.7,38.0,0.7968,severe,1554.2,open,
multiple_congested,2026-08-27 18:00:00,11143101191_4314601722_0,11143101191,4314601722,0,secondary,837.6,93.24,106,25.0,60.0,0.5828,heavy,2334.3,open,
multiple_congested,2026-08-27 18:00:00,2782802677_7702320395_0,2782802677,7702320395,0,secondary,97.7,149.28,20,15.5,38.0,0.5909,heavy,2320.7,open,
sudden_congestion,2026-08-27 15:00:00,12707261439_12707261440_0,12707261439,12707261440,0,secondary_link,9.5,90.33,1,20.6,28.0,0.2635,low,1862.9,open,
road_closure,2026-08-27 16:00:00,3598265429_2222305334_0,3598265429,2222305334,0,secondary,134.9,83.92,15,25.4,38.0,0.3322,moderate,2129.6,open,
sudden_congestion,2026-08-27 15:00:00,1324659264_307061464_0,1324659264,307061464,0,trunk,11.5,41.65,1,49.6,60.0,0.1735,low,2065.2,open,
clearing,2026-08-27 21:00:00,3204342794_2403853099_0,3204342794,2403853099,0,secondary,4.8,17.79,0,53.3,60.0,0.1112,low,948.8,open,
sudden_congestion,2026-08-27 15:00:00,3673313130_7701538964_0,3673313130,7701538964,0,secondary,49.5,33.28,2,47.5,60.0,0.208,low,1581.5,open,
multiple_congested,2026-08-27 18:00:00,11810713542_3098505687_0,11810713542,3098505687,0,primary,87.8,240.9,29,5.0,45.0,0.9034,severe,1204.5,open,
sudden_congestion,2026-08-27 15:00:00,13956894048_13327823278_0,13956894048,13327823278,0,primary,76.2,44.08,5,46.8,60.0,0.2204,low,2061.7,open,
peak_hour,2026-08-27 18:30:00,381529383_4330817131_0,381529383,4330817131,0,secondary,23.0,223.15,7,5.0,38.0,0.8833,severe,1115.8,open,
multiple_congested,2026-08-27 18:00:00,1754245997_11830403000_0,1754245997,11830403000,0,trunk,94.5,189.12,24,12.7,60.0,0.788,severe,2405.7,open,
heavy_congestion,2026-08-27 18:30:00,4314601722_4314601717_0,4314601722,4314601717,0,secondary,221.7,110.2,33,18.7,60.0,0.6888,heavy,2057.9,open,
accident,2026-08-27 17:30:00,2852506050_308560303_0,2852506050,308560303,0,primary,88.9,155.6,19,17.6,50.0,0.6483,heavy,2735.9,open,
multiple_congested,2026-08-27 18:00:00,982234760_971318038_0,982234760,971318038,0,secondary,20.7,213.58,6,5.9,38.0,0.8454,severe,1254.7,open,
clearing,2026-08-27 21:00:00,667238519_667238521_0,667238519,667238521,0,secondary,83.4,38.08,4,32.3,38.0,0.1507,low,1229.0,open,
heavy_congestion,2026-08-27 18:30:00,2244119463_306609445_0,2244119463,306609445,0,primary,77.9,228.0,24,5.0,50.0,0.95,severe,1140.0,open,
normal,2026-08-27 14:00:00,3602303092_1311002988_0,3602303092,1311002988,0,primary,43.8,68.25,4,46.4,60.0,0.2275,low,3163.3,open,
road_closure,2026-08-27 16:00:00,7597669561_11542755080_0,7597669561,11542755080,0,trunk,263.3,63.39,23,44.2,60.0,0.2641,low,2798.8,open,
peak_hour,2026-08-27 18:30:00,7712712057_2177264431_0,7712712057,2177264431,0,trunk,72.7,198.43,20,26.9,60.0,0.5512,heavy,5343.4,open,
normal,2026-08-27 14:00:00,2188391520_4327973467_0,2188391520,4327973467,0,trunk,5.3,41.57,0,49.6,60.0,0.1732,low,2062.3,open,
accident,2026-08-27 17:30:00,12595322876_6372012813_0,12595322876,6372012813,0,trunk_link,9.4,178.83,2,19.8,35.0,0.4347,moderate,3538.5,open,
road_closure,2026-08-27 16:00:00,2244916884_3547294925_0,2244916884,3547294925,0,secondary,690.9,63.06,59,28.5,38.0,0.2496,low,1798.1,open,
road_closure,2026-08-27 16:00:00,4189410424_10687844694_0,4189410424,10687844694,0,trunk,77.6,51.6,5,47.1,60.0,0.215,low,2430.4,open,
road_closure,2026-08-27 16:00:00,11478417246_2847725876_0,11478417246,2847725876,0,secondary,37.2,88.56,4,24.7,38.0,0.3505,moderate,2185.6,open,
accident,2026-08-27 17:30:00,2234833606_12322961849_0,2234833606,12322961849,0,primary,164.7,160.05,36,12.0,60.0,0.8003,severe,1918.1,open,
multiple_congested,2026-08-27 18:00:00,2245059770_5433112131_0,2245059770,5433112131,0,secondary,170.6,164.37,38,13.3,38.0,0.6506,heavy,2182.1,open,
sudden_congestion,2026-08-27 15:00:00,1317453453_2847725889_0,1317453453,2847725889,0,secondary,32.0,49.47,2,30.6,38.0,0.1958,low,1511.6,open,
road_closure,2026-08-27 16:00:00,3602479278_3602479297_0,3602479278,3602479297,0,secondary_link,114.2,121.95,19,18.0,28.0,0.3557,moderate,2200.1,open,
multiple_congested,2026-08-27 18:00:00,315077818_2225281753_0,315077818,2225281753,0,secondary,43.6,191.92,11,9.1,38.0,0.7597,severe,1752.7,open,
heavy_congestion,2026-08-27 18:30:00,2240856544_2240856536_0,2240856544,2240856536,0,trunk,37.4,129.2,7,27.7,60.0,0.5384,heavy,3578.8,open,
heavy_congestion,2026-08-27 18:30:00,7733111180_289515752_0,7733111180,289515752,0,primary_link,129.6,380.0,67,5.0,30.0,0.95,severe,1900.0,open,
sudden_congestion,2026-08-27 15:00:00,1438287582_1438287607_0,1438287582,1438287607,0,secondary,55.3,67.81,5,27.8,38.0,0.2684,low,1885.1,open,
peak_hour,2026-08-27 18:30:00,1284172177_5458722458_0,1284172177,5458722458,0,secondary,10.8,90.83,1,25.9,60.0,0.5677,heavy,2356.0,open,
clearing,2026-08-27 21:00:00,3969769871_2246381009_0,3969769871,2246381009,0,secondary,121.3,35.43,6,32.7,38.0,0.1403,low,1157.7,open,
normal,2026-08-27 14:00:00,9732172040_7712503412_0,9732172040,7712503412,0,primary,73.1,45.48,5,46.4,60.0,0.2274,low,2108.3,open,
multiple_congested,2026-08-27 18:00:00,3894159560_2243962488_0,3894159560,2243962488,0,secondary,28.5,188.48,7,9.6,38.0,0.7461,severe,1818.7,open,
peak_hour,2026-08-27 18:30:00,7721459188_1598107023_0,7721459188,1598107023,0,primary,37.9,253.33,13,5.0,45.0,0.95,severe,1266.7,open,
multiple_congested,2026-08-27 18:00:00,308795975_12085019402_0,308795975,12085019402,0,primary,78.4,147.0,16,15.9,60.0,0.735,severe,2337.4,open,
road_closure,2026-08-27 16:00:00,660551990_7576576696_0,660551990,7576576696,0,secondary,478.0,88.73,57,24.7,38.0,0.3512,moderate,2187.5,open,
multiple_congested,2026-08-27 18:00:00,12725591178_3208534658_0,12725591178,3208534658,0,secondary,35.5,143.23,7,6.3,60.0,0.8952,severe,900.7,open,
road_closure,2026-08-27 16:00:00,3994788686_3994766133_0,3994788686,3994766133,0,secondary,87.4,65.0,8,28.2,38.0,0.2573,low,1834.5,open,
normal,2026-08-27 14:00:00,2726468508_2726468511_0,2726468508,2726468511,0,secondary,12.5,38.9,1,32.1,38.0,0.154,low,1250.7,open,
heavy_congestion,2026-08-27 18:30:00,3602491493_2404191167_0,3602491493,2404191167,0,trunk,74.3,210.45,21,13.5,50.0,0.7307,severe,2833.5,open,
multiple_congested,2026-08-27 18:00:00,2786023328_2786982099_0,2786023328,2786982099,0,secondary,32.1,160.41,7,13.9,38.0,0.635,heavy,2225.1,open,
accident,2026-08-27 17:30:00,3547294219_3547294217_0,3547294219,3547294217,0,trunk,155.0,154.74,33,21.3,60.0,0.6448,heavy,3298.3,open,
heavy_congestion,2026-08-27 18:30:00,3614584416_667238519_0,3614584416,667238519,0,secondary,233.3,151.62,48,15.2,38.0,0.6002,heavy,2303.7,open,
multiple_congested,2026-08-27 18:00:00,6150694533_289928941_0,6150694533,289928941,0,trunk,167.6,162.55,37,19.4,60.0,0.6773,heavy,3147.3,open,
heavy_congestion,2026-08-27 18:30:00,307067545_2180951833_0,307067545,2180951833,0,motorway_link,156.2,164.58,35,24.3,50.0,0.5143,heavy,3996.7,open,
normal,2026-08-27 14:00:00,3602491838_3602491939_0,3602491838,3602491939,0,trunk,39.2,55.29,3,40.4,50.0,0.192,low,2233.8,open,
clearing,2026-08-27 21:00:00,7544868671_7544080220_0,7544868671,7544080220,0,primary,76.8,38.62,4,38.5,45.0,0.1448,low,1486.1,open,
peak_hour,2026-08-27 18:30:00,2714061378_5230130732_0,2714061378,5230130732,0,secondary,24.6,210.3,7,6.4,38.0,0.8324,severe,1339.0,open,
accident,2026-08-27 17:30:00,3169765033_3169765034_0,3169765033,3169765034,0,trunk,52.0,97.75,7,35.6,60.0,0.4073,moderate,3476.2,open,
normal,2026-08-27 14:00:00,6274888118_6274888116_0,6274888118,6274888116,0,secondary,39.8,63.47,3,28.5,38.0,0.2513,low,1806.0,open,
peak_hour,2026-08-27 18:30:00,3164238335_6149584729_0,3164238335,6149584729,0,trunk,54.2,161.79,12,19.6,60.0,0.6741,heavy,3163.4,open,
heavy_congestion,2026-08-27 18:30:00,2245996269_2245996243_0,2245996269,2245996243,0,secondary,21.4,198.57,6,8.1,38.0,0.786,severe,1614.8,open,
accident,2026-08-27 17:30:00,13271753611_308527266_0,13271753611,308527266,0,secondary,103.1,121.21,17,18.4,50.0,0.6313,heavy,2234.5,open,
peak_hour,2026-08-27 18:30:00,2795965646_2795965639_0,2795965646,2795965639,0,primary,58.1,125.17,10,22.4,60.0,0.6259,heavy,2809.9,open,
sudden_congestion,2026-08-27 15:00:00,3977390835_3618944433_0,3977390835,3618944433,0,primary,414.5,36.57,21,49.0,60.0,0.1829,low,1793.0,open,
heavy_congestion,2026-08-27 18:30:00,13366808964_12872717562_0,13366808964,12872717562,0,primary,42.2,253.33,15,5.0,45.0,0.95,severe,1266.7,open,
clearing,2026-08-27 21:00:00,3612542209_2857909803_0,3612542209,2857909803,0,secondary,29.7,33.13,1,33.0,38.0,0.1312,low,1094.0,open,
sudden_congestion,2026-08-27 15:00:00,2214196855_2214196917_0,2214196855,2214196917,0,secondary_link,110.7,82.39,12,21.3,28.0,0.2403,low,1752.5,open,
peak_hour,2026-08-27 18:30:00,3148642274_308960243_0,3148642274,308960243,0,trunk,301.7,163.87,67,19.0,60.0,0.6828,heavy,3118.9,open,
heavy_congestion,2026-08-27 18:30:00,2852837387_2852837386_0,2852837387,2852837386,0,secondary,47.3,217.02,14,5.4,38.0,0.859,severe,1162.6,open,
road_closure,2026-08-27 16:00:00,2243962367_11837155747_0,2243962367,11837155747,0,secondary,58.2,74.3,6,26.8,38.0,0.2941,low,1993.0,open,
sudden_congestion,2026-08-27 15:00:00,13371439862_13371439859_0,13371439862,13371439859,0,secondary,41.1,67.76,4,27.8,38.0,0.2682,low,1884.3,open,
accident,2026-08-27 17:30:00,4010834476_6117692099_0,4010834476,6117692099,0,secondary,23.4,109.62,3,21.5,50.0,0.5709,heavy,2351.7,open,
road_closure,2026-08-27 16:00:00,13823542116_7699556306_0,13823542116,7699556306,0,secondary,54.3,65.87,5,28.1,38.0,0.2607,low,1850.4,open,
multiple_congested,2026-08-27 18:00:00,6518234205_12084689601_0,6518234205,12084689601,0,trunk,51.3,246.04,17,19.0,60.0,0.6834,heavy,4673.2,open,
peak_hour,2026-08-27 18:30:00,11696974284_1323686491_0,11696974284,1323686491,0,secondary,13.7,146.24,3,23.4,60.0,0.6094,heavy,3427.8,open,
peak_hour,2026-08-27 18:30:00,3579901667_3969769871_0,3579901667,3969769871,0,secondary,229.8,180.39,56,10.9,38.0,0.714,severe,1960.2,open,
road_closure,2026-08-27 16:00:00,2244374191_2245995387_0,2244374191,2245995387,0,secondary,32.3,66.07,3,28.1,38.0,0.2615,low,1854.0,open,
peak_hour,2026-08-27 18:30:00,5433112127_7673571814_0,5433112127,7673571814,0,secondary,8.3,226.03,3,5.0,38.0,0.8947,severe,1130.1,open,
sudden_congestion,2026-08-27 15:00:00,2089777031_2247608399_0,2089777031,2247608399,0,primary,122.9,55.49,9,43.4,60.0,0.2774,low,2405.6,open,
sudden_congestion,2026-08-27 15:00:00,5230196546_2410864165_0,5230196546,2410864165,0,secondary,83.7,66.65,8,28.0,38.0,0.2638,low,1864.6,open,
peak_hour,2026-08-27 18:30:00,3550391033_11158218937_0,3550391033,11158218937,0,secondary,195.9,192.16,51,9.1,38.0,0.7606,severe,1747.8,open,
heavy_congestion,2026-08-27 18:30:00,7010525786_7010524980_0,7010525786,7010524980,0,secondary,18.3,240.0,6,5.0,38.0,0.95,severe,1200.0,open,
normal,2026-08-27 14:00:00,2855073257_309713926_0,2855073257,309713926,0,primary_link,15.6,108.83,2,21.8,30.0,0.2721,low,2376.7,open,
normal,2026-08-27 14:00:00,8630789194_8630789192_0,8630789194,8630789192,0,secondary,22.0,52.54,2,30.1,38.0,0.208,low,1581.3,open,
sudden_congestion,2026-08-27 15:00:00,11828196198_11828196197_0,11828196198,11828196197,0,secondary_link,8.7,89.01,1,20.7,28.0,0.2596,low,1845.2,open,
accident,2026-08-27 17:30:00,2912526834_3207216284_0,2912526834,3207216284,0,trunk,267.6,94.92,34,36.3,60.0,0.3955,moderate,3442.8,open,
normal,2026-08-27 14:00:00,4327976668_2188473957_0,4327976668,2188473957,0,primary,19.6,52.81,1,36.1,45.0,0.198,low,1905.9,open,
clearing,2026-08-27 21:00:00,1752694051_1752690559_0,1752694051,1752690559,0,trunk,898.2,32.43,39,54.6,60.0,0.0901,low,1770.7,open,
peak_hour,2026-08-27 18:30:00,3612558723_3612558737_0,3612558723,3612558737,0,secondary,49.3,118.42,8,19.2,50.0,0.6168,heavy,2269.1,open,
multiple_congested,2026-08-27 18:00:00,11947406661_11947406660_0,11947406661,11947406660,0,primary_link,13.6,330.18,6,5.2,30.0,0.8254,severe,1729.1,open,
normal,2026-08-27 14:00:00,9511114047_3817581891_0,9511114047,3817581891,0,primary,247.2,36.04,12,49.2,60.0,0.1802,low,1772.8,open,
normal,2026-08-27 14:00:00,10081763564_11760272258_0,10081763564,11760272258,0,secondary,722.3,49.38,48,30.6,38.0,0.1955,low,1509.7,open,
normal,2026-08-27 14:00:00,11946902329_4328070073_0,11946902329,4328070073,0,secondary,176.3,64.1,15,28.4,38.0,0.2537,low,1817.9,open,
road_closure,2026-08-27 16:00:00,5999378862_672115468_0,5999378862,672115468,0,secondary,12.0,66.1,1,28.1,38.0,0.2616,low,1854.5,open,
road_closure,2026-08-27 16:00:00,4308409921_4308409926_0,4308409921,4308409926,0,primary,40.2,87.04,5,33.9,60.0,0.4352,moderate,2949.6,open,
heavy_congestion,2026-08-27 18:30:00,12832910832_10108052271_0,12832910832,10108052271,0,primary,65.3,159.89,14,12.0,60.0,0.7995,severe,1923.8,open,
accident,2026-08-27 17:30:00,3670018895_3218817116_0,3670018895,3218817116,0,secondary,43.3,121.32,7,14.5,60.0,0.7582,severe,1759.8,open,
clearing,2026-08-27 21:00:00,11818418850_11818418848_0,11818418850,11818418848,0,secondary,11.6,27.92,0,33.8,38.0,0.1105,low,943.8,open,
peak_hour,2026-08-27 18:30:00,7577332208_7577467265_0,7577332208,7577467265,0,secondary,328.5,213.3,95,5.9,38.0,0.8443,severe,1261.9,open,
peak_hour,2026-08-27 18:30:00,7663750621_308966482_0,7663750621,308966482,0,secondary,20.4,165.44,5,13.1,38.0,0.6549,heavy,2169.8,open,
accident,2026-08-27 17:30:00,2220898575_12632759799_0,2220898575,12632759799,0,secondary,6.6,144.89,1,24.8,50.0,0.5031,heavy,3599.9,open,
accident,2026-08-27 17:30:00,6829772686_5911741371_0,6829772686,5911741371,0,secondary,111.6,135.45,20,17.6,38.0,0.5362,heavy,2387.5,open,
heavy_congestion,2026-08-27 18:30:00,7444474394_7444474370_0,7444474394,7444474370,0,secondary,101.5,187.46,26,9.8,38.0,0.742,severe,1837.6,open,
sudden_congestion,2026-08-27 15:00:00,2794316921_7694963909_0,2794316921,7694963909,0,secondary,168.0,45.06,10,31.2,38.0,0.1784,low,1406.8,open,
normal,2026-08-27 14:00:00,982235001_982235006_0,982235001,982235006,0,secondary,178.6,41.69,10,31.7,38.0,0.165,low,1322.8,open,
multiple_congested,2026-08-27 18:00:00,2492131676_3966006726_0,2492131676,3966006726,0,secondary,1882.4,142.93,365,16.5,38.0,0.5658,heavy,2358.5,open,
sudden_congestion,2026-08-27 15:00:00,3966006715_9741545488_0,3966006715,9741545488,0,secondary,43.7,46.29,3,31.0,38.0,0.1832,low,1436.8,open,
heavy_congestion,2026-08-27 18:30:00,3683564840_2187029996_0,3683564840,2187029996,0,motorway,8011.4,115.27,1251,68.1,120.0,0.4323,moderate,7853.2,open,
clearing,2026-08-27 21:00:00,11166169791_11166258432_0,11166169791,11166258432,0,primary,241.2,37.71,12,48.7,60.0,0.1886,low,1836.2,open,
peak_hour,2026-08-27 18:30:00,2803358295_2805343908_0,2803358295,2805343908,0,secondary,134.4,100.89,18,22.2,60.0,0.6306,heavy,2236.3,open,
sudden_congestion,2026-08-27 15:00:00,4170913469_3602320031_0,4170913469,3602320031,0,secondary,49.5,27.88,2,49.5,60.0,0.1743,low,1381.3,open,
accident,2026-08-27 17:30:00,5599807384_2807507741_0,5599807384,2807507741,0,primary_link,11.0,306.9,5,7.0,30.0,0.7673,severe,2142.9,open,
peak_hour,2026-08-27 18:30:00,3612545428_4334996327_0,3612545428,4334996327,0,secondary,14.9,138.78,3,17.1,38.0,0.5493,heavy,2376.6,open,
sudden_congestion,2026-08-27 15:00:00,571352279_4009677201_0,571352279,4009677201,0,trunk,135.2,37.29,7,50.7,60.0,0.1554,low,1889.8,open,
heavy_congestion,2026-08-27 18:30:00,2089831748_2247609748_0,2089831748,2247609748,0,primary,19.8,186.44,5,5.0,60.0,0.9322,severe,932.2,open,
road_closure,2026-08-27 16:00:00,2245996393_2245996404_0,2245996393,2245996404,0,secondary,41.5,81.1,5,25.8,38.0,0.321,moderate,2092.4,open,
heavy_congestion,2026-08-27 18:30:00,3153700727_7698768683_0,3153700727,7698768683,0,primary,18.7,165.43,4,10.4,60.0,0.8271,severe,1715.7,open,
accident,2026-08-27 17:30:00,13959206701_3691106066_0,13959206701,3691106066,0,secondary,14.0,174.91,3,11.7,38.0,0.6924,heavy,2044.8,open,
multiple_congested,2026-08-27 18:00:00,2782802294_3598282779_0,2782802294,3598282779,0,secondary,41.9,157.35,9,14.3,38.0,0.6228,heavy,2255.1,open,
clearing,2026-08-27 21:00:00,3602401827_4181147607_0,3602401827,4181147607,0,secondary,33.8,38.4,2,32.2,38.0,0.152,low,1237.5,open,
sudden_congestion,2026-08-27 15:00:00,1762335430_3180143093_0,1762335430,3180143093,0,trunk,35.9,96.64,5,47.9,60.0,0.2013,low,4631.1,open,
normal,2026-08-27 14:00:00,13997299204_13997299203_0,13997299204,13997299203,0,secondary,44.0,40.89,2,31.8,38.0,0.1618,low,1302.3,open,
normal,2026-08-27 14:00:00,4183013294_3665228865_0,4183013294,3665228865,0,secondary,1701.3,63.78,147,28.4,38.0,0.2525,low,1811.8,open,
peak_hour,2026-08-27 18:30:00,13817631379_13817631377_0,13817631379,13817631377,0,secondary,228.7,190.74,59,9.3,38.0,0.755,severe,1775.7,open,
road_closure,2026-08-27 16:00:00,6372012810_3229448336_0,6372012810,3229448336,0,primary,1119.7,78.21,119,36.5,60.0,0.3911,moderate,2857.6,open,
multiple_congested,2026-08-27 18:00:00,6158030532_7710531414_0,6158030532,7710531414,0,secondary,55.3,135.95,10,9.0,60.0,0.8497,severe,1226.2,open,
road_closure,2026-08-27 16:00:00,3602310694_12082956838_0,3602310694,12082956838,0,trunk,141.1,110.11,21,41.6,60.0,0.3059,moderate,4585.8,open,
sudden_congestion,2026-08-27 15:00:00,306605332_12595121282_0,306605332,12595121282,0,secondary,11.2,52.35,1,30.1,38.0,0.2072,low,1577.1,open,
road_closure,2026-08-27 16:00:00,2649380021_2854456340_0,2649380021,2854456340,0,secondary,28.1,50.66,2,36.8,50.0,0.2639,low,1864.7,open,
normal,2026-08-27 14:00:00,308532031_308532032_0,308532031,308532032,0,secondary,22.5,44.5,1,38.4,50.0,0.2318,low,1709.3,open,
accident,2026-08-27 17:30:00,3547296187_1948881759_0,3547296187,1948881759,0,secondary,124.7,88.26,15,26.9,60.0,0.5516,heavy,2374.4,open,
normal,2026-08-27 14:00:00,2786023218_4210209468_0,2786023218,4210209468,0,secondary,23.5,43.23,1,31.5,38.0,0.1711,low,1361.5,open,
road_closure,2026-08-27 16:00:00,8366113816_6308390560_0,8366113816,6308390560,0,primary,20.3,83.64,2,34.9,60.0,0.4182,moderate,2919.7,open,
heavy_congestion,2026-08-27 18:30:00,2090009446_11179144178_0,2090009446,11179144178,0,motorway,4647.7,123.93,780,64.2,120.0,0.4647,moderate,7960.2,open,
multiple_congested,2026-08-27 18:00:00,2232017984_2222561995_0,2232017984,2222561995,0,secondary,18.5,214.28,5,5.8,38.0,0.8482,severe,1236.0,open,
peak_hour,2026-08-27 18:30:00,2857758556_2857758558_0,2857758556,2857758558,0,secondary,139.4,227.98,43,5.0,38.0,0.9024,severe,1139.9,open,
peak_hour,2026-08-27 18:30:00,6507460666_308779533_0,6507460666,308779533,0,secondary,63.6,180.03,16,10.9,38.0,0.7126,severe,1965.9,open,
peak_hour,2026-08-27 18:30:00,2231949710_663127103_0,2231949710,663127103,0,primary,28.0,146.73,6,16.0,60.0,0.7336,severe,2344.9,open,
heavy_congestion,2026-08-27 18:30:00,2730859596_3550389825_0,2730859596,3550389825,0,primary,402.9,178.1,97,14.9,45.0,0.6679,heavy,2661.8,open,
accident,2026-08-27 17:30:00,3602486407_3602486400_0,3602486407,3602486400,0,secondary,25.7,159.32,6,14.0,38.0,0.6306,heavy,2236.2,open,
heavy_congestion,2026-08-27 18:30:00,12632759800_12632841001_0,12632759800,12632841001,0,secondary,6.3,264.91,2,5.0,50.0,0.9198,severe,1324.6,open,
clearing,2026-08-27 21:00:00,11811421145_2177264436_0,11811421145,2177264436,0,primary,151.5,64.19,13,34.3,40.0,0.1426,low,2201.3,open,
accident,2026-08-27 17:30:00,7761554447_5491724545_0,7761554447,5491724545,0,secondary,30.2,119.36,5,20.0,38.0,0.4725,moderate,2392.7,open,
road_closure,2026-08-27 16:00:00,7687038655_11043330024_0,7687038655,11043330024,0,secondary,34.9,60.51,3,37.3,60.0,0.3782,moderate,2257.6,open,
clearing,2026-08-27 21:00:00,8995556174_8995556172_0,8995556174,8995556172,0,secondary,54.5,18.34,1,53.1,60.0,0.1146,low,974.4,open,
normal,2026-08-27 14:00:00,2852296190_2852296199_0,2852296190,2852296199,0,secondary,42.4,51.8,3,30.2,38.0,0.205,low,1564.8,open,
clearing,2026-08-27 21:00:00,6150225982_1301947596_0,6150225982,1301947596,0,primary,91.5,23.72,3,52.9,60.0,0.1186,low,1254.3,open,
clearing,2026-08-27 21:00:00,3215278859_11947121785_0,3215278859,11947121785,0,trunk,12.5,35.23,1,51.2,60.0,0.1468,low,1803.3,open,
road_closure,2026-08-27 16:00:00,2712520119_1750007585_0,2712520119,1750007585,0,secondary,131.3,74.05,13,26.9,38.0,0.2931,low,1989.1,open,
clearing,2026-08-27 21:00:00,12640811421_12640811420_0,12640811421,12640811420,0,primary_link,21.9,52.69,2,26.0,30.0,0.1317,low,1372.4,open,
peak_hour,2026-08-27 18:30:00,6149836074_3157391646_0,6149836074,3157391646,0,primary,19.6,176.34,5,15.2,45.0,0.6613,heavy,2687.9,open,
heavy_congestion,2026-08-27 18:30:00,13996839864_13996839859_0,13996839864,13996839859,0,secondary,71.5,235.22,23,5.0,38.0,0.9311,severe,1176.1,open,
accident,2026-08-27 17:30:00,12404235974_5230197176_0,12404235974,5230197176,0,primary,12.8,175.09,3,15.5,45.0,0.6566,heavy,2705.8,open,
peak_hour,2026-08-27 18:30:00,4185037690_4185037708_0,4185037690,4185037708,0,secondary,128.9,181.58,32,10.7,38.0,0.7187,severe,1940.7,open,
peak_hour,2026-08-27 18:30:00,5134742003_3554715947_0,5134742003,3554715947,0,primary,282.2,190.0,73,5.0,60.0,0.95,severe,950.0,open,
peak_hour,2026-08-27 18:30:00,7669037201_3506474688_0,7669037201,3506474688,0,secondary,42.7,219.09,13,5.0,38.0,0.8672,severe,1105.3,open,
sudden_congestion,2026-08-27 15:00:00,289908642_3148642297_0,289908642,3148642297,0,trunk,14.5,46.39,1,48.4,60.0,0.1933,low,2245.4,open,
heavy_congestion,2026-08-27 18:30:00,1947070539_2782950441_0,1947070539,2782950441,0,secondary,110.6,240.0,36,5.0,38.0,0.95,severe,1200.0,open,
multiple_congested,2026-08-27 18:00:00,2225436172_2225436217_0,2225436172,2225436217,0,secondary,60.9,161.01,13,13.8,38.0,0.6373,heavy,2219.0,open,
road_closure,2026-08-27 16:00:00,3191273363_2180033528_0,3191273363,2180033528,0,secondary,9.7,60.05,1,29.0,38.0,0.2377,low,1739.5,open,
clearing,2026-08-27 21:00:00,11256641623_2780888305_0,11256641623,2780888305,0,primary,54.6,35.85,3,49.2,60.0,0.1792,low,1765.4,open,
multiple_congested,2026-08-27 18:00:00,4003605897_4003605891_0,4003605897,4003605891,0,secondary,31.6,159.18,7,8.5,50.0,0.8291,severe,1360.5,open,
multiple_congested,2026-08-27 18:00:00,2886933504_12408695268_0,2886933504,12408695268,0,secondary,100.1,212.75,29,6.0,38.0,0.8421,severe,1276.2,open,
clearing,2026-08-27 21:00:00,7220801886_10279730772_0,7220801886,10279730772,0,trunk_link,23.6,68.37,2,29.2,35.0,0.1662,low,1995.3,open,
normal,2026-08-27 14:00:00,7713639311_5432424809_0,7713639311,5432424809,0,secondary,111.4,36.56,6,46.3,60.0,0.2285,low,1692.2,open,
road_closure,2026-08-27 16:00:00,2714801150_2714801047_0,2714801150,2714801047,0,primary,10.1,101.29,1,27.9,45.0,0.3798,moderate,2826.7,open,
multiple_congested,2026-08-27 18:00:00,3154912715_663178849_0,3154912715,663178849,0,primary,1705.0,239.07,552,5.0,45.0,0.8965,severe,1195.3,open,
sudden_congestion,2026-08-27 15:00:00,3784141122_9411388309_0,3784141122,9411388309,0,secondary,156.3,58.74,12,29.2,38.0,0.2325,low,1713.1,open,
clearing,2026-08-27 21:00:00,5230130725_5230130729_0,5230130725,5230130729,0,secondary,45.3,38.17,2,32.3,38.0,0.1511,low,1231.4,open,
road_closure,2026-08-27 16:00:00,4333125496_3157569982_0,4333125496,3157569982,0,primary,13.5,74.26,1,37.7,60.0,0.3713,moderate,2801.2,open,
clearing,2026-08-27 21:00:00,3145250141_5573811040_0,3145250141,5573811040,0,secondary,9.6,29.12,0,49.1,60.0,0.182,low,1429.2,open,
road_closure,2026-08-27 16:00:00,2744203189_3579902659_0,2744203189,3579902659,0,secondary,51.8,61.66,4,28.7,38.0,0.2441,low,1771.2,open,
clearing,2026-08-27 21:00:00,7955949493_314924625_0,7955949493,314924625,0,secondary,410.6,26.64,15,50.0,60.0,0.1665,low,1332.4,open,
normal,2026-08-27 14:00:00,12074980626_2234141711_0,12074980626,2234141711,0,secondary,55.7,41.29,3,31.8,38.0,0.1634,low,1312.5,open,
accident,2026-08-27 17:30:00,2726689146_12987542967_0,2726689146,12987542967,0,secondary,9.8,99.95,1,24.0,50.0,0.5206,heavy,2395.9,open,
accident,2026-08-27 17:30:00,2968385220_2968385214_0,2968385220,2968385214,0,primary,112.5,154.56,24,13.6,60.0,0.7728,severe,2106.9,open,
road_closure,2026-08-27 16:00:00,6308390065_6308390067_0,6308390065,6308390067,0,secondary,49.3,71.51,5,27.2,38.0,0.2831,low,1948.3,open,
sudden_congestion,2026-08-27 15:00:00,1657327923_289419335_0,1657327923,289419335,0,trunk,51.9,51.39,4,47.2,60.0,0.2141,low,2423.3,open,
peak_hour,2026-08-27 18:30:00,7674302931_7676222118_0,7674302931,7676222118,0,secondary,40.5,211.91,12,6.1,38.0,0.8388,severe,1298.0,open,
normal,2026-08-27 14:00:00,3168263285_11840437170_0,3168263285,11840437170,0,trunk,26.1,41.2,1,49.7,60.0,0.1717,low,2047.7,open,
accident,2026-08-27 17:30:00,11083481787_12155374877_0,11083481787,12155374877,0,trunk,973.3,145.52,192,23.6,60.0,0.6064,heavy,3437.1,open,
heavy_congestion,2026-08-27 18:30:00,3182362242_12643239531_0,3182362242,12643239531,0,secondary,1.7,165.52,0,13.1,38.0,0.6552,heavy,2168.8,open,
accident,2026-08-27 17:30:00,4203989138_3791315054_0,4203989138,3791315054,0,secondary,13.8,142.22,3,13.0,50.0,0.7407,severe,1843.7,open,
normal,2026-08-27 14:00:00,316980567_2852277887_0,316980567,2852277887,0,secondary,85.8,28.02,3,42.7,50.0,0.146,low,1196.7,open,
accident,2026-08-27 17:30:00,11539548063_11539548064_0,11539548063,11539548064,0,primary,93.6,110.47,14,26.9,60.0,0.5523,heavy,2967.1,open,
normal,2026-08-27 14:00:00,2852259355_11530262283_0,2852259355,11530262283,0,primary,18.7,65.53,2,33.9,45.0,0.2457,low,2224.2,open,
multiple_congested,2026-08-27 18:00:00,12447073868_12447073867_0,12447073868,12447073867,0,secondary_link,20.4,267.02,7,6.2,28.0,0.7788,severe,1653.8,open,
multiple_congested,2026-08-27 18:00:00,6372012811_6372012810_0,6372012811,6372012810,0,primary,14.5,190.0,4,5.0,60.0,0.95,severe,950.0,open,
normal,2026-08-27 14:00:00,11521312169_11563086494_0,11521312169,11563086494,0,trunk,184.5,38.64,10,50.3,60.0,0.161,low,1945.3,open,
peak_hour,2026-08-27 18:30:00,5436549575_12833223523_0,5436549575,12833223523,0,secondary,24.4,152.28,5,15.1,38.0,0.6028,heavy,2298.6,open,
road_closure,2026-08-27 16:00:00,2763577180_12237136499_0,2763577180,12237136499,0,trunk,50.5,82.63,6,39.3,60.0,0.3443,moderate,3250.9,open,
peak_hour,2026-08-27 18:30:00,9704458736_1880346113_0,9704458736,1880346113,0,primary,19.3,141.67,4,17.5,60.0,0.7084,severe,2479.0,open,
normal,2026-08-27 14:00:00,3598263596_7710171938_0,3598263596,7710171938,0,secondary,36.8,40.04,2,32.0,38.0,0.1585,low,1280.3,open,
sudden_congestion,2026-08-27 15:00:00,1595788692_1597321918_0,1595788692,1597321918,0,trunk,64.3,73.76,6,47.7,60.0,0.2049,low,3518.8,open,
multiple_congested,2026-08-27 18:00:00,3602310977_2228998077_0,3602310977,2228998077,0,primary,35.2,190.0,9,5.0,60.0,0.95,severe,950.0,open,
sudden_congestion,2026-08-27 15:00:00,3612558763_13344984997_0,3612558763,13344984997,0,secondary,33.0,39.45,2,39.7,50.0,0.2055,low,1567.3,open,
road_closure,2026-08-27 16:00:00,307062222_3602491939_0,307062222,3602491939,0,trunk,79.7,86.91,9,34.9,50.0,0.3018,moderate,3034.2,open,
normal,2026-08-27 14:00:00,2417934226_5230130655_0,2417934226,5230130655,0,secondary,44.6,58.97,4,29.1,38.0,0.2334,low,1717.7,open,
clearing,2026-08-27 21:00:00,7709978600_3598377806_0,7709978600,3598377806,0,primary_link,12.8,70.1,1,24.7,30.0,0.1752,low,1734.4,open,
clearing,2026-08-27 21:00:00,11530484403_3284656539_0,11530484403,3284656539,0,trunk,330.7,30.2,14,52.5,60.0,0.1258,low,1583.8,open,
multiple_congested,2026-08-27 18:00:00,2180952017_2180951933_0,2180952017,2180951933,0,motorway_link,935.8,189.95,241,21.0,45.0,0.5342,heavy,3981.2,open,
clearing,2026-08-27 21:00:00,2730859820_2730859802_0,2730859820,2730859802,0,secondary,24.3,44.47,1,31.3,38.0,0.176,low,1392.4,open,
accident,2026-08-27 17:30:00,2284186191_5384728402_0,2284186191,5384728402,0,secondary,55.5,156.41,12,14.5,38.0,0.6191,heavy,2263.8,open,
peak_hour,2026-08-27 18:30:00,1880346113_356328215_0,1880346113,356328215,0,primary,220.0,190.0,57,5.0,60.0,0.95,severe,950.0,open,
clearing,2026-08-27 21:00:00,7715912344_7715912362_0,7715912344,7715912362,0,primary,22.8,31.87,1,50.4,60.0,0.1593,low,1607.5,open,
heavy_congestion,2026-08-27 18:30:00,12595121282_306605332_0,12595121282,306605332,0,secondary,11.2,190.64,3,9.3,38.0,0.7546,severe,1777.6,open,
peak_hour,2026-08-27 18:30:00,3602325801_11846815203_0,3602325801,11846815203,0,secondary,64.0,134.11,12,17.8,38.0,0.5309,heavy,2390.9,open,
multiple_congested,2026-08-27 18:00:00,11072641988_2234501767_0,11072641988,2234501767,0,secondary,168.4,234.53,54,5.0,38.0,0.9284,severe,1172.7,open,
peak_hour,2026-08-27 18:30:00,2590289586_3614467012_0,2590289586,3614467012,0,secondary,334.6,176.04,80,11.5,38.0,0.6968,heavy,2028.1,open,
multiple_congested,2026-08-27 18:00:00,308779463_1820079981_0,308779463,1820079981,0,secondary,35.2,169.31,8,5.9,50.0,0.8818,severe,1000.6,open,
accident,2026-08-27 17:30:00,2738998014_2738998019_0,2738998014,2738998019,0,secondary,21.3,139.4,4,17.0,38.0,0.5518,heavy,2374.3,open,
normal,2026-08-27 14:00:00,2653211584_2653211591_0,2653211584,2653211591,0,secondary,61.2,23.32,2,51.3,60.0,0.1458,low,1195.5,open,
peak_hour,2026-08-27 18:30:00,5569790379_4193167075_0,5569790379,4193167075,0,secondary,87.9,132.56,16,18.1,38.0,0.5247,heavy,2394.1,open,
accident,2026-08-27 17:30:00,2787009548_2787009546_0,2787009548,2787009546,0,secondary,35.2,180.35,9,10.9,38.0,0.7139,severe,1960.9,open,
sudden_congestion,2026-08-27 15:00:00,3614575004_7642023374_0,3614575004,7642023374,0,secondary,94.8,54.11,7,29.9,38.0,0.2142,low,1615.7,open,
clearing,2026-08-27 21:00:00,2243959502_2243959486_0,2243959502,2243959486,0,secondary,21.2,39.33,1,32.1,38.0,0.1557,low,1261.8,open,
road_closure,2026-08-27 16:00:00,353721364_353721376_0,353721364,353721376,0,secondary,98.7,87.39,12,24.9,38.0,0.3459,moderate,2172.1,open,
normal,2026-08-27 14:00:00,11039520360_2183029327_0,11039520360,2183029327,0,trunk_link,18.5,58.76,1,30.0,35.0,0.1428,low,1762.8,open,
accident,2026-08-27 17:30:00,9713126184_9713126185_0,9713126184,9713126185,0,primary,35.2,102.77,5,29.2,60.0,0.5138,heavy,2997.7,open,
multiple_congested,2026-08-27 18:00:00,11521678966_11521678967_0,11521678966,11521678967,0,trunk_link,11.5,239.85,4,14.6,35.0,0.583,heavy,3500.9,open,
multiple_congested,2026-08-27 18:00:00,308942957_308942951_0,308942957,308942951,0,secondary,62.9,193.33,16,8.9,38.0,0.7653,severe,1724.6,open,
accident,2026-08-27 17:30:00,7655506586_11809022243_0,7655506586,11809022243,0,secondary,19.3,117.81,3,20.3,38.0,0.4663,moderate,2389.1,open,
clearing,2026-08-27 21:00:00,11563086494_2090009590_0,11563086494,2090009590,0,trunk,593.9,29.2,23,52.7,60.0,0.1217,low,1539.0,open,
normal,2026-08-27 14:00:00,5230197204_571358579_0,5230197204,571358579,0,primary,2733.8,44.75,166,37.4,45.0,0.1678,low,1675.7,open,
clearing,2026-08-27 21:00:00,11141521200_3532606012_0,11141521200,3532606012,0,secondary,115.9,26.61,4,34.0,38.0,0.1053,low,904.6,open,
accident,2026-08-27 17:30:00,2232047858_3598281860_0,2232047858,3598281860,0,secondary,85.5,163.13,19,13.5,38.0,0.6457,heavy,2196.2,open,
peak_hour,2026-08-27 18:30:00,6150667086_10250377660_0,6150667086,10250377660,0,secondary,339.4,258.78,119,12.1,38.0,0.6829,heavy,3118.4,open,
sudden_congestion,2026-08-27 15:00:00,3232432963_3232432964_0,3232432963,3232432964,0,secondary,11.9,57.49,1,29.4,38.0,0.2275,low,1687.4,open,
multiple_congested,2026-08-27 18:00:00,3059813236_312819965_0,3059813236,312819965,0,trunk,145.0,181.7,36,14.6,60.0,0.7571,severe,2648.2,open,
sudden_congestion,2026-08-27 15:00:00,10081115168_13339829077_0,10081115168,13339829077,0,secondary,47.7,60.28,4,28.9,38.0,0.2386,low,1744.0,open,
multiple_congested,2026-08-27 18:00:00,10047125839_1657340143_0,10047125839,1657340143,0,secondary,72.1,239.08,23,5.0,38.0,0.9464,severe,1195.4,open,
sudden_congestion,2026-08-27 15:00:00,11851178699_7651326487_0,11851178699,7651326487,0,secondary,433.3,51.29,30,30.3,38.0,0.203,low,1553.3,open,
clearing,2026-08-27 21:00:00,3598399380_2236889926_0,3598399380,2236889926,0,primary,37.4,28.66,1,51.4,60.0,0.1433,low,1473.4,open,
road_closure,2026-08-27 16:00:00,10236649115_11245003323_0,10236649115,11245003323,0,secondary,62.7,90.09,8,21.6,30.0,0.2815,low,1941.8,open,
road_closure,2026-08-27 16:00:00,2852277865_289930133_0,2852277865,289930133,0,secondary,9.3,49.18,1,37.2,50.0,0.2561,low,1829.0,open,
peak_hour,2026-08-27 18:30:00,11836403261_11499566355_0,11836403261,11499566355,0,secondary,88.4,170.92,20,12.3,38.0,0.6766,heavy,2100.7,open,
sudden_congestion,2026-08-27 15:00:00,4267856735_4267856734_0,4267856735,4267856734,0,primary,20.6,54.51,2,43.6,60.0,0.2726,low,2379.3,open,
heavy_congestion,2026-08-27 18:30:00,2590250999_7594419694_0,2590250999,7594419694,0,secondary,70.8,175.14,17,11.7,38.0,0.6933,heavy,2041.4,open,
clearing,2026-08-27 21:00:00,1611088675_662739779_0,1611088675,662739779,0,primary,243.8,40.38,13,47.9,60.0,0.2019,low,1933.8,open,
road_closure,2026-08-27 16:00:00,2234286948_2234956990_0,2234286948,2234956990,0,primary,449.7,82.21,50,31.1,45.0,0.3083,moderate,2559.0,open,
normal,2026-08-27 14:00:00,12296269465_2726477471_0,12296269465,2726477471,0,trunk,23.1,30.65,1,52.3,60.0,0.1277,low,1604.2,open,
normal,2026-08-27 14:00:00,2789994760_7002662246_0,2789994760,7002662246,0,secondary,341.3,62.91,29,28.5,38.0,0.249,low,1795.3,open,
accident,2026-08-27 17:30:00,3147210558_3147189472_0,3147210558,3147189472,0,primary,14.4,121.23,2,23.6,60.0,0.6062,heavy,2864.8,open,
road_closure,2026-08-27 16:00:00,2714800585_7547050559_0,2714800585,7547050559,0,secondary,730.6,68.65,68,27.7,38.0,0.2717,low,1899.8,open,
clearing,2026-08-27 21:00:00,3614505576_3614505523_0,3614505576,3614505523,0,secondary,39.8,44.82,2,31.3,38.0,0.1774,low,1401.1,open,
accident,2026-08-27 17:30:00,3550391696_2739328915_0,3550391696,2739328915,0,primary,239.5,178.26,58,14.9,45.0,0.6685,heavy,2659.3,open,
accident,2026-08-27 17:30:00,6432145814_1947948535_0,6432145814,1947948535,0,trunk,7.8,127.1,1,28.2,60.0,0.5296,heavy,3587.4,open,
road_closure,2026-08-27 16:00:00,7532139089_7532139091_0,7532139089,7532139091,0,secondary,13.8,93.58,2,23.9,38.0,0.3704,moderate,2238.8,open,
road_closure,2026-08-27 16:00:00,13111789121_7656163224_0,13111789121,7656163224,0,primary,543.7,73.91,54,32.5,45.0,0.2772,low,2404.1,open,
clearing,2026-08-27 21:00:00,11219787264_1521002286_0,11219787264,1521002286,0,motorway_link,601.0,35.56,29,44.4,50.0,0.1111,low,1580.2,open,
multiple_congested,2026-08-27 18:00:00,3598267795_2781136134_0,3598267795,2781136134,0,primary,60.9,183.85,15,5.0,60.0,0.9192,severe,919.2,open,
heavy_congestion,2026-08-27 18:30:00,13371439861_13371439862_0,13371439861,13371439862,0,secondary,6.7,167.1,2,12.9,38.0,0.6614,heavy,2149.8,open,
accident,2026-08-27 17:30:00,3718078060_11947056961_0,3718078060,11947056961,0,secondary,50.8,147.78,10,15.8,38.0,0.5849,heavy,2330.7,open,
accident,2026-08-27 17:30:00,3153700678_3614503764_0,3153700678,3614503764,0,primary,9.8,137.99,2,18.6,60.0,0.6899,heavy,2567.1,open,
sudden_congestion,2026-08-27 15:00:00,11166496419_11166496422_0,11166496419,11166496422,0,secondary,140.6,69.7,13,27.5,38.0,0.2759,low,1917.9,open,
peak_hour,2026-08-27 18:30:00,1321749504_3612561579_0,1321749504,3612561579,0,secondary,34.4,129.98,6,16.2,50.0,0.677,heavy,2099.4,open,
normal,2026-08-27 14:00:00,3579902513_3259943936_0,3579902513,3259943936,0,secondary,46.3,44.23,3,31.3,38.0,0.1751,low,1386.4,open,
accident,2026-08-27 17:30:00,312810220_2243960974_0,312810220,2243960974,0,secondary,64.3,125.11,11,19.2,38.0,0.4952,moderate,2399.8,open,
heavy_congestion,2026-08-27 18:30:00,6274776779_6267163238_0,6274776779,6267163238,0,secondary,51.2,164.39,11,13.3,38.0,0.6507,heavy,2182.0,open,
peak_hour,2026-08-27 18:30:00,7675947573_7675947572_0,7675947573,7675947572,0,primary,26.0,157.68,6,18.4,45.0,0.5913,heavy,2899.9,open,
heavy_congestion,2026-08-27 18:30:00,662741315_5569790702_0,662741315,5569790702,0,secondary,7.9,136.48,1,8.8,60.0,0.853,severe,1203.8,open,
sudden_congestion,2026-08-27 15:00:00,14055489409_14055489410_0,14055489409,14055489410,0,trunk_link,15.8,63.34,1,29.6,35.0,0.154,low,1875.6,open,
normal,2026-08-27 14:00:00,2841180701_2841179477_0,2841180701,2841179477,0,secondary,12.8,30.78,1,42.0,50.0,0.1603,low,1292.2,open,
clearing,2026-08-27 21:00:00,11548973075_6150303401_0,11548973075,6150303401,0,trunk,272.0,36.64,14,50.8,60.0,0.1527,low,1862.8,open,
clearing,2026-08-27 21:00:00,1779485067_9682921061_0,1779485067,9682921061,0,primary,65.9,54.73,5,35.8,45.0,0.2052,low,1957.4,open,
peak_hour,2026-08-27 18:30:00,3614462413_13338016736_0,3614462413,13338016736,0,secondary,89.3,206.61,25,6.9,38.0,0.8178,severe,1430.3,open,
road_closure,2026-08-27 16:00:00,2593937240_2593937246_0,2593937240,2593937246,0,secondary,49.9,75.73,5,30.3,50.0,0.3944,moderate,2293.0,open,
clearing,2026-08-27 21:00:00,667238529_3614586216_0,667238529,3614586216,0,secondary,20.0,37.12,1,32.4,38.0,0.1469,low,1203.4,open,
normal,2026-08-27 14:00:00,2781464466_7062977483_0,2781464466,7062977483,0,secondary,38.9,33.42,2,41.3,50.0,0.1741,low,1380.3,open,
heavy_congestion,2026-08-27 18:30:00,2155864696_3602298868_0,2155864696,3602298868,0,secondary,124.2,236.56,40,5.0,38.0,0.9364,severe,1182.8,open,
sudden_congestion,2026-08-27 15:00:00,3602392840_3677980427_0,3602392840,3677980427,0,secondary,130.8,45.15,8,31.2,38.0,0.1787,low,1409.0,open,
clearing,2026-08-27 21:00:00,12893363902_4317365417_0,12893363902,4317365417,0,secondary,51.8,31.94,2,33.2,38.0,0.1264,low,1060.4,open,
normal,2026-08-27 14:00:00,3612570543_3612570752_0,3612570543,3612570752,0,secondary,77.3,29.83,3,48.8,60.0,0.1864,low,1456.0,open,
heavy_congestion,2026-08-27 18:30:00,4180702334_2249690016_0,4180702334,2249690016,0,secondary,43.8,211.97,13,6.1,38.0,0.8391,severe,1296.4,open,
road_closure,2026-08-27 16:00:00,978107678_3598273444_0,978107678,3598273444,0,secondary,118.9,60.13,10,37.5,60.0,0.3758,moderate,2251.9,open,
accident,2026-08-27 17:30:00,7710574982_7672665495_0,7710574982,7672665495,0,secondary,7.1,117.44,1,19.4,50.0,0.6117,heavy,2280.3,open,
heavy_congestion,2026-08-27 18:30:00,3614501442_3614501414_0,3614501442,3614501414,0,primary,68.5,190.0,18,5.0,60.0,0.95,severe,950.0,open,
multiple_congested,2026-08-27 18:00:00,13417966259_289917156_0,13417966259,289917156,0,trunk,22.1,206.86,6,25.5,60.0,0.5746,heavy,5279.7,open,
accident,2026-08-27 17:30:00,3602310652_3602310694_0,3602310652,3602310694,0,trunk,19.8,199.92,5,26.7,60.0,0.5553,heavy,5333.9,open,
road_closure,2026-08-27 16:00:00,308779450_308779452_0,308779450,308779452,0,secondary,35.5,95.46,5,23.6,38.0,0.3779,moderate,2256.8,open,
heavy_congestion,2026-08-27 18:30:00,3182362248_2859840946_0,3182362248,2859840946,0,secondary,50.8,231.19,16,5.0,38.0,0.9151,severe,1155.9,open,
normal,2026-08-27 14:00:00,306605411_11478628921_0,306605411,11478628921,0,trunk,45.9,49.36,3,41.4,50.0,0.1714,low,2045.0,open,
heavy_congestion,2026-08-27 18:30:00,4567635968_2835239047_0,4567635968,2835239047,0,secondary,64.2,157.69,14,14.3,38.0,0.6242,heavy,2251.9,open,
clearing,2026-08-27 21:00:00,5472942872_7718986096_0,5472942872,7718986096,0,secondary,19.2,25.78,1,50.3,60.0,0.1611,low,1297.7,open,
multiple_congested,2026-08-27 18:00:00,4328011572_3550390138_0,4328011572,3550390138,0,secondary,6.1,179.67,1,11.0,38.0,0.7112,severe,1971.8,open,
normal,2026-08-27 14:00:00,4181147064_4208855636_0,4181147064,4208855636,0,secondary,798.4,53.55,58,29.9,38.0,0.212,low,1603.5,open,
heavy_congestion,2026-08-27 18:30:00,308532073_4260400314_0,308532073,4260400314,0,secondary,110.1,182.4,27,5.0,50.0,0.95,severe,912.0,open,
normal,2026-08-27 14:00:00,5263125844_2714801042_0,5263125844,2714801042,0,primary,136.1,73.65,14,32.6,45.0,0.2762,low,2398.8,open,
accident,2026-08-27 17:30:00,6273428537_3225678795_0,6273428537,3225678795,0,secondary,37.8,150.54,8,15.4,38.0,0.5959,heavy,2311.7,open,
peak_hour,2026-08-27 18:30:00,3818298015_3148659844_0,3818298015,3148659844,0,primary,77.6,257.66,27,8.5,60.0,0.8589,severe,2181.8,open,
multiple_congested,2026-08-27 18:00:00,12741252579_11527773028_0,12741252579,11527773028,0,primary,13.7,176.6,3,15.2,45.0,0.6623,heavy,2684.1,open,
road_closure,2026-08-27 16:00:00,12254609963_13754790722_0,12254609963,13754790722,0,trunk,15.9,84.07,2,39.0,60.0,0.3503,moderate,3277.3,open,
road_closure,2026-08-27 16:00:00,2649391778_2651764941_0,2649391778,2651764941,0,secondary,70.9,75.01,7,30.5,50.0,0.3907,moderate,2285.2,open,
sudden_congestion,2026-08-27 15:00:00,1301718457_351875624_0,1301718457,351875624,0,primary,25.1,51.13,2,44.7,60.0,0.2557,low,2283.6,open,
peak_hour,2026-08-27 18:30:00,7576833300_7576576753_0,7576833300,7576576753,0,secondary,83.5,215.83,24,5.5,38.0,0.8543,severe,1194.6,open,
clearing,2026-08-27 21:00:00,13047850754_11947067976_0,13047850754,11947067976,0,trunk,1064.3,34.49,50,51.4,60.0,0.1437,low,1772.2,open,
road_closure,2026-08-27 16:00:00,7579923211_4201856822_0,7579923211,4201856822,0,secondary,38.2,98.75,5,23.1,38.0,0.3909,moderate,2285.7,open,
accident,2026-08-27 17:30:00,2766338095_11539893465_0,2766338095,11539893465,0,secondary,35.4,127.67,6,12.1,60.0,0.7979,severe,1547.9,open,
peak_hour,2026-08-27 18:30:00,4132164361_4132164367_0,4132164361,4132164367,0,secondary,25.6,205.67,7,7.1,38.0,0.8141,severe,1452.8,open,
road_closure,2026-08-27 16:00:00,11037159785_2180797354_0,11037159785,2180797354,0,trunk,406.4,76.47,42,40.9,60.0,0.3186,moderate,3126.2,open,
normal,2026-08-27 14:00:00,6270914595_3994788686_0,6270914595,3994788686,0,secondary,79.2,50.54,5,30.4,38.0,0.2001,low,1536.3,open,
accident,2026-08-27 17:30:00,11152266116_7682662018_0,11152266116,7682662018,0,secondary,18.5,89.02,2,26.6,60.0,0.5564,heavy,2369.5,open,
sudden_congestion,2026-08-27 15:00:00,3550345355_11906452372_0,3550345355,11906452372,0,secondary,58.2,45.25,4,31.2,38.0,0.1791,low,1411.6,open,
road_closure,2026-08-27 16:00:00,4132160885_4132160879_0,4132160885,4132160879,0,secondary,35.7,90.0,4,24.5,38.0,0.3563,moderate,2201.7,open,
accident,2026-08-27 17:30:00,7698359241_11906923747_0,7698359241,11906923747,0,secondary,6.1,147.41,1,15.8,38.0,0.5835,heavy,2333.1,open,
accident,2026-08-27 17:30:00,2795965633_2795965626_0,2795965633,2795965626,0,primary,44.4,173.94,10,7.8,60.0,0.8697,severe,1360.0,open,
peak_hour,2026-08-27 18:30:00,3602479278_2090103453_0,3602479278,2090103453,0,secondary,1141.8,169.53,262,12.5,38.0,0.6711,heavy,2119.1,open,
accident,2026-08-27 17:30:00,11946730570_11947121796_0,11946730570,11947121796,0,trunk,14.1,113.25,2,31.7,60.0,0.4719,moderate,3588.6,open,
accident,2026-08-27 17:30:00,4192962861_3598316030_0,4192962861,3598316030,0,secondary,44.4,134.1,8,17.8,38.0,0.5308,heavy,2390.9,open,
multiple_congested,2026-08-27 18:00:00,4189390809_4189390799_0,4189390809,4189390799,0,secondary,72.4,152.48,15,15.1,38.0,0.6036,heavy,2297.0,open,
multiple_congested,2026-08-27 18:00:00,2803360722_2803360718_0,2803360722,2803360718,0,secondary,18.1,86.14,2,27.7,60.0,0.5384,heavy,2385.9,open,
heavy_congestion,2026-08-27 18:30:00,2857520277_3158994870_0,2857520277,3158994870,0,primary,559.2,165.47,125,10.4,60.0,0.8273,severe,1714.1,open,
normal,2026-08-27 14:00:00,364697534_9073649765_0,364697534,9073649765,0,secondary,125.8,33.69,6,47.4,60.0,0.2106,low,1595.8,open,
normal,2026-08-27 14:00:00,6514122460_1820079698_0,6514122460,1820079698,0,secondary,15.9,33.99,1,47.3,60.0,0.2125,low,1606.3,open,
road_closure,2026-08-27 16:00:00,3614498566_2237525006_0,3614498566,2237525006,0,secondary,136.9,103.3,19,22.5,38.0,0.4089,moderate,2320.3,open,
accident,2026-08-27 17:30:00,6438776685_2570397640_0,6438776685,2570397640,0,secondary,373.1,106.2,54,20.2,60.0,0.6638,heavy,2142.6,open,
clearing,2026-08-27 21:00:00,3208710160_3208710463_0,3208710160,3208710463,0,primary,63.4,33.62,3,39.3,45.0,0.1261,low,1322.3,open,
normal,2026-08-27 14:00:00,2738998041_312790269_0,2738998041,312790269,0,secondary,74.9,45.1,5,31.2,38.0,0.1785,low,1408.0,open,
road_closure,2026-08-27 16:00:00,350438292_350438279_0,350438292,350438279,0,secondary,48.5,54.56,4,39.5,60.0,0.341,moderate,2157.2,open,
peak_hour,2026-08-27 18:30:00,11226863736_11226927337_0,11226863736,11226927337,0,secondary_link,26.1,261.13,9,6.7,28.0,0.7616,severe,1742.9,open,
normal,2026-08-27 14:00:00,11179144148_3753055175_0,11179144148,3753055175,0,motorway,8144.1,23.83,263,109.3,120.0,0.0894,low,2604.0,open,
sudden_congestion,2026-08-27 15:00:00,5598880531_5598880532_0,5598880531,5598880532,0,secondary_link,116.4,76.48,12,21.8,28.0,0.2231,low,1663.8,open,
normal,2026-08-27 14:00:00,701200691_1318409233_0,701200691,1318409233,0,motorway_link,574.4,61.63,48,31.5,36.7,0.1412,low,1940.6,open,
multiple_congested,2026-08-27 18:00:00,4327435844_4327438261_0,4327435844,4327438261,0,secondary,52.8,213.82,15,5.8,38.0,0.8464,severe,1248.3,open,
clearing,2026-08-27 21:00:00,3164238313_3164238311_0,3164238313,3164238311,0,trunk,56.8,35.97,3,51.0,60.0,0.1499,low,1834.8,open,
accident,2026-08-27 17:30:00,3554715947_2721043953_0,3554715947,2721043953,0,primary,8.5,160.97,2,17.8,45.0,0.6036,heavy,2871.1,open,
sudden_congestion,2026-08-27 15:00:00,309713933_2855073234_0,309713933,2855073234,0,secondary,15.6,38.84,1,39.9,50.0,0.2023,low,1549.1,open,
accident,2026-08-27 17:30:00,4466948173_7564721434_0,4466948173,7564721434,0,secondary,436.8,137.88,82,17.3,38.0,0.5458,heavy,2379.9,open,
heavy_congestion,2026-08-27 18:30:00,1611089035_1611089005_0,1611089035,1611089005,0,secondary,121.8,182.22,30,10.6,38.0,0.7213,severe,1930.0,open,
sudden_congestion,2026-08-27 15:00:00,2402951021_2730522837_0,2402951021,2730522837,0,trunk,40.4,47.32,3,41.8,50.0,0.1643,low,1977.4,open,
clearing,2026-08-27 21:00:00,4003605897_4003605891_0,4003605897,4003605891,0,secondary,31.6,30.91,1,42.0,50.0,0.161,low,1296.6,open,
peak_hour,2026-08-27 18:30:00,1932900691_3158978742_0,1932900691,3158978742,0,secondary,159.9,102.49,22,21.6,60.0,0.6406,heavy,2210.3,open,
clearing,2026-08-27 21:00:00,2988438636_3210144314_0,2988438636,3210144314,0,secondary,76.6,39.39,4,32.1,38.0,0.1559,low,1263.4,open,
clearing,2026-08-27 21:00:00,11520864553_3204084471_0,11520864553,3204084471,0,trunk,122.7,32.15,5,52.0,60.0,0.134,low,1670.6,open,
heavy_congestion,2026-08-27 18:30:00,6158030538_7710064296_0,6158030538,7710064296,0,secondary,173.3,139.12,33,7.8,60.0,0.8695,severe,1089.4,open,
multiple_congested,2026-08-27 18:00:00,7730615664_7662866743_0,7730615664,7662866743,0,trunk,67.6,156.18,14,21.0,60.0,0.6507,heavy,3272.8,open,
peak_hour,2026-08-27 18:30:00,5442344899_11866668526_0,5442344899,11866668526,0,secondary,2.4,181.37,1,10.7,38.0,0.7179,severe,1944.1,open,
accident,2026-08-27 17:30:00,13449453903_12973076363_0,13449453903,12973076363,0,motorway,1340.4,236.45,429,48.5,80.0,0.3941,moderate,11461.6,open,
road_closure,2026-08-27 16:00:00,3614572197_3614572279_0,3614572197,3614572279,0,secondary,127.5,73.44,13,27.0,38.0,0.2907,low,1979.5,open,
accident,2026-08-27 17:30:00,5273744085_3164090692_0,5273744085,3164090692,0,trunk,188.9,126.87,32,28.3,60.0,0.5286,heavy,3588.2,open,
clearing,2026-08-27 21:00:00,3618964867_4281753529_0,3618964867,4281753529,0,secondary,28.0,27.98,1,33.8,38.0,0.1107,low,945.4,open,
sudden_congestion,2026-08-27 15:00:00,10081115177_10081115168_0,10081115177,10081115168,0,secondary,470.9,59.15,38,29.1,38.0,0.2341,low,1721.4,open,
sudden_congestion,2026-08-27 15:00:00,2593937204_2593937206_0,2593937204,2593937206,0,secondary,37.5,42.44,2,38.9,50.0,0.2211,low,1653.1,open,
heavy_congestion,2026-08-27 18:30:00,7010525799_7010525867_0,7010525799,7010525867,0,secondary,87.7,179.8,21,11.0,38.0,0.7117,severe,1969.7,open,
accident,2026-08-27 17:30:00,13855739872_3174236881_0,13855739872,3174236881,0,primary,38.8,244.74,13,11.1,60.0,0.8158,severe,2704.8,open,
accident,2026-08-27 17:30:00,2187030024_5506308438_0,2187030024,5506308438,0,motorway_link,490.9,180.47,120,21.8,50.0,0.564,heavy,3934.5,open,
sudden_congestion,2026-08-27 15:00:00,6274877592_7680103605_0,6274877592,7680103605,0,secondary,27.7,67.25,3,27.9,38.0,0.2662,low,1875.3,open,
normal,2026-08-27 14:00:00,7576670619_7576670605_0,7576670619,7576670605,0,secondary,53.7,48.79,4,30.7,38.0,0.1931,low,1495.9,open,
clearing,2026-08-27 21:00:00,1284260452_2249841576_0,1284260452,2249841576,0,secondary,33.5,40.35,2,31.9,38.0,0.1597,low,1288.4,open,
road_closure,2026-08-27 16:00:00,12120123276_12120123269_0,12120123276,12120123269,0,secondary,11.3,62.05,1,33.8,50.0,0.3232,moderate,2099.9,open,
multiple_congested,2026-08-27 18:00:00,2854456340_2649380021_0,2854456340,2649380021,0,secondary,28.1,149.5,6,11.1,50.0,0.7786,severe,1654.7,open,
multiple_congested,2026-08-27 18:00:00,1948596003_10281692150_0,1948596003,10281692150,0,primary,80.7,119.25,13,24.2,60.0,0.5963,heavy,2888.8,open,
road_closure,2026-08-27 16:00:00,4313248598_3930272164_0,4313248598,3930272164,0,secondary_link,54.1,109.07,8,19.1,28.0,0.3181,moderate,2082.4,open,
clearing,2026-08-27 21:00:00,364679320_353759614_0,364679320,353759614,0,secondary,115.7,37.61,6,32.3,38.0,0.1489,low,1216.3,open,
heavy_congestion,2026-08-27 18:30:00,453301630_3602395924_0,453301630,3602395924,0,secondary,78.3,240.0,25,5.0,38.0,0.95,severe,1200.0,open,
road_closure,2026-08-27 16:00:00,12336783122_2246173297_0,12336783122,2246173297,0,secondary,147.3,88.92,18,24.6,38.0,0.352,moderate,2189.6,open,
road_closure,2026-08-27 16:00:00,928699962_644722303_0,928699962,644722303,0,secondary,80.2,62.57,7,28.6,38.0,0.2477,low,1788.8,open,
heavy_congestion,2026-08-27 18:30:00,626898539_2859523773_0,626898539,2859523773,0,secondary,18.4,152.79,4,15.0,38.0,0.6048,heavy,2294.6,open,
multiple_congested,2026-08-27 18:00:00,3154912746_7543472819_0,3154912746,7543472819,0,secondary,5.1,209.39,1,6.5,38.0,0.8288,severe,1362.0,open,
accident,2026-08-27 17:30:00,4208768470_984996489_0,4208768470,984996489,0,trunk,75.2,113.56,12,31.6,60.0,0.4732,moderate,3589.6,open,
heavy_congestion,2026-08-27 18:30:00,6308390507_6308390342_0,6308390507,6308390342,0,secondary,162.4,154.81,34,14.7,38.0,0.6128,heavy,2277.9,open,
clearing,2026-08-27 21:00:00,7718986114_7718986109_0,7718986114,7718986109,0,secondary,52.3,21.61,2,51.9,60.0,0.1351,low,1121.6,open,
peak_hour,2026-08-27 18:30:00,4180196133_3618951064_0,4180196133,3618951064,0,secondary,208.6,138.36,39,17.2,38.0,0.5477,heavy,2378.2,open,
heavy_congestion,2026-08-27 18:30:00,315074139_3598267855_0,315074139,3598267855,0,secondary,45.6,188.47,12,9.7,38.0,0.746,severe,1818.9,open,
heavy_congestion,2026-08-27 18:30:00,11539950593_4327976604_0,11539950593,4327976604,0,primary,96.8,146.6,19,16.0,60.0,0.733,severe,2348.6,open,
heavy_congestion,2026-08-27 18:30:00,10600434125_3817562686_0,10600434125,3817562686,0,primary,31.6,190.0,8,5.0,60.0,0.95,severe,950.0,open,
heavy_congestion,2026-08-27 18:30:00,3602487667_4203893890_0,3602487667,4203893890,0,secondary_link,344.2,323.7,151,5.0,28.0,0.9441,severe,1618.5,open,
road_closure,2026-08-27 16:00:00,2730859645_2730859635_0,2730859645,2730859635,0,secondary,32.1,81.69,4,25.7,38.0,0.3234,moderate,2100.5,open,
peak_hour,2026-08-27 18:30:00,4182661160_4182661161_0,4182661160,4182661161,0,secondary,37.4,159.22,8,14.1,38.0,0.6302,heavy,2237.2,open,
heavy_congestion,2026-08-27 18:30:00,2795820275_2852451370_0,2795820275,2852451370,0,primary,36.0,190.0,9,5.0,60.0,0.95,severe,950.0,open,
sudden_congestion,2026-08-27 15:00:00,1692848774_1692848886_0,1692848774,1692848886,0,secondary,125.3,21.86,4,43.6,60.0,0.2733,low,953.2,open,
accident,2026-08-27 17:30:00,11545997994_11545997995_0,11545997994,11545997995,0,secondary_link,10.9,196.06,3,12.0,28.0,0.5718,heavy,2350.4,open,
accident,2026-08-27 17:30:00,2178294785_3612560805_0,2178294785,3612560805,0,trunk,90.6,118.88,15,30.3,60.0,0.4953,moderate,3599.7,open,
normal,2026-08-27 14:00:00,5384809497_571347296_0,5384809497,571347296,0,secondary,10.9,58.14,1,29.3,38.0,0.2301,low,1700.8,open,
accident,2026-08-27 17:30:00,2410864155_5232286960_0,2410864155,5232286960,0,secondary,30.0,153.25,6,14.9,38.0,0.6066,heavy,2290.9,open,
accident,2026-08-27 17:30:00,10685130173_1401188391_0,10685130173,1401188391,0,primary,19.8,120.35,3,23.9,60.0,0.6018,heavy,2875.7,open,
peak_hour,2026-08-27 18:30:00,2738997966_2738997945_0,2738997966,2738997945,0,secondary,42.6,141.08,8,16.8,38.0,0.5584,heavy,2367.2,open,
normal,2026-08-27 14:00:00,12855112099_12855112098_0,12855112099,12855112098,0,primary_link,9.3,72.11,1,24.6,30.0,0.1803,low,1773.4,open,
normal,2026-08-27 14:00:00,7761491525_7761491526_0,7761491525,7761491526,0,secondary,47.7,36.12,2,46.5,60.0,0.2257,low,1677.9,open,
clearing,2026-08-27 21:00:00,571150961_571150963_0,571150961,571150963,0,trunk,56.6,23.58,2,54.1,60.0,0.0982,low,1275.6,open,
peak_hour,2026-08-27 18:30:00,7663703913_5611782947_0,7663703913,5611782947,0,secondary,123.8,205.2,34,7.1,38.0,0.8122,severe,1464.1,open,
heavy_congestion,2026-08-27 18:30:00,10277626596_10277626595_0,10277626596,10277626595,0,primary_link,20.3,380.0,10,5.0,30.0,0.95,severe,1900.0,open,
peak_hour,2026-08-27 18:30:00,11491608987_4246012258_0,11491608987,4246012258,0,secondary,14.0,138.99,3,17.1,38.0,0.5502,heavy,2375.8,open,
road_closure,2026-08-27 16:00:00,7697969743_3614461637_0,7697969743,3614461637,0,secondary,6.0,99.78,1,23.0,38.0,0.395,moderate,2294.1,open,
sudden_congestion,2026-08-27 15:00:00,2852245277_11829883879_0,2852245277,11829883879,0,secondary,53.9,34.8,3,40.9,50.0,0.1812,low,1424.5,open,
road_closure,2026-08-27 16:00:00,3598314818_3598314882_0,3598314818,3598314882,0,secondary,45.6,73.15,5,31.0,50.0,0.381,moderate,2264.0,open,
heavy_congestion,2026-08-27 18:30:00,11832602645_2730562416_0,11832602645,2730562416,0,secondary,43.8,127.85,8,12.1,60.0,0.7991,severe,1541.4,open,
normal,2026-08-27 14:00:00,3202594941_2241236311_0,3202594941,2241236311,0,secondary,292.7,28.93,11,42.5,50.0,0.1507,low,1228.5,open,
accident,2026-08-27 17:30:00,7693717826_3614468416_0,7693717826,3614468416,0,secondary,71.3,176.63,17,11.4,38.0,0.6991,heavy,2019.3,open,
heavy_congestion,2026-08-27 18:30:00,315072773_3598270191_0,315072773,3598270191,0,secondary,87.0,182.4,22,5.0,50.0,0.95,severe,912.0,open,
sudden_congestion,2026-08-27 15:00:00,308532050_308532053_0,308532050,308532053,0,secondary,166.2,39.02,9,39.8,50.0,0.2032,low,1554.4,open,
accident,2026-08-27 17:30:00,2231794887_2231794886_0,2231794887,2231794886,0,secondary,35.1,149.83,7,11.0,50.0,0.7803,severe,1645.5,open,
sudden_congestion,2026-08-27 15:00:00,11809305620_11809305621_0,11809305620,11809305621,0,secondary_link,8.2,55.95,1,23.4,28.0,0.1632,low,1310.9,open,
normal,2026-08-27 14:00:00,3554707848_11367939186_0,3554707848,11367939186,0,secondary,211.9,56.55,16,29.5,38.0,0.2238,low,1667.8,open,
heavy_congestion,2026-08-27 18:30:00,12079987350_12987028906_0,12079987350,12987028906,0,trunk,2655.6,173.46,624,16.6,60.0,0.7227,severe,2885.6,open,
multiple_congested,2026-08-27 18:00:00,3612563938_308775908_0,3612563938,308775908,0,secondary,54.0,114.91,8,20.1,50.0,0.5985,heavy,2306.9,open,
sudden_congestion,2026-08-27 15:00:00,316977147_3205790587_0,316977147,3205790587,0,secondary,25.5,40.69,1,39.4,50.0,0.2119,low,1603.3,open,
sudden_congestion,2026-08-27 15:00:00,2803543811_7680296914_0,2803543811,7680296914,0,secondary,227.9,35.76,11,46.6,60.0,0.2235,low,1666.1,open,
sudden_congestion,2026-08-27 15:00:00,1699091358_1299846663_0,1699091358,1299846663,0,primary_link,17.7,87.48,2,23.4,30.0,0.2187,low,2050.4,open,
sudden_congestion,2026-08-27 15:00:00,2222562162_2988112464_0,2222562162,2988112464,0,secondary,34.9,61.74,3,28.7,38.0,0.2444,low,1772.7,open,
sudden_congestion,2026-08-27 15:00:00,2177264502_2177264454_0,2177264502,2177264454,0,trunk_link,69.4,155.25,15,21.8,35.0,0.3773,moderate,3383.4,open,
sudden_congestion,2026-08-27 15:00:00,306609543_3208734240_0,306609543,3208734240,0,trunk,191.4,37.66,10,50.6,60.0,0.1569,low,1904.8,open,
normal,2026-08-27 14:00:00,2852326162_3602333241_0,2852326162,3602333241,0,secondary,115.1,43.97,7,31.4,38.0,0.174,low,1380.0,open,
heavy_congestion,2026-08-27 18:30:00,310213259_1312299901_0,310213259,1312299901,0,secondary,25.8,185.85,7,10.0,38.0,0.7357,severe,1866.8,open,
sudden_congestion,2026-08-27 15:00:00,7713639307_7713639311_0,7713639307,7713639311,0,secondary,8.7,26.11,0,50.2,60.0,0.1632,low,1311.1,open,
normal,2026-08-27 14:00:00,11801313928_11801313929_0,11801313928,11801313929,0,secondary_link,12.8,84.27,1,21.1,28.0,0.2458,low,1779.6,open,
peak_hour,2026-08-27 18:30:00,4209020159_2841220830_0,4209020159,2841220830,0,secondary,139.4,159.14,30,8.6,50.0,0.8288,severe,1361.9,open,
clearing,2026-08-27 21:00:00,2730859783_2730859802_0,2730859783,2730859802,0,secondary,24.6,42.27,1,31.6,38.0,0.1673,low,1337.4,open,
accident,2026-08-27 17:30:00,4314601149_4314601166_0,4314601149,4314601166,0,secondary,114.6,149.79,23,15.5,38.0,0.5929,heavy,2317.1,open,
road_closure,2026-08-27 16:00:00,7679973322_7679973307_0,7679973322,7679973307,0,secondary,14.5,97.71,2,23.3,38.0,0.3868,moderate,2276.9,open,
multiple_congested,2026-08-27 18:00:00,11477738716_3614465040_0,11477738716,3614465040,0,secondary,129.7,201.79,35,7.6,38.0,0.7987,severe,1543.2,open,
accident,2026-08-27 17:30:00,13417966259_289917156_0,13417966259,289917156,0,trunk,22.1,174.26,5,31.0,60.0,0.4841,moderate,5394.5,open,
normal,2026-08-27 14:00:00,2582060765_11868156531_0,2582060765,11868156531,0,secondary,40.7,60.54,3,28.9,38.0,0.2396,low,1749.3,open,
multiple_congested,2026-08-27 18:00:00,3614460526_3614460541_0,3614460526,3614460541,0,secondary,27.9,146.71,6,15.9,38.0,0.5807,heavy,2337.4,open,
sudden_congestion,2026-08-27 15:00:00,4328527300_3931671424_0,4328527300,3931671424,0,primary,116.0,38.89,6,48.3,60.0,0.1945,low,1879.7,open,
sudden_congestion,2026-08-27 15:00:00,7652489319_7652489317_0,7652489319,7652489317,0,secondary,25.7,67.77,2,27.8,38.0,0.2682,low,1884.4,open,
peak_hour,2026-08-27 18:30:00,4327201602_4466948173_0,4327201602,4466948173,0,secondary,89.7,203.46,25,7.4,38.0,0.8054,severe,1504.9,open,
road_closure,2026-08-27 16:00:00,9726062487_9726062486_0,9726062487,9726062486,0,primary_link,27.8,127.23,5,20.5,30.0,0.3181,moderate,2602.9,open,
normal,2026-08-27 14:00:00,2222307087_2222307148_0,2222307087,2222307148,0,secondary,21.1,61.31,2,28.8,38.0,0.2427,low,1764.3,open,
peak_hour,2026-08-27 18:30:00,7761550448_2221877131_0,7761550448,2221877131,0,primary,33.8,190.0,9,5.0,60.0,0.95,severe,950.0,open,
multiple_congested,2026-08-27 18:00:00,11521112899_1707132513_0,11521112899,1707132513,0,secondary,13.9,182.01,3,18.4,50.0,0.632,heavy,3349.1,open,
heavy_congestion,2026-08-27 18:30:00,12963864836_571358205_0,12963864836,571358205,0,primary,30.0,246.57,10,5.0,45.0,0.9246,severe,1232.8,open,
multiple_congested,2026-08-27 18:00:00,2231794892_1215788871_0,2231794892,1215788871,0,secondary,20.2,167.21,5,6.5,50.0,0.8709,severe,1079.4,open,
heavy_congestion,2026-08-27 18:30:00,701200691_1318415406_0,701200691,1318415406,0,motorway,1063.2,121.47,175,65.3,120.0,0.4555,moderate,7936.7,open,
heavy_congestion,2026-08-27 18:30:00,7577452445_571166334_0,7577452445,571166334,0,secondary,135.3,161.33,30,13.7,38.0,0.6386,heavy,2215.6,open,
sudden_congestion,2026-08-27 15:00:00,2247609681_12389867283_0,2247609681,12389867283,0,primary,156.2,47.84,10,45.6,60.0,0.2392,low,2183.9,open,
normal,2026-08-27 14:00:00,6275677679_3602486439_0,6275677679,3602486439,0,secondary_link,50.4,79.46,5,21.5,28.0,0.2318,low,1709.3,open,
normal,2026-08-27 14:00:00,2243961001_2243960966_0,2243961001,2243960966,0,secondary,20.4,64.16,2,28.3,38.0,0.254,low,1819.0,open,
peak_hour,2026-08-27 18:30:00,9819514964_3614507464_0,9819514964,3614507464,0,secondary,523.8,107.27,76,22.1,50.0,0.5587,heavy,2366.9,open,
multiple_congested,2026-08-27 18:00:00,2852277865_289930133_0,2852277865,289930133,0,secondary,9.3,111.72,1,20.9,50.0,0.5819,heavy,2335.6,open,
peak_hour,2026-08-27 18:30:00,571173643_4327208894_0,571173643,4327208894,0,secondary,69.4,193.83,18,8.8,38.0,0.7672,severe,1714.4,open,
multiple_congested,2026-08-27 18:00:00,13343944216_4328184943_0,13343944216,4328184943,0,primary,70.9,248.55,24,5.0,45.0,0.9321,severe,1242.8,open,
peak_hour,2026-08-27 18:30:00,5711258339_12152951650_0,5711258339,12152951650,0,primary,356.8,219.47,106,8.0,45.0,0.823,severe,1748.1,open,
sudden_congestion,2026-08-27 15:00:00,7732806115_2582060765_0,7732806115,2582060765,0,secondary,471.8,68.86,44,27.6,38.0,0.2726,low,1903.4,open,
multiple_congested,2026-08-27 18:00:00,4201856831_7587946727_0,4201856831,7587946727,0,secondary,31.9,192.42,8,9.1,38.0,0.7617,severe,1742.6,open,
road_closure,2026-08-27 16:00:00,3602309808_3602309876_0,3602309808,3602309876,0,primary,26.2,88.79,3,33.4,60.0,0.4439,moderate,2962.3,open,
clearing,2026-08-27 21:00:00,12595322874_3207154789_0,12595322874,3207154789,0,trunk,29.5,25.42,1,53.6,60.0,0.1059,low,1363.5,open,
accident,2026-08-27 17:30:00,6274888118_6274888116_0,6274888118,6274888116,0,secondary,39.8,197.5,11,8.3,38.0,0.7818,severe,1637.8,open,
normal,2026-08-27 14:00:00,2721044304_4182570697_0,2721044304,4182570697,0,secondary,572.4,57.08,44,29.4,38.0,0.2259,low,1678.9,open,
road_closure,2026-08-27 16:00:00,7647115092_13294608506_0,7647115092,13294608506,0,secondary,251.4,92.05,31,24.2,38.0,0.3644,moderate,2223.4,open,
road_closure,2026-08-27 16:00:00,5137745097_3754062759_0,5137745097,3754062759,0,secondary,196.2,105.57,28,22.1,38.0,0.4179,moderate,2335.3,open,
peak_hour,2026-08-27 18:30:00,7712490380_7712490359_0,7712490380,7712490359,0,primary,39.7,364.4,20,5.3,60.0,0.911,severe,1945.7,open,
clearing,2026-08-27 21:00:00,7637204604_7637127870_0,7637204604,7637127870,0,secondary,84.2,30.42,3,33.4,38.0,0.1204,low,1016.9,open,
heavy_congestion,2026-08-27 18:30:00,2803084541_13047850754_0,2803084541,13047850754,0,trunk,302.4,188.86,77,12.8,60.0,0.7869,severe,2414.6,open,
peak_hour,2026-08-27 18:30:00,3612558772_3612558778_0,3612558772,3612558778,0,secondary,15.7,131.06,3,15.9,50.0,0.6826,heavy,2079.9,open,
road_closure,2026-08-27 16:00:00,2803146454_4193153673_0,2803146454,4193153673,0,secondary,133.9,97.98,18,23.3,38.0,0.3878,moderate,2279.2,open,
clearing,2026-08-27 21:00:00,2847498581_4343145654_0,2847498581,4343145654,0,trunk,33.5,22.82,1,54.3,60.0,0.0951,low,1238.8,open,
peak_hour,2026-08-27 18:30:00,11230869803_7687390575_0,11230869803,7687390575,0,secondary,10.3,212.81,3,6.0,38.0,0.8424,severe,1274.6,open,
peak_hour,2026-08-27 18:30:00,3598256093_1880347568_0,3598256093,1880347568,0,primary,76.4,203.59,21,19.3,60.0,0.6786,heavy,3925.6,open,
normal,2026-08-27 14:00:00,7579290957_7579365438_0,7579290957,7579365438,0,secondary,2.8,52.57,0,30.1,38.0,0.2081,low,1581.9,open,
multiple_congested,2026-08-27 18:00:00,5774514397_5774514396_0,5774514397,5774514396,0,primary,13.1,190.65,3,12.8,45.0,0.7149,severe,2445.7,open,
normal,2026-08-27 14:00:00,343312847_3598261435_0,343312847,3598261435,0,secondary,61.6,35.98,3,46.5,60.0,0.2248,low,1673.2,open,
sudden_congestion,2026-08-27 15:00:00,13361047695_13183336233_0,13361047695,13183336233,0,primary,11.2,46.02,1,37.2,45.0,0.1726,low,1713.6,open,
normal,2026-08-27 14:00:00,5143098119_5143098121_0,5143098119,5143098121,0,secondary,351.1,62.54,30,28.6,38.0,0.2476,low,1788.2,open,
sudden_congestion,2026-08-27 15:00:00,11572144635_2583355557_0,11572144635,2583355557,0,trunk,161.1,32.6,7,51.8,60.0,0.1359,low,1690.5,open,
sudden_congestion,2026-08-27 15:00:00,11068332885_10294842847_0,11068332885,10294842847,0,secondary,52.6,36.84,3,46.2,60.0,0.2303,low,1701.6,open,
peak_hour,2026-08-27 18:30:00,9860478582_2421317283_0,9860478582,2421317283,0,primary,121.9,129.96,21,21.0,60.0,0.6498,heavy,2730.7,open,
road_closure,2026-08-27 16:00:00,2243960128_2243960134_0,2243960128,2243960134,0,secondary,12.0,84.5,1,25.3,38.0,0.3345,moderate,2137.0,open,
peak_hour,2026-08-27 18:30:00,3680189239_3680189240_0,3680189239,3680189240,0,trunk,153.8,164.82,34,18.8,60.0,0.6868,heavy,3097.8,open,
sudden_congestion,2026-08-27 15:00:00,8366075138_2852573249_0,8366075138,2852573249,0,primary,338.8,52.08,24,44.4,60.0,0.2604,low,2311.1,open,
normal,2026-08-27 14:00:00,1557474261_1557476752_0,1557474261,1557476752,0,secondary,140.5,37.63,7,45.9,60.0,0.2352,low,1726.6,open,
peak_hour,2026-08-27 18:30:00,11068989425_11052663141_0,11068989425,11052663141,0,primary,203.6,213.9,59,8.9,45.0,0.8021,severe,1904.7,open,
sudden_congestion,2026-08-27 15:00:00,1438257727_2231826869_0,1438257727,2231826869,0,secondary,28.7,56.57,2,29.5,38.0,0.2239,low,1668.3,open,
clearing,2026-08-27 21:00:00,3618954841_2782873772_0,3618954841,2782873772,0,secondary,144.3,23.17,5,44.0,50.0,0.1207,low,1018.7,open,
multiple_congested,2026-08-27 18:00:00,11828134474_2240856760_0,11828134474,2240856760,0,trunk,319.5,174.58,76,30.9,60.0,0.4849,moderate,5395.1,open,
multiple_congested,2026-08-27 18:00:00,5999378854_5999378882_0,5999378854,5999378882,0,secondary,370.2,199.28,100,8.0,38.0,0.7888,severe,1599.3,open,
multiple_congested,2026-08-27 18:00:00,2787009548_4208851793_0,2787009548,4208851793,0,secondary,21.8,218.49,6,5.1,38.0,0.8648,severe,1122.1,open,
multiple_congested,2026-08-27 18:00:00,11843080121_11843080122_0,11843080121,11843080122,0,trunk_link,18.0,349.31,8,5.3,35.0,0.849,severe,1845.9,open,
multiple_congested,2026-08-27 18:00:00,3598284611_982234989_0,3598284611,982234989,0,secondary,46.7,178.17,11,11.2,38.0,0.7053,severe,1995.5,open,
clearing,2026-08-27 21:00:00,11521342917_1325157607_0,11521342917,1325157607,0,trunk,266.7,25.99,9,53.5,60.0,0.1083,low,1390.8,open,
road_closure,2026-08-27 16:00:00,2245993636_2247608371_0,2245993636,2247608371,0,secondary,103.0,66.26,9,28.0,38.0,0.2623,low,1857.5,open,
normal,2026-08-27 14:00:00,1296563006_3579915357_0,1296563006,3579915357,0,secondary,20.5,31.69,1,48.1,60.0,0.1981,low,1524.9,open,
clearing,2026-08-27 21:00:00,2854456385_2841168861_0,2854456385,2841168861,0,secondary,21.0,22.56,1,44.1,50.0,0.1175,low,995.6,open,
multiple_congested,2026-08-27 18:00:00,2783189162_3598284611_0,2783189162,3598284611,0,secondary,11.1,140.19,2,16.9,38.0,0.5549,heavy,2371.1,open,
multiple_congested,2026-08-27 18:00:00,7544853560_7544099072_0,7544853560,7544099072,0,primary,38.7,208.26,11,9.9,45.0,0.781,severe,2052.6,open,
peak_hour,2026-08-27 18:30:00,660579396_4132070432_0,660579396,4132070432,0,secondary,194.0,209.24,55,6.5,38.0,0.8283,severe,1365.6,open,
road_closure,2026-08-27 16:00:00,7607552962_571180350_0,7607552962,571180350,0,secondary,98.8,71.89,10,27.2,38.0,0.2846,low,1954.4,open,
road_closure,2026-08-27 16:00:00,1235830544_320407371_0,1235830544,320407371,0,primary,70.2,85.67,8,30.5,45.0,0.3213,moderate,2616.6,open,
road_closure,2026-08-27 16:00:00,3186117579_2730859617_0,3186117579,2730859617,0,secondary,40.4,66.41,4,28.0,38.0,0.2629,low,1860.1,open,
sudden_congestion,2026-08-27 15:00:00,12073401000_12073401001_0,12073401000,12073401001,0,trunk_link,10.9,99.35,1,26.5,35.0,0.2415,low,2637.6,open,
sudden_congestion,2026-08-27 15:00:00,13754159678_2245993650_0,13754159678,2245993650,0,secondary,188.6,40.39,10,31.9,38.0,0.1599,low,1289.4,open,
accident,2026-08-27 17:30:00,4343145654_2177311064_0,4343145654,2177311064,0,trunk_link,79.1,176.39,19,15.9,60.0,0.7349,severe,2805.1,open,
road_closure,2026-08-27 16:00:00,2859815948_308530119_0,2859815948,308530119,0,secondary,17.1,45.86,1,38.1,50.0,0.2389,low,1745.3,open,
accident,2026-08-27 17:30:00,7592087939_571347691_0,7592087939,571347691,0,primary,31.8,166.98,7,9.9,60.0,0.8349,severe,1654.1,open,
clearing,2026-08-27 21:00:00,8620303412_2733918846_0,8620303412,2733918846,0,secondary,54.0,35.09,3,32.7,38.0,0.1389,low,1148.3,open,
road_closure,2026-08-27 16:00:00,2760699854_3602486400_0,2760699854,3602486400,0,secondary,34.8,69.88,3,27.5,38.0,0.2766,low,1920.8,open,
multiple_congested,2026-08-27 18:00:00,4180343262_312780822_0,4180343262,312780822,0,secondary,45.2,205.22,13,7.1,38.0,0.8123,severe,1463.4,open,
sudden_congestion,2026-08-27 15:00:00,2052593641_2791955826_0,2052593641,2791955826,0,secondary,92.7,42.37,5,31.6,38.0,0.1677,low,1340.0,open,
road_closure,2026-08-27 16:00:00,2590217055_2590217046_0,2590217055,2590217046,0,secondary_link,10.2,84.73,1,21.1,28.0,0.2471,low,1786.1,open,
sudden_congestion,2026-08-27 15:00:00,571176378_11851178731_0,571176378,11851178731,0,secondary,10.5,42.61,1,31.6,38.0,0.1687,low,1346.0,open,
sudden_congestion,2026-08-27 15:00:00,4285800053_4285800050_0,4285800053,4285800050,0,secondary,103.0,49.31,7,30.6,38.0,0.1952,low,1508.1,open,
sudden_congestion,2026-08-27 15:00:00,3614461637_7697969743_0,3614461637,7697969743,0,secondary,6.0,54.56,0,29.8,38.0,0.216,low,1625.6,open,
sudden_congestion,2026-08-27 15:00:00,4198191822_7577497971_0,4198191822,7577497971,0,primary,214.7,47.26,14,40.2,50.0,0.1969,low,1897.7,open,
multiple_congested,2026-08-27 18:00:00,3614513626_3614513577_0,3614513626,3614513577,0,secondary,2384.7,193.22,624,8.9,38.0,0.7648,severe,1726.7,open,
road_closure,2026-08-27 16:00:00,5489744174_12525384409_0,5489744174,12525384409,0,secondary,2057.6,70.31,196,27.4,38.0,0.2783,low,1928.2,open,
sudden_congestion,2026-08-27 15:00:00,289928943_11885730813_0,289928943,11885730813,0,trunk,11.3,49.72,1,47.6,60.0,0.2072,low,2365.2,open,
sudden_congestion,2026-08-27 15:00:00,3602308812_11545997995_0,3602308812,11545997995,0,secondary,249.3,29.47,10,48.9,60.0,0.1842,low,1442.6,open,
sudden_congestion,2026-08-27 15:00:00,7115939351_3471427645_0,7115939351,3471427645,0,secondary,41.0,49.75,3,30.5,38.0,0.1969,low,1518.2,open,
accident,2026-08-27 17:30:00,7709900927_11484278220_0,7709900927,11484278220,0,secondary,25.2,125.8,4,19.1,38.0,0.4979,moderate,2400.0,open,
accident,2026-08-27 17:30:00,2778813249_2778813250_0,2778813249,2778813250,0,primary,23.0,138.29,4,18.5,60.0,0.6915,heavy,2560.1,open,
normal,2026-08-27 14:00:00,1748868904_1748016671_0,1748868904,1748016671,0,secondary,39.5,57.76,3,29.3,38.0,0.2286,low,1693.1,open,
sudden_congestion,2026-08-27 15:00:00,2852308300_306598218_0,2852308300,306598218,0,secondary,40.5,44.22,2,31.3,38.0,0.175,low,1386.2,open,
normal,2026-08-27 14:00:00,7718905847_1752932121_0,7718905847,1752932121,0,trunk,53.6,76.16,6,47.3,60.0,0.2115,low,3602.7,open,
heavy_congestion,2026-08-27 18:30:00,3205653497_3157391667_0,3205653497,3157391667,0,primary,117.7,199.88,32,11.3,45.0,0.7495,severe,2252.8,open,
road_closure,2026-08-27 16:00:00,3602307467_13959184500_0,3602307467,13959184500,0,secondary,3.7,105.72,1,22.1,38.0,0.4185,moderate,2336.2,open,
normal,2026-08-27 14:00:00,11828160683_3602320130_0,11828160683,3602320130,0,secondary,32.8,54.32,2,29.8,38.0,0.215,low,1620.3,open,
normal,2026-08-27 14:00:00,13279127299_3939122683_0,13279127299,3939122683,0,secondary,303.6,56.0,23,29.6,38.0,0.2217,low,1656.3,open,
normal,2026-08-27 14:00:00,1317466170_1317466173_0,1317466170,1317466173,0,secondary,51.3,29.73,2,42.3,50.0,0.1548,low,1256.4,open,
sudden_congestion,2026-08-27 15:00:00,5437052883_2249764870_0,5437052883,2249764870,0,primary,96.8,55.96,7,43.2,60.0,0.2798,low,2418.2,open,
multiple_congested,2026-08-27 18:00:00,6570831625_6570831633_0,6570831625,6570831633,0,secondary,48.8,167.33,11,6.4,50.0,0.8715,severe,1075.2,open,
peak_hour,2026-08-27 18:30:00,13817857715_13817857714_0,13817857715,13817857714,0,secondary,89.1,211.12,26,6.2,38.0,0.8357,severe,1318.4,open,
clearing,2026-08-27 21:00:00,11549170203_11549170198_0,11549170203,11549170198,0,secondary,9.2,28.38,0,33.7,38.0,0.1123,low,957.2,open,
clearing,2026-08-27 21:00:00,7690687275_2780888281_0,7690687275,2780888281,0,primary,90.2,29.34,4,51.2,60.0,0.1467,low,1502.3,open,
sudden_congestion,2026-08-27 15:00:00,2245994677_749099961_0,2245994677,749099961,0,secondary,11.2,47.75,1,30.8,38.0,0.189,low,1471.5,open,
normal,2026-08-27 14:00:00,11572238882_11572220859_0,11572238882,11572220859,0,trunk,206.4,33.51,9,51.6,60.0,0.1396,low,1729.8,open,
heavy_congestion,2026-08-27 18:30:00,3157353951_3894159567_0,3157353951,3894159567,0,primary,11.3,178.79,3,6.4,60.0,0.8939,severe,1137.8,open,
peak_hour,2026-08-27 18:30:00,2852264273_3471427645_0,2852264273,3471427645,0,secondary,41.5,175.2,10,11.6,38.0,0.6935,heavy,2040.6,open,
normal,2026-08-27 14:00:00,7652990248_661099974_0,7652990248,661099974,0,secondary,321.5,62.56,27,28.6,38.0,0.2476,low,1788.6,open,
clearing,2026-08-27 21:00:00,2090103391_2090103514_0,2090103391,2090103514,0,secondary,34.2,36.26,2,32.5,38.0,0.1435,low,1180.1,open,
peak_hour,2026-08-27 18:30:00,7660866071_5974714357_0,7660866071,5974714357,0,trunk,56.8,122.71,9,29.3,60.0,0.5113,heavy,3598.2,open,
normal,2026-08-27 14:00:00,3148642297_3148642290_0,3148642297,3148642290,0,trunk,11.1,29.32,0,52.7,60.0,0.1222,low,1544.3,open,
sudden_congestion,2026-08-27 15:00:00,12632759800_12632841001_0,12632759800,12632841001,0,secondary,6.3,68.73,1,38.1,50.0,0.2386,low,2616.3,open,
peak_hour,2026-08-27 18:30:00,4204320998_7668648970_0,4204320998,7668648970,0,secondary,52.3,68.69,5,17.1,40.0,0.5725,heavy,1174.8,open,
accident,2026-08-27 17:30:00,662741878_2231530435_0,662741878,2231530435,0,secondary,19.0,152.9,4,15.0,38.0,0.6052,heavy,2293.7,open,
road_closure,2026-08-27 16:00:00,5134982705_5134982700_0,5134982705,5134982700,0,secondary,6.4,76.82,1,26.4,38.0,0.3041,moderate,2031.5,open,
sudden_congestion,2026-08-27 15:00:00,2222733719_971318174_0,2222733719,971318174,0,secondary,25.9,32.58,1,41.5,50.0,0.1697,low,1352.6,open,
sudden_congestion,2026-08-27 15:00:00,2859560444_308783142_0,2859560444,308783142,0,secondary,127.8,48.32,8,30.7,38.0,0.1912,low,1484.9,open,
accident,2026-08-27 17:30:00,10250377701_10288955115_0,10250377701,10288955115,0,secondary,23.2,250.84,8,12.8,38.0,0.6619,heavy,3222.4,open,
accident,2026-08-27 17:30:00,3224390837_11521379586_0,3224390837,11521379586,0,trunk,147.8,131.44,26,27.1,60.0,0.5476,heavy,3567.3,open,
sudden_congestion,2026-08-27 15:00:00,3685769056_11971300651_0,3685769056,11971300651,0,primary,30.4,64.02,3,34.2,45.0,0.2401,low,2189.3,open,
sudden_congestion,2026-08-27 15:00:00,7139727367_11202903540_0,7139727367,11202903540,0,trunk,995.3,42.99,58,49.3,60.0,0.1791,low,2117.4,open,
multiple_congested,2026-08-27 18:00:00,2178294740_2178294850_0,2178294740,2178294850,0,trunk,126.0,183.88,31,14.0,60.0,0.7662,severe,2579.8,open,
sudden_congestion,2026-08-27 15:00:00,9592043122_2857849747_0,9592043122,2857849747,0,secondary,851.8,52.11,60,30.2,38.0,0.2063,low,1571.8,open,
peak_hour,2026-08-27 18:30:00,3614463017_3614462997_0,3614463017,3614462997,0,secondary,20.9,157.62,4,14.3,38.0,0.6239,heavy,2252.6,open,
normal,2026-08-27 14:00:00,571180350_7419125822_0,571180350,7419125822,0,secondary,72.4,64.44,6,28.3,38.0,0.2551,low,1824.1,open,
sudden_congestion,2026-08-27 15:00:00,7578269189_7578269191_0,7578269189,7578269191,0,trunk,37.8,49.16,3,47.7,60.0,0.2048,low,2345.3,open,
accident,2026-08-27 17:30:00,2714061155_2410864165_0,2714061155,2410864165,0,secondary,43.6,139.82,8,17.0,38.0,0.5535,heavy,2372.6,open,
sudden_congestion,2026-08-27 15:00:00,3602486439_6275677681_0,3602486439,6275677681,0,secondary_link,16.3,91.25,2,20.5,28.0,0.2661,low,1875.0,open,
road_closure,2026-08-27 16:00:00,4181144981_1611088838_0,4181144981,1611088838,0,secondary,68.3,65.36,6,28.2,38.0,0.2587,low,1841.1,open,
accident,2026-08-27 17:30:00,308576729_308560881_0,308576729,308560881,0,secondary,52.6,117.23,8,20.4,38.0,0.464,moderate,2387.6,open,
multiple_congested,2026-08-27 18:00:00,11539955850_11539955849_0,11539955850,11539955849,0,primary,19.7,141.94,4,17.4,60.0,0.7097,severe,2472.2,open,
multiple_congested,2026-08-27 18:00:00,298989634_5486693615_0,298989634,5486693615,0,secondary,22.1,167.32,5,12.8,38.0,0.6623,heavy,2147.1,open,
clearing,2026-08-27 21:00:00,596387722_7682815024_0,596387722,7682815024,0,trunk,38.3,39.14,2,43.2,50.0,0.1359,low,1690.9,open,
road_closure,2026-08-27 16:00:00,3155747528_307055815_0,3155747528,307055815,0,trunk_link,28.9,156.29,6,21.7,35.0,0.3799,moderate,3392.2,open,
sudden_congestion,2026-08-27 15:00:00,2795820269_3164352083_0,2795820269,3164352083,0,primary,93.4,38.72,5,48.4,60.0,0.1936,low,1873.4,open,
peak_hour,2026-08-27 18:30:00,13300924166_2852837391_0,13300924166,2852837391,0,secondary,16.3,139.24,3,17.1,38.0,0.5512,heavy,2374.9,open,
clearing,2026-08-27 21:00:00,6393193276_6393193242_0,6393193276,6393193242,0,primary,262.0,27.71,10,51.7,60.0,0.1386,low,1432.5,open,
normal,2026-08-27 14:00:00,3154941620_571158896_0,3154941620,571158896,0,secondary,640.6,52.8,46,30.1,38.0,0.209,low,1587.1,open,
heavy_congestion,2026-08-27 18:30:00,3215426731_11947658741_0,3215426731,11947658741,0,trunk,13.3,183.35,3,14.2,60.0,0.764,severe,2596.7,open,
sudden_congestion,2026-08-27 15:00:00,11539576963_306621401_0,11539576963,306621401,0,primary,25.1,57.82,2,42.7,60.0,0.2891,low,2466.1,open,
road_closure,2026-08-27 16:00:00,2805309544_307059969_0,2805309544,307059969,0,primary,361.7,78.85,39,36.3,60.0,0.3942,moderate,2865.8,open,
peak_hour,2026-08-27 18:30:00,1740539802_6749131065_0,1740539802,6749131065,0,trunk,91.1,164.56,20,18.9,60.0,0.6857,heavy,3103.6,open,
heavy_congestion,2026-08-27 18:30:00,3602309617_12581361329_0,3602309617,12581361329,0,secondary,23.2,182.83,6,10.5,38.0,0.7237,severe,1919.6,open,
peak_hour,2026-08-27 18:30:00,2000781472_4193413654_0,2000781472,4193413654,0,secondary,72.4,179.31,18,11.0,38.0,0.7098,severe,1977.6,open,
peak_hour,2026-08-27 18:30:00,7652403964_6520735765_0,7652403964,6520735765,0,secondary,127.8,167.86,29,12.8,38.0,0.6644,heavy,2140.4,open,
clearing,2026-08-27 21:00:00,3602301609_2572815807_0,3602301609,2572815807,0,secondary,124.4,24.58,4,50.8,60.0,0.1536,low,1248.3,open,
normal,2026-08-27 14:00:00,4196850918_7637594366_0,4196850918,7637594366,0,secondary,81.0,37.99,4,32.3,38.0,0.1504,low,1226.7,open,
clearing,2026-08-27 21:00:00,308933180_3164348473_0,308933180,3164348473,0,primary,14.2,39.64,1,48.1,60.0,0.1982,low,1907.0,open,
heavy_congestion,2026-08-27 18:30:00,2570397505_2570397538_0,2570397505,2570397538,0,secondary,288.5,152.0,59,5.0,60.0,0.95,severe,760.0,open,
multiple_congested,2026-08-27 18:00:00,3547283687_3547283703_0,3547283687,3547283703,0,primary,41.1,129.22,7,21.2,60.0,0.6461,heavy,2743.9,open,
accident,2026-08-27 17:30:00,308614007_308614003_0,308614007,308614003,0,secondary,111.1,135.87,20,14.6,50.0,0.7076,severe,1986.1,open,
clearing,2026-08-27 21:00:00,6829395496_7694429906_0,6829395496,7694429906,0,primary,46.0,51.11,3,36.4,45.0,0.1917,low,1859.2,open,
accident,2026-08-27 17:30:00,3598314466_3598314479_0,3598314466,3598314479,0,secondary,32.5,98.53,4,24.3,50.0,0.5132,heavy,2398.3,open,
peak_hour,2026-08-27 18:30:00,3598397539_12595099870_0,3598397539,12595099870,0,trunk,21.5,110.06,3,32.5,60.0,0.4586,moderate,3575.3,open,
clearing,2026-08-27 21:00:00,2786023218_2786023216_0,2786023218,2786023216,0,secondary,28.4,37.74,1,32.3,38.0,0.1494,low,1219.8,open,
heavy_congestion,2026-08-27 18:30:00,3612549800_12506479005_0,3612549800,12506479005,0,secondary,30.6,224.13,9,5.0,38.0,0.8872,severe,1120.7,open,
clearing,2026-08-27 21:00:00,7732806116_7732806117_0,7732806116,7732806117,0,secondary,11.3,37.17,1,32.4,38.0,0.1471,low,1204.7,open,
multiple_congested,2026-08-27 18:00:00,3195196246_3670021203_0,3195196246,3670021203,0,secondary,304.5,235.25,97,7.9,30.0,0.7352,severe,1869.1,open,
normal,2026-08-27 14:00:00,4327438218_7532317178_0,4327438218,7532317178,0,secondary,14.6,46.2,1,31.1,38.0,0.1829,low,1434.5,open,
accident,2026-08-27 17:30:00,2177264514_308971465_0,2177264514,308971465,0,secondary,16.0,99.07,2,22.9,60.0,0.6192,heavy,2263.7,open,
sudden_congestion,2026-08-27 15:00:00,3618962225_3618962202_0,3618962225,3618962202,0,secondary,167.3,62.64,14,28.6,38.0,0.248,low,1790.1,open,
multiple_congested,2026-08-27 18:00:00,10740538981_10740538980_0,10740538981,10740538980,0,secondary_link,7.0,186.99,2,12.7,28.0,0.5454,heavy,2380.2,open,
clearing,2026-08-27 21:00:00,1332756998_1333989349_0,1332756998,1333989349,0,secondary,43.7,41.05,2,31.8,38.0,0.1625,low,1306.5,open,
accident,2026-08-27 17:30:00,11830403000_11830403001_0,11830403000,11830403001,0,trunk_link,8.1,244.81,3,14.2,35.0,0.595,heavy,3470.0,open,
peak_hour,2026-08-27 18:30:00,5525085129_12829933891_0,5525085129,12829933891,0,secondary,266.1,99.93,36,22.5,60.0,0.6246,heavy,2251.1,open,
road_closure,2026-08-27 16:00:00,10175173326_10175173325_0,10175173326,10175173325,0,secondary_link,115.4,109.41,17,19.1,28.0,0.3191,moderate,2085.9,open,
road_closure,2026-08-27 16:00:00,310212082_12874773317_0,310212082,12874773317,0,secondary,10.3,64.67,1,35.7,60.0,0.4042,moderate,2311.9,open,
normal,2026-08-27 14:00:00,3598381063_4011191501_0,3598381063,4011191501,0,trunk_link,8.1,57.24,1,30.1,35.0,0.1391,low,1724.6,open,
sudden_congestion,2026-08-27 15:00:00,7577497981_3618954867_0,7577497981,3618954867,0,primary,31.2,44.23,2,40.8,50.0,0.1843,low,1803.9,open,
sudden_congestion,2026-08-27 15:00:00,308944683_308944684_0,308944683,308944684,0,secondary,7.2,48.68,0,30.7,38.0,0.1927,low,1493.4,open,
accident,2026-08-27 17:30:00,8366839534_1779552127_0,8366839534,1779552127,0,primary,39.1,147.2,8,15.8,60.0,0.736,severe,2331.6,open,
heavy_congestion,2026-08-27 18:30:00,2247638192_11944857072_0,2247638192,11944857072,0,secondary,28.5,240.0,9,5.0,38.0,0.95,severe,1200.0,open,
accident,2026-08-27 17:30:00,2686451300_2686451288_0,2686451300,2686451288,0,secondary,320.2,126.04,55,19.0,38.0,0.4989,moderate,2400.0,open,
heavy_congestion,2026-08-27 18:30:00,14007829444_5436549593_0,14007829444,5436549593,0,secondary,26.1,240.0,8,5.0,38.0,0.95,severe,1200.0,open,
normal,2026-08-27 14:00:00,5219390220_5219390823_0,5219390220,5219390823,0,secondary,22.5,63.79,2,28.4,38.0,0.2525,low,1811.9,open,
peak_hour,2026-08-27 18:30:00,5917655384_1311354718_0,5917655384,1311354718,0,secondary,64.9,76.33,7,14.6,40.0,0.6361,heavy,1111.1,open,
road_closure,2026-08-27 16:00:00,9567656791_7796343650_0,9567656791,7796343650,0,primary,202.3,92.51,25,29.4,45.0,0.3469,moderate,2718.8,open,
sudden_congestion,2026-08-27 15:00:00,2886937713_2886928836_0,2886937713,2886928836,0,secondary,75.1,56.05,6,29.6,38.0,0.2219,low,1657.5,open,
accident,2026-08-27 17:30:00,3669911914_1314803469_0,3669911914,1314803469,0,secondary,139.2,123.13,23,13.8,60.0,0.7696,severe,1702.3,open,
normal,2026-08-27 14:00:00,6149772758_6149772759_0,6149772758,6149772759,0,primary_link,8.8,65.27,1,25.1,30.0,0.1632,low,1638.6,open,
clearing,2026-08-27 21:00:00,11465483536_2782950537_0,11465483536,2782950537,0,secondary,28.1,28.09,1,33.8,38.0,0.1112,low,948.8,open,
sudden_congestion,2026-08-27 15:00:00,1274196443_3598282450_0,1274196443,3598282450,0,secondary,41.1,58.55,3,29.2,38.0,0.2318,low,1709.3,open,
sudden_congestion,2026-08-27 15:00:00,3164006378_12968988502_0,3164006378,12968988502,0,primary,63.0,72.07,6,32.8,45.0,0.2703,low,2366.6,open,
multiple_congested,2026-08-27 18:00:00,3614503750_665149343_0,3614503750,665149343,0,secondary,1143.2,170.5,264,5.6,50.0,0.888,severe,954.5,open,
road_closure,2026-08-27 16:00:00,2852295294_971318583_0,2852295294,971318583,0,secondary,18.8,101.55,3,22.7,38.0,0.402,moderate,2307.8,open,
road_closure,2026-08-27 16:00:00,11811152877_10047125834_0,11811152877,10047125834,0,secondary,27.1,79.83,3,26.0,38.0,0.316,moderate,2075.0,open,
normal,2026-08-27 14:00:00,2222561716_2222561726_0,2222561716,2222561726,0,secondary,21.2,43.53,1,31.5,38.0,0.1723,low,1369.1,open,
road_closure,2026-08-27 16:00:00,356345264_356345257_0,356345264,356345257,0,secondary,93.3,43.76,6,43.6,60.0,0.2735,low,1907.6,open,
accident,2026-08-27 17:30:00,11836588213_3612554465_0,11836588213,3612554465,0,secondary,26.6,163.01,6,13.5,38.0,0.6452,heavy,2197.5,open,
normal,2026-08-27 14:00:00,2529078874_2744233349_0,2529078874,2744233349,0,primary,639.5,38.15,33,48.6,60.0,0.1908,low,1852.4,open,
peak_hour,2026-08-27 18:30:00,2855063842_1404710321_0,2855063842,1404710321,0,primary,40.4,158.37,9,18.3,45.0,0.5939,heavy,2894.3,open,
road_closure,2026-08-27 16:00:00,4514097734_4514098056_0,4514097734,4514098056,0,secondary,136.0,102.58,19,22.6,38.0,0.4061,moderate,2315.3,open,
heavy_congestion,2026-08-27 18:30:00,308783054_11841112298_0,308783054,11841112298,0,primary,290.4,190.0,75,5.0,60.0,0.95,severe,950.0,open,
heavy_congestion,2026-08-27 18:30:00,3697294783_4023436722_0,3697294783,4023436722,0,secondary,55.1,147.21,11,11.7,50.0,0.7667,severe,1717.1,open,
peak_hour,2026-08-27 18:30:00,4317346501_4317346566_0,4317346501,4317346566,0,primary_link,18.6,336.35,8,5.0,30.0,0.8409,severe,1681.7,open,
heavy_congestion,2026-08-27 18:30:00,11549067969_3614467012_0,11549067969,3614467012,0,secondary,249.6,202.99,69,7.5,38.0,0.8035,severe,1515.6,open,
heavy_congestion,2026-08-27 18:30:00,4314601131_4314601140_0,4314601131,4314601140,0,secondary_link,112.5,285.32,43,5.0,28.0,0.8322,severe,1426.6,open,
heavy_congestion,2026-08-27 18:30:00,1750016965_1750016985_0,1750016965,1750016985,0,secondary,74.0,240.0,24,5.0,38.0,0.95,severe,1200.0,open,
road_closure,2026-08-27 16:00:00,3618948319_2052593652_0,3618948319,2052593652,0,secondary,48.5,72.58,5,27.1,38.0,0.2873,low,1965.6,open,
normal,2026-08-27 14:00:00,4194578184_12152952182_0,4194578184,12152952182,0,secondary,62.6,26.84,2,49.9,60.0,0.1678,low,1340.3,open,
road_closure,2026-08-27 16:00:00,660558245_660558195_0,660558245,660558195,0,secondary,18.4,60.04,1,29.0,38.0,0.2377,low,1739.3,open,
multiple_congested,2026-08-27 18:00:00,2090009528_3813738658_0,2090009528,3813738658,0,motorway,5863.9,113.05,898,69.1,120.0,0.4239,moderate,7814.8,open,
accident,2026-08-27 17:30:00,12317733671_12317733670_0,12317733671,12317733670,0,motorway_link,17.2,189.74,4,20.4,50.0,0.5929,heavy,3861.8,open,
heavy_congestion,2026-08-27 18:30:00,2847561298_1317453451_0,2847561298,1317453451,0,secondary,48.1,234.78,15,5.0,38.0,0.9294,severe,1173.9,open,
normal,2026-08-27 14:00:00,6570831605_2236750487_0,6570831605,2236750487,0,secondary,89.5,33.5,4,41.3,50.0,0.1745,low,1382.8,open,
normal,2026-08-27 14:00:00,3618964864_4185144914_0,3618964864,4185144914,0,secondary,132.9,61.78,11,28.7,38.0,0.2446,low,1773.6,open,
multiple_congested,2026-08-27 18:00:00,3180189266_3146940005_0,3180189266,3146940005,0,secondary,29.0,137.08,5,8.6,60.0,0.8568,severe,1178.0,open,
heavy_congestion,2026-08-27 18:30:00,3612550440_2854813543_0,3612550440,2854813543,0,secondary,44.9,239.28,15,5.0,38.0,0.9472,severe,1196.4,open,
multiple_congested,2026-08-27 18:00:00,306609602_3612549815_0,306609602,3612549815,0,secondary,77.3,175.29,18,11.6,38.0,0.6939,heavy,2039.2,open,
road_closure,2026-08-27 16:00:00,4361440878_11563451307_0,4361440878,11563451307,0,secondary,17.8,92.18,2,24.1,38.0,0.3649,moderate,2224.7,open,
road_closure,2026-08-27 16:00:00,13279199572_3614507656_0,13279199572,3614507656,0,secondary,211.2,97.95,28,23.3,38.0,0.3877,moderate,2279.0,open,
multiple_congested,2026-08-27 18:00:00,13766136461_3180406075_0,13766136461,3180406075,0,primary,40.0,128.16,7,21.6,60.0,0.6408,heavy,2762.1,open,
clearing,2026-08-27 21:00:00,2852277858_2852277864_0,2852277858,2852277864,0,secondary,48.0,23.82,2,43.8,50.0,0.1241,low,1043.2,open,
heavy_congestion,2026-08-27 18:30:00,1945691628_308960176_0,1945691628,308960176,0,secondary,21.6,153.2,4,15.0,38.0,0.6064,heavy,2291.3,open,
multiple_congested,2026-08-27 18:00:00,2234141688_1779503704_0,2234141688,1779503704,0,secondary,254.0,172.49,59,12.1,38.0,0.6828,heavy,2079.2,open,
accident,2026-08-27 17:30:00,4310432951_4310432960_0,4310432951,4310432960,0,secondary,21.5,136.02,4,17.5,38.0,0.5384,heavy,2385.8,open,
accident,2026-08-27 17:30:00,13949653111_9860627681_0,13949653111,9860627681,0,primary,282.7,176.97,68,6.9,60.0,0.8848,severe,1222.8,open,
sudden_congestion,2026-08-27 15:00:00,3614471485_7547444331_0,3614471485,7547444331,0,secondary,41.8,47.16,3,30.9,38.0,0.1867,low,1457.5,open,
clearing,2026-08-27 21:00:00,3969781689_3669611867_0,3969781689,3669611867,0,secondary,374.7,26.93,14,33.9,38.0,0.1066,low,914.3,open,
accident,2026-08-27 17:30:00,3614507874_3614507887_0,3614507874,3614507887,0,secondary,50.9,117.41,8,19.4,50.0,0.6115,heavy,2280.6,open,
multiple_congested,2026-08-27 18:00:00,1947771424_1947774406_0,1947771424,1947774406,0,trunk,8.3,107.46,1,33.1,60.0,0.4478,moderate,3560.7,open,
road_closure,2026-08-27 16:00:00,11846818262_4183124309_0,11846818262,4183124309,0,secondary,13.8,103.35,2,22.5,38.0,0.4091,moderate,2320.6,open,
multiple_congested,2026-08-27 18:00:00,2509297520_2509297462_0,2509297520,2509297462,0,motorway_link,607.7,90.14,74,21.8,50.0,0.5634,heavy,1967.9,open,
peak_hour,2026-08-27 18:30:00,4343145647_1779032143_0,4343145647,1779032143,0,trunk,30.4,181.86,7,14.5,60.0,0.7578,severe,2643.2,open,
sudden_congestion,2026-08-27 15:00:00,2225281469_2225281404_0,2225281469,2225281404,0,secondary,69.9,61.23,6,28.8,38.0,0.2424,low,1762.8,open,
normal,2026-08-27 14:00:00,2246072709_11140278221_0,2246072709,11140278221,0,secondary,24.8,37.13,1,32.4,38.0,0.147,low,1203.6,open,
accident,2026-08-27 17:30:00,11166264605_11166231104_0,11166264605,11166231104,0,secondary,59.7,88.0,7,27.0,60.0,0.55,heavy,2376.0,open,
heavy_congestion,2026-08-27 18:30:00,3598312421_11947776194_0,3598312421,11947776194,0,secondary,4.5,227.01,1,5.0,38.0,0.8986,severe,1135.1,open,
clearing,2026-08-27 21:00:00,3216905249_3216905838_0,3216905249,3216905838,0,primary,13.9,40.24,1,47.9,60.0,0.2012,low,1928.7,open,
multiple_congested,2026-08-27 18:00:00,982234760_1001548812_0,982234760,1001548812,0,secondary,42.0,117.03,7,19.5,50.0,0.6095,heavy,2284.8,open,
peak_hour,2026-08-27 18:30:00,3133981243_3167938403_0,3133981243,3167938403,0,primary,10.4,134.03,2,19.8,60.0,0.6702,heavy,2652.6,open,
clearing,2026-08-27 21:00:00,5486729272_5486729274_0,5486729272,5486729274,0,primary,81.7,27.15,3,51.9,60.0,0.1358,low,1408.0,open,
clearing,2026-08-27 21:00:00,1318407375_1318407367_0,1318407375,1318407367,0,secondary,88.5,26.3,3,50.1,60.0,0.1644,low,1318.6,open,
road_closure,2026-08-27 16:00:00,3547295103_11569011253_0,3547295103,11569011253,0,secondary,20.4,41.3,1,44.5,60.0,0.2581,low,1838.5,open,
heavy_congestion,2026-08-27 18:30:00,3612551009_307035801_0,3612551009,307035801,0,secondary,41.9,227.02,13,5.0,38.0,0.8986,severe,1135.1,open,
road_closure,2026-08-27 16:00:00,596391665_315086386_0,596391665,315086386,0,secondary,15.4,91.22,2,24.3,38.0,0.3611,moderate,2214.7,open,
heavy_congestion,2026-08-27 18:30:00,13817631370_13817631369_0,13817631370,13817631369,0,secondary,102.1,240.0,33,5.0,38.0,0.95,severe,1200.0,open,
heavy_congestion,2026-08-27 18:30:00,1568523225_2225281489_0,1568523225,2225281489,0,secondary,40.9,235.29,13,5.0,38.0,0.9314,severe,1176.5,open,
peak_hour,2026-08-27 18:30:00,2232018061_2225284026_0,2232018061,2225284026,0,secondary,163.3,224.27,50,5.0,38.0,0.8877,severe,1121.4,open,
heavy_congestion,2026-08-27 18:30:00,308943090_2881542112_0,308943090,2881542112,0,secondary,19.9,218.57,6,5.1,38.0,0.8652,severe,1119.8,open,
accident,2026-08-27 17:30:00,2234499361_2234275288_0,2234499361,2234275288,0,secondary,41.8,176.94,10,11.4,38.0,0.7004,severe,2014.5,open,
road_closure,2026-08-27 16:00:00,672114145_4206314476_0,672114145,4206314476,0,secondary,1090.7,65.3,97,28.2,38.0,0.2585,low,1840.0,open,
clearing,2026-08-27 21:00:00,3790504694_308796014_0,3790504694,308796014,0,secondary,26.9,38.61,1,32.2,38.0,0.1528,low,1243.1,open,
clearing,2026-08-27 21:00:00,2766337963_3943263551_0,2766337963,3943263551,0,secondary,22.2,18.26,1,53.2,60.0,0.1141,low,970.5,open,
heavy_congestion,2026-08-27 18:30:00,5134982698_5134982716_0,5134982698,5134982716,0,secondary,36.4,240.0,12,5.0,38.0,0.95,severe,1200.0,open,
sudden_congestion,2026-08-27 15:00:00,1779502570_1779502560_0,1779502570,1779502560,0,primary,44.0,36.59,2,49.0,60.0,0.183,low,1793.8,open,
sudden_congestion,2026-08-27 15:00:00,571158896_571158898_0,571158896,571158898,0,secondary,33.1,40.8,2,31.9,38.0,0.1615,low,1300.1,open,
normal,2026-08-27 14:00:00,307081804_306593136_0,307081804,306593136,0,trunk,224.1,34.58,11,51.4,60.0,0.1441,low,1776.0,open,
peak_hour,2026-08-27 18:30:00,4180702322_4180702324_0,4180702322,4180702324,0,secondary,103.8,216.08,30,5.5,38.0,0.8553,severe,1188.0,open,
heavy_congestion,2026-08-27 18:30:00,10600457918_10600457919_0,10600457918,10600457919,0,primary_link,9.5,380.0,5,5.0,30.0,0.95,severe,1900.0,open,
clearing,2026-08-27 21:00:00,3182238477_3598265252_0,3182238477,3598265252,0,secondary,12.3,30.88,1,42.0,50.0,0.1608,low,1295.7,open,
normal,2026-08-27 14:00:00,1521097406_2199688088_0,1521097406,2199688088,0,motorway,5967.2,40.28,326,101.9,120.0,0.1511,low,4103.8,open,
road_closure,2026-08-27 16:00:00,3612566950_1317249687_0,3612566950,1317249687,0,secondary,56.9,96.53,7,23.5,38.0,0.3821,moderate,2266.5,open,
heavy_congestion,2026-08-27 18:30:00,12850619918_12872480604_0,12850619918,12872480604,0,primary_link,15.2,380.0,8,5.0,30.0,0.95,severe,1900.0,open,
normal,2026-08-27 14:00:00,2590024444_2857325732_0,2590024444,2857325732,0,primary,28.6,35.15,1,49.5,60.0,0.1757,low,1738.3,open,
heavy_congestion,2026-08-27 18:30:00,7008311426_7013309438_0,7008311426,7013309438,0,secondary,258.2,123.42,43,13.7,60.0,0.7714,severe,1693.1,open,
accident,2026-08-27 17:30:00,3618952944_9766656701_0,3618952944,9766656701,0,secondary,538.5,193.64,141,8.9,38.0,0.7665,severe,1718.3,open,
sudden_congestion,2026-08-27 15:00:00,2808236579_11140947371_0,2808236579,11140947371,0,secondary,1143.7,59.91,93,29.0,38.0,0.2372,low,1736.7,open,
peak_hour,2026-08-27 18:30:00,3554715960_4204448906_0,3554715960,4204448906,0,secondary,859.0,231.3,269,5.0,38.0,0.9156,severe,1156.5,open,
road_closure,2026-08-27 16:00:00,2225281566_2225281575_0,2225281566,2225281575,0,secondary,6.7,72.91,1,27.0,38.0,0.2886,low,1971.0,open,
peak_hour,2026-08-27 18:30:00,4182570697_2721044304_0,4182570697,2721044304,0,secondary,572.4,161.42,125,13.7,38.0,0.6389,heavy,2214.7,open,
normal,2026-08-27 14:00:00,12833047143_12833047145_0,12833047143,12833047145,0,trunk,32.8,75.14,3,47.5,60.0,0.2087,low,3567.3,open,
multiple_congested,2026-08-27 18:00:00,13997299203_13997299202_0,13997299203,13997299202,0,secondary,47.4,171.42,11,12.2,38.0,0.6785,heavy,2094.0,open,
heavy_congestion,2026-08-27 18:30:00,11827299598_11827299599_0,11827299598,11827299599,0,primary_link,21.5,362.29,11,5.0,30.0,0.9057,severe,1811.5,open,
road_closure,2026-08-27 16:00:00,4313445826_768002696_0,4313445826,768002696,0,primary,30.8,112.86,5,26.0,45.0,0.4232,moderate,2929.3,open,
peak_hour,2026-08-27 18:30:00,306631559_2857909880_0,306631559,2857909880,0,secondary,55.3,205.75,15,7.1,38.0,0.8144,severe,1450.9,open,
multiple_congested,2026-08-27 18:00:00,11215870371_11849731136_0,11215870371,11849731136,0,secondary,71.0,188.9,18,9.6,38.0,0.7477,severe,1810.9,open,
normal,2026-08-27 14:00:00,4189438619_4189438609_0,4189438619,4189438609,0,secondary,97.9,51.4,7,30.3,38.0,0.2035,low,1555.8,open,
road_closure,2026-08-27 16:00:00,7694261102_1945545830_0,7694261102,1945545830,0,secondary,14.2,64.93,1,33.1,50.0,0.3382,moderate,2148.5,open,
peak_hour,2026-08-27 18:30:00,10281638977_7682662011_0,10281638977,7682662011,0,secondary,10.2,184.17,3,10.3,38.0,0.729,severe,1896.5,open,
normal,2026-08-27 14:00:00,1748863826_1748871930_0,1748863826,1748871930,0,secondary,20.7,63.81,2,28.4,38.0,0.2526,low,1812.3,open,
normal,2026-08-27 14:00:00,3618948870_3618950026_0,3618948870,3618950026,0,secondary,207.4,35.89,10,46.5,60.0,0.2243,low,1670.3,open,
heavy_congestion,2026-08-27 18:30:00,10279727277_4314601730_0,10279727277,4314601730,0,secondary,529.3,240.0,172,5.0,38.0,0.95,severe,1200.0,open,
sudden_congestion,2026-08-27 15:00:00,14078366295_3602299033_0,14078366295,3602299033,0,secondary,23.8,66.57,2,28.0,38.0,0.2635,low,1863.2,open,
clearing,2026-08-27 21:00:00,3618953735_4208482869_0,3618953735,4208482869,0,secondary,190.1,34.89,9,32.8,38.0,0.1381,low,1142.7,open,
accident,2026-08-27 17:30:00,10225384165_11971853875_0,10225384165,11971853875,0,trunk,195.7,94.55,25,36.4,60.0,0.394,moderate,3438.1,open,
road_closure,2026-08-27 16:00:00,2189329777_3618939360_0,2189329777,3618939360,0,secondary,21.2,93.3,3,24.0,38.0,0.3693,moderate,2236.0,open,
accident,2026-08-27 17:30:00,10047125835_11811152881_0,10047125835,11811152881,0,secondary,11.2,148.7,2,15.6,38.0,0.5886,heavy,2324.7,open,
clearing,2026-08-27 21:00:00,2785059702_2785059698_0,2785059702,2785059698,0,secondary,56.4,34.34,3,32.8,38.0,0.1359,low,1127.6,open,
heavy_congestion,2026-08-27 18:30:00,2584898210_11946902329_0,2584898210,11946902329,0,secondary,411.0,163.75,91,13.4,38.0,0.6482,heavy,2189.3,open,
multiple_congested,2026-08-27 18:00:00,319533040_6641555354_0,319533040,6641555354,0,primary,1076.3,295.87,432,15.6,60.0,0.7397,severe,4621.3,open,
normal,2026-08-27 14:00:00,1321746986_1321746999_0,1321746986,1321746999,0,secondary,38.2,28.99,2,42.4,50.0,0.151,low,1230.8,open,
accident,2026-08-27 17:30:00,2178010195_722232012_0,2178010195,722232012,0,secondary,80.4,113.55,12,17.4,60.0,0.7097,severe,1978.0,open,
heavy_congestion,2026-08-27 18:30:00,2782802231_7072436792_0,2782802231,7072436792,0,secondary,22.0,181.54,5,10.7,38.0,0.7186,severe,1941.2,open,
accident,2026-08-27 17:30:00,3975208339_3975208468_0,3975208339,3975208468,0,secondary,121.8,161.38,27,13.7,38.0,0.6388,heavy,2215.0,open,
sudden_congestion,2026-08-27 15:00:00,9709013358_3602325587_0,9709013358,3602325587,0,secondary,53.4,43.97,3,31.4,38.0,0.174,low,1380.0,open,
heavy_congestion,2026-08-27 18:30:00,5999378882_5999378862_0,5999378882,5999378862,0,secondary,58.4,240.0,19,5.0,38.0,0.95,severe,1200.0,open,
sudden_congestion,2026-08-27 15:00:00,2180797366_2391164555_0,2180797366,2391164555,0,trunk,315.1,52.82,23,46.8,60.0,0.2201,low,2471.6,open,
peak_hour,2026-08-27 18:30:00,2730859802_2730859820_0,2730859802,2730859820,0,secondary,24.3,165.57,5,13.1,38.0,0.6554,heavy,2168.3,open,
peak_hour,2026-08-27 18:30:00,5137745097_3754062759_0,5137745097,3754062759,0,secondary,196.2,231.38,62,5.0,38.0,0.9159,severe,1156.9,open,
multiple_congested,2026-08-27 18:00:00,11549168878_7676161810_0,11549168878,7676161810,0,secondary,10.8,145.12,2,12.2,50.0,0.7558,severe,1771.6,open,
multiple_congested,2026-08-27 18:00:00,2231949795_3164268359_0,2231949795,3164268359,0,primary,29.7,185.61,7,5.0,60.0,0.928,severe,928.0,open,
sudden_congestion,2026-08-27 15:00:00,2822548676_2822548700_0,2822548676,2822548700,0,secondary,77.9,48.02,5,30.8,38.0,0.1901,low,1477.8,open,
peak_hour,2026-08-27 18:30:00,2180951933_10716389391_0,2180951933,10716389391,0,motorway,1214.0,116.27,191,67.7,120.0,0.436,moderate,7869.0,open,
heavy_congestion,2026-08-27 18:30:00,2852505041_308560732_0,2852505041,308560732,0,secondary,6.3,165.67,1,13.1,38.0,0.6558,heavy,2167.1,open,
normal,2026-08-27 14:00:00,11478463343_308560004_0,11478463343,308560004,0,trunk,25.6,44.49,2,48.9,60.0,0.1854,low,2174.6,open,
heavy_congestion,2026-08-27 18:30:00,10116299360_3148659854_0,10116299360,3148659854,0,primary,44.1,285.0,17,5.0,60.0,0.95,severe,1425.0,open,
sudden_congestion,2026-08-27 15:00:00,3670019017_3612537630_0,3670019017,3612537630,0,secondary,47.6,36.56,2,46.3,60.0,0.2285,low,1692.5,open,
road_closure,2026-08-27 16:00:00,3972951443_3972951444_0,3972951443,3972951444,0,primary,17.8,62.46,2,41.3,60.0,0.3123,moderate,2577.2,open,
road_closure,2026-08-27 16:00:00,11818147917_11818147916_0,11818147917,11818147916,0,primary_link,17.9,116.59,3,21.3,30.0,0.2915,low,2478.2,open,
clearing,2026-08-27 21:00:00,7444474370_7444474394_0,7444474370,7444474394,0,secondary,101.5,36.04,5,32.6,38.0,0.1427,low,1174.1,open,
normal,2026-08-27 14:00:00,12431507443_1314826067_0,12431507443,1314826067,0,primary,34.5,55.8,3,43.3,60.0,0.279,low,2414.0,open,
accident,2026-08-27 17:30:00,11818443933_2733918537_0,11818443933,2733918537,0,secondary,169.8,179.18,41,11.0,38.0,0.7093,severe,1979.6,open,
clearing,2026-08-27 21:00:00,3496413195_3598399357_0,3496413195,3598399357,0,trunk,92.8,24.79,3,53.8,60.0,0.1033,low,1333.8,open,
peak_hour,2026-08-27 18:30:00,1054044369_3550346618_0,1054044369,3550346618,0,secondary,30.2,157.11,6,14.4,38.0,0.6219,heavy,2257.4,open,
heavy_congestion,2026-08-27 18:30:00,10081115193_13335624065_0,10081115193,13335624065,0,secondary,522.1,114.0,81,5.0,40.0,0.95,severe,570.0,open,
accident,2026-08-27 17:30:00,7578269189_7578269191_0,7578269189,7578269191,0,trunk,37.8,142.81,7,24.3,60.0,0.595,heavy,3469.9,open,
accident,2026-08-27 17:30:00,306593160_3712995364_0,306593160,3712995364,0,trunk,116.7,158.93,25,20.3,60.0,0.6622,heavy,3221.2,open,
heavy_congestion,2026-08-27 18:30:00,596391226_2249583967_0,596391226,2249583967,0,secondary,19.8,164.38,4,13.3,38.0,0.6507,heavy,2182.1,open,
heavy_congestion,2026-08-27 18:30:00,2852277811_2852277813_0,2852277811,2852277813,0,secondary,17.2,182.4,4,5.0,50.0,0.95,severe,912.0,open,
normal,2026-08-27 14:00:00,3894084731_3894084732_0,3894084731,3894084732,0,primary_link,14.8,101.46,2,22.4,30.0,0.2537,low,2271.8,open,
accident,2026-08-27 17:30:00,2090009567_2090009550_0,2090009567,2090009550,0,motorway_link,36.5,129.08,6,29.8,50.0,0.4034,moderate,3850.6,open,
heavy_congestion,2026-08-27 18:30:00,3224370213_306609669_0,3224370213,306609669,0,secondary,67.9,174.66,16,11.7,38.0,0.6914,heavy,2048.5,open,
multiple_congested,2026-08-27 18:00:00,2786981983_2786023211_0,2786981983,2786023211,0,secondary,47.8,217.58,14,5.3,38.0,0.8613,severe,1147.1,open,
road_closure,2026-08-27 16:00:00,315074115_1250945427_0,315074115,1250945427,0,secondary,96.6,163.82,21,13.2,20.0,0.3413,moderate,2158.2,open,
road_closure,2026-08-27 16:00:00,3579905233_3579905315_0,3579905233,3579905315,0,trunk,117.0,76.23,12,40.9,60.0,0.3176,moderate,3121.0,open,
heavy_congestion,2026-08-27 18:30:00,662740753_5491724541_0,662740753,5491724541,0,secondary,415.4,220.83,124,5.0,38.0,0.8741,severe,1104.1,open,
normal,2026-08-27 14:00:00,7656105955_4182539456_0,7656105955,4182539456,0,secondary,14.6,62.34,1,28.6,38.0,0.2467,low,1784.3,open,
multiple_congested,2026-08-27 18:00:00,6443218977_6443218978_0,6443218977,6443218978,0,primary_link,20.6,325.57,9,5.6,30.0,0.8139,severe,1817.4,open,
multiple_congested,2026-08-27 18:00:00,1699091359_1699091358_0,1699091359,1699091358,0,primary,12.9,160.64,3,11.8,60.0,0.8032,severe,1896.8,open,
sudden_congestion,2026-08-27 15:00:00,7571886146_3554715971_0,7571886146,3554715971,0,secondary,296.7,60.38,24,28.9,38.0,0.239,low,1746.1,open,
multiple_congested,2026-08-27 18:00:00,2730570213_3612535769_0,2730570213,3612535769,0,primary,5.4,190.0,1,5.0,60.0,0.95,severe,950.0,open,
sudden_congestion,2026-08-27 15:00:00,306598229_14086856080_0,306598229,14086856080,0,primary,6.1,68.4,1,35.7,50.0,0.285,low,2445.3,open,
sudden_congestion,2026-08-27 15:00:00,2852295280_2852295294_0,2852295280,2852295294,0,secondary,65.1,46.67,4,31.0,38.0,0.1847,low,1445.8,open,
road_closure,2026-08-27 16:00:00,2222308761_976475928_0,2222308761,976475928,0,secondary,100.4,89.4,12,24.6,38.0,0.3539,moderate,2195.0,open,
sudden_congestion,2026-08-27 15:00:00,308779463_308779464_0,308779463,308779464,0,secondary,42.1,49.98,3,37.0,50.0,0.2603,low,1848.4,open,
road_closure,2026-08-27 16:00:00,11542574300_1311357553_0,11542574300,1311357553,0,secondary,42.4,79.01,5,26.1,38.0,0.3128,moderate,2063.4,open,
multiple_congested,2026-08-27 18:00:00,308531998_308531996_0,308531998,308531996,0,secondary,65.7,123.64,11,17.8,50.0,0.644,heavy,2201.0,open,
sudden_congestion,2026-08-27 15:00:00,662739525_662739410_0,662739525,662739410,0,secondary,117.9,67.73,11,27.8,38.0,0.2681,low,1883.7,open,
peak_hour,2026-08-27 18:30:00,7698845307_7698845310_0,7698845307,7698845310,0,secondary,9.3,84.14,1,28.4,60.0,0.5259,heavy,2393.6,open,
accident,2026-08-27 17:30:00,7649623584_4204350327_0,7649623584,4204350327,0,secondary,186.9,174.95,44,11.7,38.0,0.6925,heavy,2044.3,open,
heavy_congestion,2026-08-27 18:30:00,6518116570_6518116571_0,6518116570,6518116571,0,primary_link,18.0,365.81,9,5.0,30.0,0.9145,severe,1829.1,open,
peak_hour,2026-08-27 18:30:00,2244373633_2244373578_0,2244373633,2244373578,0,primary,118.7,209.3,34,9.7,45.0,0.7849,severe,2026.2,open,
accident,2026-08-27 17:30:00,11572220859_11572238882_0,11572220859,11572238882,0,trunk,206.4,117.06,33,30.7,60.0,0.4877,moderate,3597.8,open,
peak_hour,2026-08-27 18:30:00,12393511713_12393524712_0,12393511713,12393524712,0,primary,27.0,253.33,9,5.0,45.0,0.95,severe,1266.7,open,
heavy_congestion,2026-08-27 18:30:00,4180561524_4662723991_0,4180561524,4662723991,0,primary,134.2,393.19,72,5.1,40.0,0.8737,severe,1985.7,open,
clearing,2026-08-27 21:00:00,4201857073_4201921740_0,4201857073,4201921740,0,secondary,341.3,40.97,19,31.8,38.0,0.1622,low,1304.5,open,
peak_hour,2026-08-27 18:30:00,2760699859_6275677677_0,2760699859,6275677677,0,secondary_link,8.8,301.23,4,5.0,28.0,0.8786,severe,1506.1,open,
clearing,2026-08-27 21:00:00,3147189455_3147189444_0,3147189455,3147189444,0,secondary,32.6,27.5,1,33.9,38.0,0.1088,low,931.1,open,
heavy_congestion,2026-08-27 18:30:00,7544868655_571165848_0,7544868655,571165848,0,primary,9.0,224.65,3,7.1,45.0,0.8424,severe,1592.8,open,
multiple_congested,2026-08-27 18:00:00,11140278221_2246072709_0,11140278221,2246072709,0,secondary,24.8,200.52,7,7.8,38.0,0.7937,severe,1571.7,open,
heavy_congestion,2026-08-27 18:30:00,12408695282_12408695283_0,12408695282,12408695283,0,secondary,50.5,169.97,12,12.4,38.0,0.6728,heavy,2113.4,open,
normal,2026-08-27 14:00:00,3598257980_6884627346_0,3598257980,6884627346,0,secondary,25.1,55.38,2,29.7,38.0,0.2192,low,1643.2,open,
normal,2026-08-27 14:00:00,13684203355_13684203362_0,13684203355,13684203362,0,trunk,334.2,31.52,14,52.1,60.0,0.1313,low,1642.8,open,
accident,2026-08-27 17:30:00,11521142932_11521142931_0,11521142932,11521142931,0,trunk,35.0,137.94,7,25.5,60.0,0.5747,heavy,3519.6,open,
accident,2026-08-27 17:30:00,7547444332_4869686774_0,7547444332,4869686774,0,secondary,76.2,123.28,13,19.5,38.0,0.488,moderate,2398.6,open,
road_closure,2026-08-27 16:00:00,6393193244_6393193276_0,6393193244,6393193276,0,primary,148.9,77.27,16,36.8,60.0,0.3864,moderate,2845.0,open,
peak_hour,2026-08-27 18:30:00,308779469_4260400314_0,308779469,4260400314,0,secondary,41.1,137.89,8,14.1,50.0,0.7182,severe,1943.1,open,
accident,2026-08-27 17:30:00,2783189136_2782802961_0,2783189136,2782802961,0,secondary,56.7,154.0,12,14.8,38.0,0.6096,heavy,2284.7,open,
heavy_congestion,2026-08-27 18:30:00,4191189237_2764031763_0,4191189237,2764031763,0,secondary,23.3,156.07,5,9.4,50.0,0.8129,severe,1460.2,open,
road_closure,2026-08-27 16:00:00,7010525801_7010525881_0,7010525801,7010525881,0,secondary,358.1,69.11,34,27.6,38.0,0.2735,low,1907.7,open,
road_closure,2026-08-27 16:00:00,7544868666_2899234138_0,7544868666,2899234138,0,primary,33.4,98.13,4,28.4,45.0,0.368,moderate,2790.9,open,
heavy_congestion,2026-08-27 18:30:00,3670021363_11370558087_0,3670021363,11370558087,0,trunk,22.9,368.88,11,13.9,60.0,0.7685,severe,5123.8,open,
heavy_congestion,2026-08-27 18:30:00,13817857742_13817857741_0,13817857742,13817857741,0,secondary,87.2,240.0,28,5.0,38.0,0.95,severe,1200.0,open,
road_closure,2026-08-27 16:00:00,308960163_2496707592_0,308960163,2496707592,0,primary,14.2,89.22,2,33.2,60.0,0.4461,moderate,2965.2,open,
accident,2026-08-27 17:30:00,2739328898_1820106379_0,2739328898,1820106379,0,secondary,46.6,192.33,12,9.1,38.0,0.7613,severe,1744.4,open,
peak_hour,2026-08-27 18:30:00,2249639345_4198264505_0,2249639345,4198264505,0,secondary,14.3,143.04,3,16.5,38.0,0.5662,heavy,2357.9,open,
clearing,2026-08-27 21:00:00,10043911624_2284444375_0,10043911624,2284444375,0,trunk,197.7,36.22,10,50.9,60.0,0.1509,low,1845.2,open,
heavy_congestion,2026-08-27 18:30:00,306605287_306605285_0,306605287,306605285,0,secondary,67.9,240.0,22,5.0,38.0,0.95,severe,1200.0,open,
accident,2026-08-27 17:30:00,2593937196_2593937200_0,2593937196,2593937200,0,secondary,43.1,105.15,6,22.6,50.0,0.5477,heavy,2378.2,open,
sudden_congestion,2026-08-27 15:00:00,4130143692_4130141186_0,4130143692,4130141186,0,secondary,167.1,67.45,15,27.9,38.0,0.267,low,1878.8,open,
road_closure,2026-08-27 16:00:00,3205653503_3157391676_0,3205653503,3157391676,0,primary,80.9,74.36,8,32.5,45.0,0.2789,low,2413.2,open,
normal,2026-08-27 14:00:00,1337878245_308767052_0,1337878245,308767052,0,primary,33.7,39.57,2,41.8,50.0,0.1649,low,1652.4,open,
accident,2026-08-27 17:30:00,2795779525_663176737_0,2795779525,663176737,0,primary,83.5,149.45,17,15.2,60.0,0.7472,severe,2266.5,open,
accident,2026-08-27 17:30:00,8630789190_8630789192_0,8630789190,8630789192,0,secondary,23.1,161.74,5,13.7,38.0,0.6402,heavy,2211.2,open,
sudden_congestion,2026-08-27 15:00:00,3550390095_2852998342_0,3550390095,2852998342,0,secondary,195.8,49.67,13,30.5,38.0,0.1966,low,1516.5,open,
multiple_congested,2026-08-27 18:00:00,660551990_7576745402_0,660551990,7576745402,0,secondary,69.2,188.38,18,9.7,38.0,0.7457,severe,1820.7,open,
road_closure,2026-08-27 16:00:00,308525952_308525953_0,308525952,308525953,0,primary,63.3,65.64,6,40.3,60.0,0.3282,moderate,2645.8,open,
accident,2026-08-27 17:30:00,2782950533_2782950534_0,2782950533,2782950534,0,secondary,70.0,143.82,14,16.4,38.0,0.5693,heavy,2353.9,open,
normal,2026-08-27 14:00:00,3598275897_2857843723_0,3598275897,2857843723,0,secondary,72.8,62.18,6,28.6,38.0,0.2461,low,1781.3,open,
sudden_congestion,2026-08-27 15:00:00,5260644726_660578751_0,5260644726,660578751,0,secondary,561.6,31.35,24,48.2,60.0,0.1959,low,1512.4,open,
normal,2026-08-27 14:00:00,2222561831_4206865891_0,2222561831,4206865891,0,secondary,13.3,51.96,1,30.2,38.0,0.2057,low,1568.4,open,
normal,2026-08-27 14:00:00,1779040747_289510308_0,1779040747,289510308,0,primary,742.7,51.03,51,44.7,60.0,0.2551,low,2280.6,open,
multiple_congested,2026-08-27 18:00:00,3612572587_308613898_0,3612572587,308613898,0,primary,51.2,150.49,10,18.6,50.0,0.627,heavy,2806.3,open,
accident,2026-08-27 17:30:00,7675947513_7676220620_0,7675947513,7676220620,0,primary,371.8,220.28,111,7.8,45.0,0.8261,severe,1724.3,open,
normal,2026-08-27 14:00:00,2236574934_2236575014_0,2236574934,2236575014,0,secondary,69.4,55.9,5,29.6,38.0,0.2213,low,1654.2,open,
multiple_congested,2026-08-27 18:00:00,11462430181_11462430183_0,11462430181,11462430183,0,trunk_link,21.1,312.24,9,8.4,35.0,0.7589,severe,2634.6,open,
normal,2026-08-27 14:00:00,11947041761_11947041762_0,11947041761,11947041762,0,trunk_link,17.1,74.79,2,28.6,35.0,0.1818,low,2141.8,open,
multiple_congested,2026-08-27 18:00:00,10129981488_4275283715_0,10129981488,4275283715,0,primary,8.0,184.58,2,11.5,50.0,0.7691,severe,2131.1,open,
multiple_congested,2026-08-27 18:00:00,3059842772_3612534367_0,3059842772,3612534367,0,trunk,23.0,202.15,6,14.9,50.0,0.7019,severe,3013.0,open,
heavy_congestion,2026-08-27 18:30:00,3612550406_11829758977_0,3612550406,11829758977,0,primary,32.7,185.08,8,5.0,60.0,0.9254,severe,925.4,open,
heavy_congestion,2026-08-27 18:30:00,6390373759_9953877625_0,6390373759,9953877625,0,primary,119.3,190.0,31,5.0,60.0,0.95,severe,950.0,open,
clearing,2026-08-27 21:00:00,11521058388_4781465921_0,11521058388,4781465921,0,trunk_link,13.0,70.83,1,29.0,35.0,0.1722,low,2052.2,open,
road_closure,2026-08-27 16:00:00,11586006519_7694882823_0,11586006519,7694882823,0,primary,54.5,74.22,5,37.7,60.0,0.3711,moderate,2800.6,open,
peak_hour,2026-08-27 18:30:00,3216905838_6518797231_0,3216905838,6518797231,0,primary,258.6,136.95,48,18.9,60.0,0.6848,heavy,2590.4,open,
multiple_congested,2026-08-27 18:00:00,2222309211_2222309131_0,2222309211,2222309131,0,secondary,82.1,232.27,26,5.0,38.0,0.9194,severe,1161.3,open,
road_closure,2026-08-27 16:00:00,3614587541_5773967900_0,3614587541,5773967900,0,secondary_link,112.2,91.27,14,20.5,28.0,0.2662,low,1875.3,open,
peak_hour,2026-08-27 18:30:00,308943017_308943018_0,308943017,308943018,0,secondary,68.3,144.69,13,16.2,38.0,0.5727,heavy,2349.2,open,
multiple_congested,2026-08-27 18:00:00,3894084722_3224370214_0,3894084722,3224370214,0,primary,54.2,252.93,19,5.0,45.0,0.9485,severe,1264.7,open,
road_closure,2026-08-27 16:00:00,2886914163_2886893627_0,2886914163,2886893627,0,secondary,21.3,106.07,3,22.0,38.0,0.4198,moderate,2338.3,open,
road_closure,2026-08-27 16:00:00,306612793_2245995670_0,306612793,2245995670,0,secondary,146.5,74.26,15,26.8,38.0,0.2939,low,1992.4,open,
clearing,2026-08-27 21:00:00,3663312822_1945610499_0,3663312822,1945610499,0,secondary,54.1,17.94,1,53.3,60.0,0.1121,low,955.5,open,
peak_hour,2026-08-27 18:30:00,2180951704_1118797991_0,2180951704,1118797991,0,motorway_link,218.0,172.24,51,23.1,50.0,0.5383,heavy,3976.6,open,
heavy_congestion,2026-08-27 18:30:00,3953407207_7663976444_0,3953407207,7663976444,0,secondary,21.7,114.0,3,5.0,40.0,0.95,severe,570.0,open,
road_closure,2026-08-27 16:00:00,3579915248_3579915217_0,3579915248,3579915217,0,secondary,65.9,45.96,4,42.8,60.0,0.2872,low,1965.4,open,
clearing,2026-08-27 21:00:00,5569790640_5569790694_0,5569790640,5569790694,0,secondary,10.0,41.42,1,31.8,38.0,0.164,low,1316.0,open,
multiple_congested,2026-08-27 18:00:00,3579902659_3579902602_0,3579902659,3579902602,0,secondary,46.2,170.57,11,12.3,38.0,0.6752,heavy,2105.4,open,
road_closure,2026-08-27 16:00:00,356344957_7682662016_0,356344957,7682662016,0,secondary,71.8,65.83,6,35.3,60.0,0.4115,moderate,2324.7,open,
heavy_congestion,2026-08-27 18:30:00,3784141938_11521467366_0,3784141938,11521467366,0,trunk,70.1,162.15,15,19.5,60.0,0.6756,heavy,3155.8,open,
sudden_congestion,2026-08-27 15:00:00,2236575445_7602160274_0,2236575445,7602160274,0,secondary,38.1,54.62,3,29.8,38.0,0.2162,low,1626.9,open,
accident,2026-08-27 17:30:00,308943091_14002352478_0,308943091,14002352478,0,secondary,17.7,138.86,3,17.1,38.0,0.5497,heavy,2376.3,open,
accident,2026-08-27 17:30:00,2697143957_10569684400_0,2697143957,10569684400,0,secondary,11.7,114.13,2,17.2,60.0,0.7133,severe,1963.2,open,
normal,2026-08-27 14:00:00,4310386286_5141175843_0,4310386286,5141175843,0,secondary,1543.5,58.28,122,29.2,38.0,0.2307,low,1703.8,open,
road_closure,2026-08-27 16:00:00,11808933452_2852259030_0,11808933452,2852259030,0,secondary,11.3,76.34,1,26.5,38.0,0.3022,moderate,2024.3,open,
accident,2026-08-27 17:30:00,3669594769_3648966617_0,3669594769,3648966617,0,primary,329.8,162.92,73,17.5,45.0,0.611,heavy,2852.2,open,
normal,2026-08-27 14:00:00,11945008076_2434195511_1,11945008076,2434195511,1,secondary,39.8,52.87,3,30.0,38.0,0.2093,low,1588.7,open,
clearing,2026-08-27 21:00:00,3664991215_4308788898_0,3664991215,4308788898,0,secondary,610.9,36.9,31,32.5,38.0,0.146,low,1197.3,open,
peak_hour,2026-08-27 18:30:00,308960186_3531321095_0,308960186,3531321095,0,secondary,263.8,124.92,45,13.2,60.0,0.7808,severe,1643.3,open,
clearing,2026-08-27 21:00:00,3154115143_3192513119_0,3154115143,3192513119,0,primary,509.5,34.79,24,49.6,60.0,0.1739,low,1724.1,open,
normal,2026-08-27 14:00:00,2859546252_2234833062_0,2859546252,2234833062,0,secondary,12.3,58.28,1,29.2,38.0,0.2307,low,1703.7,open,
clearing,2026-08-27 21:00:00,3612559929_308532048_0,3612559929,308532048,0,secondary,64.5,21.43,2,44.4,50.0,0.1116,low,951.8,open,
normal,2026-08-27 14:00:00,364666977_308796035_0,364666977,308796035,0,primary,26.0,52.49,2,44.3,60.0,0.2625,low,2322.9,open,
accident,2026-08-27 17:30:00,11521693342_11521743969_0,11521693342,11521743969,0,trunk,19.4,150.88,4,22.3,60.0,0.6287,heavy,3361.6,open,
road_closure,2026-08-27 16:00:00,306621569_289930980_0,306621569,289930980,0,secondary,75.4,64.46,7,28.3,38.0,0.2552,low,1824.5,open,
road_closure,2026-08-27 16:00:00,4189188762_7607492940_0,4189188762,7607492940,0,secondary,14.3,97.41,2,23.3,38.0,0.3856,moderate,2274.4,open,
road_closure,2026-08-27 16:00:00,12049270410_12049270438_0,12049270410,12049270438,0,primary,2446.8,57.2,190,42.8,60.0,0.286,low,2450.6,open,
road_closure,2026-08-27 16:00:00,5143098119_2234759623_0,5143098119,2234759623,0,secondary,258.1,105.99,37,22.1,38.0,0.4195,moderate,2337.8,open,
clearing,2026-08-27 21:00:00,13999972840_2231949521_0,13999972840,2231949521,0,trunk,67.0,35.39,3,51.2,60.0,0.1474,low,1810.2,open,
normal,2026-08-27 14:00:00,2177264431_3612568022_0,2177264431,3612568022,0,trunk,80.9,59.57,7,50.1,60.0,0.1655,low,2982.8,open,
road_closure,2026-08-27 16:00:00,6274776767_6284276099_0,6274776767,6284276099,0,secondary,14.2,105.37,2,22.2,38.0,0.4171,moderate,2334.0,open,
clearing,2026-08-27 21:00:00,12649419072_12649419071_0,12649419072,12649419071,0,trunk_link,22.7,67.75,2,29.2,35.0,0.1647,low,1980.8,open,
multiple_congested,2026-08-27 18:00:00,3184095117_3184095109_0,3184095117,3184095109,0,primary,83.7,190.4,22,12.9,45.0,0.714,severe,2450.5,open,
road_closure,2026-08-27 16:00:00,4198262911_4198262905_0,4198262911,4198262905,0,secondary,98.9,69.72,9,27.5,38.0,0.276,low,1918.2,open,
peak_hour,2026-08-27 18:30:00,4204495086_660550822_0,4204495086,660550822,0,secondary,15.1,130.87,3,18.3,38.0,0.518,heavy,2396.9,open,
normal,2026-08-27 14:00:00,7578269190_7578269191_0,7578269190,7578269191,0,trunk_link,8.4,78.61,1,28.3,35.0,0.1911,low,2225.6,open,
accident,2026-08-27 17:30:00,5545505541_11944869556_0,5545505541,11944869556,0,primary,1005.9,149.88,204,15.0,60.0,0.7494,severe,2253.7,open,
sudden_congestion,2026-08-27 15:00:00,2847561304_308779537_0,2847561304,308779537,0,secondary,33.9,52.29,2,30.1,38.0,0.207,low,1575.7,open,
heavy_congestion,2026-08-27 18:30:00,4335033428_2417934229_0,4335033428,2417934229,0,secondary,26.9,240.0,9,5.0,38.0,0.95,severe,1200.0,open,
road_closure,2026-08-27 16:00:00,4342386310_9931484646_0,4342386310,9931484646,0,secondary,457.2,66.21,41,28.0,38.0,0.2621,low,1856.5,open,
sudden_congestion,2026-08-27 15:00:00,12725172693_308795902_0,12725172693,308795902,0,primary,63.1,53.44,5,44.0,60.0,0.2672,low,2349.5,open,
road_closure,2026-08-27 16:00:00,7694126501_2092674846_0,7694126501,2092674846,0,secondary,5.9,69.9,1,27.5,38.0,0.2767,low,1921.3,open,
multiple_congested,2026-08-27 18:00:00,4328184901_4194679504_0,4328184901,4194679504,0,primary,207.1,190.0,53,5.0,60.0,0.95,severe,950.0,open,
peak_hour,2026-08-27 18:30:00,3975435601_3975435530_0,3975435601,3975435530,0,secondary,35.1,198.6,9,8.1,38.0,0.7861,severe,1614.0,open,
road_closure,2026-08-27 16:00:00,682850555_315063655_0,682850555,315063655,0,primary,214.1,72.64,21,38.2,60.0,0.3632,moderate,2775.4,open,
clearing,2026-08-27 21:00:00,3614580990_7679106838_0,3614580990,7679106838,0,secondary,43.7,39.36,2,32.1,38.0,0.1558,low,1262.7,open,
accident,2026-08-27 17:30:00,6150055320_4415721162_0,6150055320,4415721162,0,trunk,25.0,210.31,7,24.9,60.0,0.5842,heavy,5246.9,open,
sudden_congestion,2026-08-27 15:00:00,2585286892_2852323712_0,2585286892,2852323712,0,trunk,182.2,35.09,9,51.2,60.0,0.1462,low,1797.6,open,
clearing,2026-08-27 21:00:00,3618944990_3618945701_0,3618944990,3618945701,0,secondary,227.6,27.41,8,49.7,60.0,0.1713,low,1363.0,open,
multiple_congested,2026-08-27 18:00:00,5711258339_12152951650_0,5711258339,12152951650,0,primary,356.8,227.49,110,6.6,45.0,0.8531,severe,1503.8,open,
multiple_congested,2026-08-27 18:00:00,11166264607_11166264606_0,11166264607,11166264606,0,secondary,37.1,118.45,6,15.6,60.0,0.7403,severe,1845.6,open,
multiple_congested,2026-08-27 18:00:00,11947096808_2246173148_0,11947096808,2246173148,0,primary,578.0,252.95,198,5.0,45.0,0.9486,severe,1264.8,open,
heavy_congestion,2026-08-27 18:30:00,2245993620_2245993612_0,2245993620,2245993612,0,secondary,21.3,204.05,6,7.3,38.0,0.8077,severe,1491.2,open,
sudden_congestion,2026-08-27 15:00:00,7579728191_7579728193_0,7579728191,7579728193,0,primary,93.4,35.85,5,49.2,60.0,0.1792,low,1765.3,open,
normal,2026-08-27 14:00:00,11521715250_11521715251_0,11521715250,11521715251,0,trunk_link,12.2,81.38,1,28.1,35.0,0.1978,low,2284.9,open,
sudden_congestion,2026-08-27 15:00:00,2763873776_5598880543_0,2763873776,5598880543,0,secondary,443.7,58.51,35,29.2,38.0,0.2316,low,1708.4,open,
road_closure,2026-08-27 16:00:00,6520735765_7652403964_0,6520735765,7652403964,0,secondary,127.8,89.14,15,24.6,38.0,0.3528,moderate,2192.1,open,
multiple_congested,2026-08-27 18:00:00,3612556592_3184095125_0,3612556592,3184095125,0,primary,66.8,253.33,23,5.0,45.0,0.95,severe,1266.7,open,
normal,2026-08-27 14:00:00,11830170834_2852245278_0,11830170834,2852245278,0,secondary,24.8,45.76,2,38.1,50.0,0.2384,low,1742.8,open,
clearing,2026-08-27 21:00:00,3208539525_3670022614_0,3208539525,3670022614,0,primary,156.2,30.38,6,50.9,60.0,0.1519,low,1545.7,open,
normal,2026-08-27 14:00:00,7605340382_6291447599_0,7605340382,6291447599,0,secondary,98.2,64.44,9,28.3,38.0,0.2551,low,1824.0,open,
accident,2026-08-27 17:30:00,1945610499_1945611462_0,1945610499,1945611462,0,secondary,175.9,79.58,19,30.2,60.0,0.4974,moderate,2399.9,open,
road_closure,2026-08-27 16:00:00,3614462056_2590400295_0,3614462056,2590400295,0,secondary,389.6,68.81,36,27.6,38.0,0.2724,low,1902.7,open,
road_closure,2026-08-27 16:00:00,7577332208_7577261126_0,7577332208,7577261126,0,secondary,797.1,67.62,73,27.8,38.0,0.2676,low,1881.7,open,
peak_hour,2026-08-27 18:30:00,316980582_7702491242_0,316980582,7702491242,0,secondary,31.3,101.61,4,23.5,50.0,0.5292,heavy,2391.8,open,
accident,2026-08-27 17:30:00,3219918955_6149379317_0,3219918955,6149379317,0,secondary,48.5,125.4,8,13.0,60.0,0.7837,severe,1627.2,open,
clearing,2026-08-27 21:00:00,5143098097_12079748819_0,5143098097,12079748819,0,secondary,8.5,34.44,0,32.8,38.0,0.1363,low,1130.4,open,
multiple_congested,2026-08-27 18:00:00,353720898_7718905862_0,353720898,7718905862,0,secondary,9.6,111.48,1,21.0,50.0,0.5806,heavy,2337.6,open,
multiple_congested,2026-08-27 18:00:00,7565612611_5580342824_0,7565612611,5580342824,0,secondary,255.5,208.05,72,6.7,38.0,0.8235,severe,1395.1,open,
peak_hour,2026-08-27 18:30:00,3612564684_3670021053_0,3612564684,3670021053,0,secondary,4.6,127.38,1,16.8,50.0,0.6634,heavy,2143.5,open,
normal,2026-08-27 14:00:00,11205086517_11205086516_0,11205086517,11205086516,0,primary,137.3,52.37,10,44.3,60.0,0.2619,low,2319.5,open,
peak_hour,2026-08-27 18:30:00,7679973307_7679973322_0,7679973307,7679973322,0,secondary,14.5,148.13,3,15.7,38.0,0.5863,heavy,2328.4,open,
heavy_congestion,2026-08-27 18:30:00,6308174542_11841112299_0,6308174542,11841112299,0,primary,6.3,190.0,2,5.0,60.0,0.95,severe,950.0,open,
clearing,2026-08-27 21:00:00,6856586305_3935687126_0,6856586305,3935687126,0,secondary,62.8,25.27,2,50.5,60.0,0.158,low,1276.9,open,
multiple_congested,2026-08-27 18:00:00,2188473978_2188473945_0,2188473978,2188473945,0,primary,37.1,188.14,9,13.3,45.0,0.7055,severe,2493.2,open,
clearing,2026-08-27 21:00:00,11947128384_3205654235_0,11947128384,3205654235,0,primary,13.5,37.25,1,48.8,60.0,0.1862,low,1818.7,open,
clearing,2026-08-27 21:00:00,7557791534_7557791538_0,7557791534,7557791538,0,secondary,51.4,45.39,3,31.2,38.0,0.1797,low,1414.9,open,
normal,2026-08-27 14:00:00,2418794088_351828029_0,2418794088,351828029,0,secondary,69.0,20.81,2,33.1,40.0,0.1734,low,687.9,open,
clearing,2026-08-27 21:00:00,2231579197_10600434121_0,2231579197,10600434121,0,secondary,69.5,35.74,3,32.6,38.0,0.1415,low,1166.0,open,
peak_hour,2026-08-27 18:30:00,7712429905_11072641988_0,7712429905,11072641988,0,secondary,4.8,204.05,1,7.3,38.0,0.8077,severe,1491.2,open,
road_closure,2026-08-27 16:00:00,2231948982_1215782302_0,2231948982,1215782302,0,secondary,17.0,87.32,2,24.9,38.0,0.3456,moderate,2171.3,open,
normal,2026-08-27 14:00:00,3157391687_3205653517_0,3157391687,3205653517,0,primary,79.0,69.09,7,33.3,45.0,0.2591,low,2303.5,open,
road_closure,2026-08-27 16:00:00,3168079961_3157569971_0,3168079961,3157569971,0,trunk,378.4,84.16,43,39.0,60.0,0.3507,moderate,3278.9,open,
clearing,2026-08-27 21:00:00,2570959392_2570397505_0,2570959392,2570397505,0,secondary,15.0,31.88,1,33.2,38.0,0.1262,low,1058.4,open,
clearing,2026-08-27 21:00:00,14078366295_1318445174_0,14078366295,1318445174,0,secondary,3.8,37.75,0,32.3,38.0,0.1494,low,1220.1,open,
sudden_congestion,2026-08-27 15:00:00,1748016049_1748882920_0,1748016049,1748882920,0,secondary,32.2,50.79,2,30.4,38.0,0.201,low,1542.0,open,
sudden_congestion,2026-08-27 15:00:00,12968766187_12702186553_0,12968766187,12702186553,0,trunk,180.0,43.46,11,49.1,60.0,0.1811,low,2135.3,open,
clearing,2026-08-27 21:00:00,7604956284_3618956990_0,7604956284,3618956990,0,secondary,14.6,34.84,1,32.8,38.0,0.1379,low,1141.3,open,
multiple_congested,2026-08-27 18:00:00,11809283551_3159073214_0,11809283551,3159073214,0,secondary,265.4,145.06,52,5.6,60.0,0.9066,severe,812.7,open,
sudden_congestion,2026-08-27 15:00:00,2782950496_2852296297_0,2782950496,2852296297,0,secondary,10.2,55.59,1,29.6,38.0,0.22,low,1647.6,open,
multiple_congested,2026-08-27 18:00:00,4182618390_4182618391_0,4182618390,4182618391,0,secondary,78.9,147.74,16,15.8,38.0,0.5848,heavy,2331.0,open,
clearing,2026-08-27 21:00:00,12574023392_8366802150_0,12574023392,8366802150,0,primary,320.4,36.73,16,49.0,60.0,0.1837,low,1799.2,open,
sudden_congestion,2026-08-27 15:00:00,4208846486_2852837399_0,4208846486,2852837399,0,secondary,53.5,64.46,5,28.3,38.0,0.2552,low,1824.5,open,
road_closure,2026-08-27 16:00:00,3612549739_3612549743_0,3612549739,3612549743,0,primary,39.9,78.28,4,36.5,60.0,0.3914,moderate,2858.4,open,
sudden_congestion,2026-08-27 15:00:00,4204351891_4189438599_0,4204351891,4189438599,0,secondary,69.8,60.34,6,28.9,38.0,0.2389,low,1745.3,open,
road_closure,2026-08-27 16:00:00,3670020624_3612561478_0,3670020624,3612561478,0,trunk,46.3,60.07,4,39.6,50.0,0.2086,low,2377.1,open,
normal,2026-08-27 14:00:00,5230196826_5232341516_0,5230196826,5232341516,0,secondary,42.7,39.86,2,32.0,38.0,0.1578,low,1275.6,open,
peak_hour,2026-08-27 18:30:00,3550347368_2852326129_0,3550347368,2852326129,0,secondary,23.2,202.71,6,7.5,38.0,0.8024,severe,1522.2,open,
accident,2026-08-27 17:30:00,321703779_1489748567_0,321703779,1489748567,0,primary,11.9,205.1,3,10.4,45.0,0.7691,severe,2130.8,open,
heavy_congestion,2026-08-27 18:30:00,14055489410_11947538990_0,14055489410,11947538990,0,trunk,445.9,124.25,75,28.9,60.0,0.5177,heavy,3595.5,open,
heavy_congestion,2026-08-27 18:30:00,2509297671_2509297680_0,2509297671,2509297680,0,primary,22.6,190.0,6,5.0,60.0,0.95,severe,950.0,open,
normal,2026-08-27 14:00:00,1311326816_4204310609_0,1311326816,4204310609,0,secondary,29.3,29.64,1,30.1,40.0,0.247,low,892.7,open,
clearing,2026-08-27 21:00:00,12848508967_12848508966_0,12848508967,12848508966,0,primary_link,7.5,69.53,1,24.8,30.0,0.1738,low,1723.4,open,
accident,2026-08-27 17:30:00,3550345595_3550345650_0,3550345595,3550345650,0,secondary,61.8,175.95,15,11.5,38.0,0.6965,heavy,2029.4,open,
clearing,2026-08-27 21:00:00,312810200_306605318_0,312810200,306605318,0,secondary,21.6,40.04,1,32.0,38.0,0.1585,low,1280.3,open,
multiple_congested,2026-08-27 18:00:00,11524569593_3614572908_0,11524569593,3614572908,0,primary,150.7,253.33,52,5.0,45.0,0.95,severe,1266.7,open,
heavy_congestion,2026-08-27 18:30:00,1210839671_1210839190_0,1210839671,1210839190,0,secondary,19.2,128.07,3,16.6,50.0,0.667,heavy,2132.2,open,
clearing,2026-08-27 21:00:00,2417512718_4188771229_0,2417512718,4188771229,0,secondary,53.3,40.24,3,31.9,38.0,0.1593,low,1285.4,open,
accident,2026-08-27 17:30:00,1740539785_11521128588_0,1740539785,11521128588,0,trunk,132.8,107.09,19,33.2,60.0,0.4462,moderate,3558.3,open,
road_closure,2026-08-27 16:00:00,7718986096_7718986097_0,7718986096,7718986097,0,secondary,50.6,40.36,3,44.9,60.0,0.2523,low,1810.8,open,
clearing,2026-08-27 21:00:00,3550389825_9726159521_0,3550389825,9726159521,0,primary,26.2,32.19,1,39.6,45.0,0.1207,low,1273.8,open,
road_closure,2026-08-27 16:00:00,3598286920_3598286545_0,3598286920,3598286545,0,secondary,202.5,69.52,19,27.5,38.0,0.2752,low,1914.7,open,
accident,2026-08-27 17:30:00,10992457297_7129724450_0,10992457297,7129724450,0,primary,137.2,214.91,40,8.7,45.0,0.8059,severe,1876.9,open,
heavy_congestion,2026-08-27 18:30:00,3155747522_245640546_0,3155747522,245640546,0,trunk,11.7,127.56,2,28.1,60.0,0.5315,heavy,3585.7,open,
accident,2026-08-27 17:30:00,3820619148_3820619147_0,3820619148,3820619147,0,primary,109.5,139.24,21,18.2,60.0,0.6962,heavy,2538.1,open,
sudden_congestion,2026-08-27 15:00:00,3598275766_644722306_0,3598275766,644722306,0,secondary,31.2,51.44,2,30.3,38.0,0.2036,low,1556.8,open,
road_closure,2026-08-27 16:00:00,2786023218_4210209468_0,2786023218,4210209468,0,secondary,23.5,70.28,2,27.4,38.0,0.2782,low,1927.6,open,
normal,2026-08-27 14:00:00,7711353971_3612547216_0,7711353971,3612547216,0,trunk,15.5,40.13,1,43.0,50.0,0.1393,low,1727.0,open,
accident,2026-08-27 17:30:00,3871760048_1438287657_0,3871760048,1438287657,0,secondary,17.4,133.16,3,18.0,38.0,0.5271,heavy,2393.0,open,
road_closure,2026-08-27 16:00:00,4198262905_3618954009_0,4198262905,3618954009,0,secondary,171.8,88.52,21,24.7,38.0,0.3504,moderate,2185.2,open,
multiple_congested,2026-08-27 18:00:00,7678833878_4333125430_0,7678833878,4333125430,0,secondary,37.3,181.42,9,10.7,38.0,0.7181,severe,1943.3,open,
sudden_congestion,2026-08-27 15:00:00,4189438625_4189438619_0,4189438625,4189438619,0,secondary,14.9,63.68,1,28.4,38.0,0.252,low,1809.8,open,
accident,2026-08-27 17:30:00,7537024264_7537024272_0,7537024264,7537024272,0,primary,43.9,216.41,13,8.5,45.0,0.8115,severe,1835.3,open,
sudden_congestion,2026-08-27 15:00:00,4184896206_4184896229_0,4184896206,4184896229,0,trunk,76.6,45.8,5,48.5,60.0,0.1908,low,2223.6,open,
clearing,2026-08-27 21:00:00,2225281316_3598263779_0,2225281316,3598263779,0,secondary,50.8,42.23,3,31.6,38.0,0.1672,low,1336.4,open,
heavy_congestion,2026-08-27 18:30:00,4193153673_2803146471_0,4193153673,2803146471,0,secondary,103.2,153.77,22,14.9,38.0,0.6087,heavy,2286.6,open,
peak_hour,2026-08-27 18:30:00,3147210561_3224378294_0,3147210561,3224378294,0,secondary,8.3,134.88,2,9.4,60.0,0.843,severe,1270.7,open,
sudden_congestion,2026-08-27 15:00:00,701133156_11179144188_0,701133156,11179144188,0,motorway,438.7,32.46,19,105.4,120.0,0.1217,low,3420.8,open,
normal,2026-08-27 14:00:00,12389296701_2886915804_0,12389296701,2886915804,0,secondary,877.5,49.8,59,30.5,38.0,0.1971,low,1519.3,open,
peak_hour,2026-08-27 18:30:00,2782950535_11465483536_0,2782950535,11465483536,0,secondary,29.0,170.92,7,12.3,38.0,0.6765,heavy,2100.8,open,
clearing,2026-08-27 21:00:00,11533511107_10081115202_0,11533511107,10081115202,0,secondary,41.7,39.44,2,32.1,38.0,0.1561,low,1264.7,open,
road_closure,2026-08-27 16:00:00,308779444_308779445_0,308779444,308779445,0,secondary,27.3,63.14,2,28.5,38.0,0.2499,low,1799.6,open,
road_closure,2026-08-27 16:00:00,350438240_350438229_0,350438240,350438229,0,secondary,47.5,46.34,3,42.6,60.0,0.2896,low,1975.1,open,
peak_hour,2026-08-27 18:30:00,1947002992_315072787_0,1947002992,315072787,0,secondary,10.8,155.1,2,9.6,50.0,0.8078,severe,1490.5,open,
multiple_congested,2026-08-27 18:00:00,6520759863_6308232678_0,6520759863,6308232678,0,primary,101.5,150.34,21,14.9,60.0,0.7517,severe,2239.8,open,
sudden_congestion,2026-08-27 15:00:00,4308409821_3813489790_0,4308409821,3813489790,0,motorway_link,741.0,54.62,55,41.5,50.0,0.1707,low,2264.9,open,
accident,2026-08-27 17:30:00,4189438485_7637619123_0,4189438485,7637619123,0,secondary,7.1,131.04,1,18.3,38.0,0.5187,heavy,2396.6,open,
road_closure,2026-08-27 16:00:00,3598276604_3598276625_0,3598276604,3598276625,0,secondary,20.1,79.79,2,29.2,50.0,0.4156,moderate,2331.6,open,
heavy_congestion,2026-08-27 18:30:00,11576033802_2789776609_0,11576033802,2789776609,0,secondary,172.8,168.61,39,12.6,38.0,0.6674,heavy,2131.0,open,
heavy_congestion,2026-08-27 18:30:00,6149495043_6149495044_0,6149495043,6149495044,0,secondary_link,11.3,309.3,5,5.0,28.0,0.9021,severe,1546.5,open,
sudden_congestion,2026-08-27 15:00:00,2649380021_2854456329_0,2649380021,2854456329,0,secondary,7.4,45.97,0,38.0,50.0,0.2394,low,1748.2,open,
road_closure,2026-08-27 16:00:00,7695123607_667238310_0,7695123607,667238310,0,secondary,5.6,61.58,0,28.7,38.0,0.2437,low,1769.6,open,
heavy_congestion,2026-08-27 18:30:00,13855739872_3174236881_0,13855739872,3174236881,0,primary,38.8,285.0,15,5.0,60.0,0.95,severe,1425.0,open,
peak_hour,2026-08-27 18:30:00,2886812962_11921534444_0,2886812962,11921534444,0,secondary,136.0,211.53,39,6.2,38.0,0.8373,severe,1307.8,open,
normal,2026-08-27 14:00:00,1312214537_11038578654_0,1312214537,11038578654,0,secondary,53.1,34.31,2,47.1,60.0,0.2145,low,1617.3,open,
multiple_congested,2026-08-27 18:00:00,306600840_307084408_0,306600840,307084408,0,secondary,50.8,214.66,15,5.7,38.0,0.8497,severe,1225.9,open,
road_closure,2026-08-27 16:00:00,2780909418_2237525001_0,2780909418,2237525001,0,secondary,43.1,87.84,5,24.8,38.0,0.3477,moderate,2177.4,open,
accident,2026-08-27 17:30:00,2222561802_3598271911_0,2222561802,3598271911,0,secondary,5.1,151.39,1,15.2,38.0,0.5992,heavy,2305.4,open,
road_closure,2026-08-27 16:00:00,4208589750_10722607105_0,4208589750,10722607105,0,secondary,36.0,75.93,4,30.2,50.0,0.3955,moderate,2295.1,open,
accident,2026-08-27 17:30:00,3612575905_2234499389_0,3612575905,2234499389,0,secondary,12.6,181.82,3,10.7,38.0,0.7197,severe,1936.6,open,
normal,2026-08-27 14:00:00,4206865891_2222561907_0,4206865891,2222561907,0,secondary,95.1,59.07,8,29.1,38.0,0.2338,low,1719.8,open,
normal,2026-08-27 14:00:00,571348168_7699350831_0,571348168,7699350831,0,primary,137.6,53.49,10,44.0,60.0,0.2675,low,2351.1,open,
peak_hour,2026-08-27 18:30:00,308966482_7663750621_0,308966482,7663750621,0,secondary,20.4,172.86,5,12.0,38.0,0.6842,heavy,2074.2,open,
sudden_congestion,2026-08-27 15:00:00,5134982716_5611687152_0,5134982716,5611687152,0,secondary,24.3,50.72,2,30.4,38.0,0.2008,low,1540.4,open,
accident,2026-08-27 17:30:00,2177311099_571360374_0,2177311099,571360374,0,trunk,23.0,137.96,4,25.5,60.0,0.5748,heavy,3519.3,open,
heavy_congestion,2026-08-27 18:30:00,1820079672_1820079698_0,1820079672,1820079698,0,secondary,56.8,141.82,11,13.1,50.0,0.7386,severe,1853.3,open,
multiple_congested,2026-08-27 18:00:00,2244474350_9592024667_0,2244474350,9592024667,0,trunk,43.2,187.76,11,28.7,60.0,0.5215,heavy,5390.0,open,
peak_hour,2026-08-27 18:30:00,2441127657_3154922798_0,2441127657,3154922798,0,secondary,41.7,186.48,11,9.9,38.0,0.7382,severe,1855.5,open,
normal,2026-08-27 14:00:00,2593937209_2593937207_0,2593937209,2593937207,0,secondary,14.1,35.96,1,40.6,50.0,0.1873,low,1461.2,open,
multiple_congested,2026-08-27 18:00:00,4285800050_4285800053_0,4285800050,4285800053,0,secondary,103.0,202.92,28,7.5,38.0,0.8032,severe,1517.4,open,
multiple_congested,2026-08-27 18:00:00,2432755017_7651435083_0,2432755017,7651435083,0,secondary,95.9,227.18,30,5.0,38.0,0.8993,severe,1135.9,open,
sudden_congestion,2026-08-27 15:00:00,3169814482_7713281025_0,3169814482,7713281025,0,trunk,216.4,31.12,9,52.2,60.0,0.1297,low,1625.1,open,
road_closure,2026-08-27 16:00:00,2244118878_4333125496_0,2244118878,4333125496,0,primary,159.1,82.05,18,35.4,60.0,0.4102,moderate,2903.3,open,
clearing,2026-08-27 21:00:00,2857630823_315060311_0,2857630823,315060311,0,primary,147.3,39.21,8,48.2,60.0,0.196,low,1891.3,open,
heavy_congestion,2026-08-27 18:30:00,3614459686_3614459669_0,3614459686,3614459669,0,secondary,6.5,229.25,2,5.0,38.0,0.9075,severe,1146.3,open,
peak_hour,2026-08-27 18:30:00,2847725849_4254025119_0,2847725849,4254025119,0,secondary,39.9,190.42,10,9.4,38.0,0.7537,severe,1781.9,open,
peak_hour,2026-08-27 18:30:00,11846427427_3670021203_0,11846427427,3670021203,0,secondary,60.9,170.99,14,14.0,30.0,0.5343,heavy,2388.7,open,
normal,2026-08-27 14:00:00,11974700605_11974652426_0,11974700605,11974652426,0,secondary,86.3,25.56,3,50.4,60.0,0.1597,low,1288.4,open,
normal,2026-08-27 14:00:00,3602307392_3602307408_0,3602307392,3602307408,0,secondary,14.4,54.9,1,29.7,38.0,0.2173,low,1632.7,open,
peak_hour,2026-08-27 18:30:00,3598271216_3598271331_0,3598271216,3598271331,0,trunk,53.5,119.81,9,30.0,60.0,0.4992,moderate,3600.0,open,
multiple_congested,2026-08-27 18:00:00,667238030_6275682562_0,667238030,6275682562,0,secondary,105.8,156.49,22,14.5,38.0,0.6195,heavy,2263.0,open,
accident,2026-08-27 17:30:00,11801747757_13394628416_0,11801747757,13394628416,0,primary,29.2,108.48,4,27.5,60.0,0.5424,heavy,2978.4,open,
heavy_congestion,2026-08-27 18:30:00,2847663722_1320897013_0,2847663722,1320897013,0,secondary,31.5,133.3,6,15.3,50.0,0.6943,heavy,2037.8,open,
multiple_congested,2026-08-27 18:00:00,6158030519_6158030517_0,6158030519,6158030517,0,secondary,97.3,87.77,12,27.1,60.0,0.5486,heavy,2377.4,open,
accident,2026-08-27 17:30:00,1947774387_6150726909_0,1947774387,6150726909,0,trunk,13.4,94.02,2,36.5,60.0,0.3917,moderate,3431.2,open,
multiple_congested,2026-08-27 18:00:00,4189390480_4189390795_0,4189390480,4189390795,0,secondary,119.5,153.49,25,14.9,38.0,0.6076,heavy,2288.9,open,
multiple_congested,2026-08-27 18:00:00,11842274991_11842275002_0,11842274991,11842275002,0,secondary,18.7,208.49,5,17.1,38.0,0.5502,heavy,3563.7,open,
sudden_congestion,2026-08-27 15:00:00,353678163_13511405114_0,353678163,13511405114,0,secondary,112.5,59.62,9,29.0,38.0,0.236,low,1730.9,open,
clearing,2026-08-27 21:00:00,12079654405_12079654404_0,12079654405,12079654404,0,secondary,13.1,39.08,1,32.1,38.0,0.1547,low,1255.3,open,
accident,2026-08-27 17:30:00,7010525803_12400161170_0,7010525803,12400161170,0,secondary,19.1,137.74,4,17.3,38.0,0.5452,heavy,2380.4,open,
heavy_congestion,2026-08-27 18:30:00,2090103744_2090103489_0,2090103744,2090103489,0,secondary,8.8,240.0,3,5.0,38.0,0.95,severe,1200.0,open,
normal,2026-08-27 14:00:00,2090009493_2090009450_0,2090009493,2090009450,0,secondary,98.8,60.05,8,29.0,38.0,0.2377,low,1739.4,open,
road_closure,2026-08-27 16:00:00,5137745055_5137745054_0,5137745055,5137745054,0,secondary_link,112.5,119.55,18,18.2,28.0,0.3487,moderate,2180.2,open,
road_closure,2026-08-27 16:00:00,11524473467_11524473466_0,11524473467,11524473466,0,primary,7.7,76.87,1,36.9,60.0,0.3844,moderate,2839.5,open,
sudden_congestion,2026-08-27 15:00:00,11572253246_2583361891_0,11572253246,2583361891,0,trunk,11.9,34.24,1,51.4,60.0,0.1426,low,1761.1,open,
peak_hour,2026-08-27 18:30:00,11971562308_11082659186_0,11971562308,11082659186,0,secondary,642.9,159.82,139,14.0,38.0,0.6326,heavy,2231.1,open,
heavy_congestion,2026-08-27 18:30:00,2418717388_3612539308_0,2418717388,3612539308,0,trunk,47.9,219.55,14,11.9,50.0,0.7623,severe,2609.0,open,
heavy_congestion,2026-08-27 18:30:00,11549170203_6432129562_0,11549170203,6432129562,0,secondary,229.0,240.0,74,5.0,38.0,0.95,severe,1200.0,open,
sudden_congestion,2026-08-27 15:00:00,3146860390_3146860385_0,3146860390,3146860385,0,primary,145.4,44.21,9,46.7,60.0,0.221,low,2066.1,open,
clearing,2026-08-27 21:00:00,11192733139_11192733137_0,11192733139,11192733137,0,secondary,81.2,44.26,5,31.3,38.0,0.1752,low,1387.1,open,
road_closure,2026-08-27 16:00:00,7655999512_2726477257_0,7655999512,2726477257,0,secondary,72.8,62.23,6,33.8,50.0,0.3241,moderate,2103.0,open,
accident,2026-08-27 17:30:00,308532030_1317538177_0,308532030,1317538177,0,secondary,21.5,142.36,4,12.9,50.0,0.7415,severe,1840.2,open,
accident,2026-08-27 17:30:00,11947067976_12898159226_0,11947067976,12898159226,0,trunk,1068.6,90.28,131,37.4,60.0,0.3762,moderate,3379.2,open,
normal,2026-08-27 14:00:00,12079654405_12079654404_0,12079654405,12079654404,0,secondary,13.1,54.49,1,29.8,38.0,0.2157,low,1624.0,open,
accident,2026-08-27 17:30:00,4198191817_7577198770_0,4198191817,7577198770,0,primary,178.8,193.39,47,9.7,50.0,0.8058,severe,1878.0,open,
clearing,2026-08-27 21:00:00,12898858460_3157399069_0,12898858460,3157399069,0,secondary,54.1,25.12,2,50.6,60.0,0.157,low,1270.5,open,
accident,2026-08-27 17:30:00,3178232867_1836662477_0,3178232867,1836662477,0,primary,10.5,150.1,2,15.0,60.0,0.7505,severe,2247.1,open,
multiple_congested,2026-08-27 18:00:00,3184183909_2478095314_0,3184183909,2478095314,0,primary,40.4,165.88,9,17.0,45.0,0.622,heavy,2821.3,open,
multiple_congested,2026-08-27 18:00:00,3670019775_3612550406_0,3670019775,3612550406,0,primary,51.5,181.12,13,5.7,60.0,0.9056,severe,1026.0,open,
heavy_congestion,2026-08-27 18:30:00,7713256581_7713256583_0,7713256581,7713256583,0,primary,99.9,149.7,20,15.1,60.0,0.7485,severe,2259.1,open,
clearing,2026-08-27 21:00:00,11840593740_2418794088_0,11840593740,2418794088,0,secondary,108.5,15.18,2,34.9,40.0,0.1265,low,530.4,open,
clearing,2026-08-27 21:00:00,3155761355_3215278859_0,3155761355,3215278859,0,trunk,31.8,27.62,1,53.1,60.0,0.1151,low,1466.7,open,
clearing,2026-08-27 21:00:00,7096301315_7096301302_0,7096301315,7096301302,0,primary,357.7,49.5,24,36.6,45.0,0.1856,low,1814.1,open,
accident,2026-08-27 17:30:00,308943103_634130390_0,308943103,634130390,0,secondary,93.3,148.08,19,15.7,38.0,0.5861,heavy,2328.8,open,
heavy_congestion,2026-08-27 18:30:00,2852259355_11530262283_0,2852259355,11530262283,0,primary,18.7,253.33,6,5.0,45.0,0.95,severe,1266.7,open,
road_closure,2026-08-27 16:00:00,1987984267_1987984245_0,1987984267,1987984245,0,secondary,144.0,55.91,11,39.0,60.0,0.3494,moderate,2182.4,open,
accident,2026-08-27 17:30:00,3148550376_308960186_0,3148550376,308960186,0,secondary,178.9,74.79,18,32.0,60.0,0.4674,moderate,2389.8,open,
multiple_congested,2026-08-27 18:00:00,2859386180_306609627_0,2859386180,306609627,0,secondary,10.9,140.68,2,16.8,38.0,0.5569,heavy,2368.9,open,
multiple_congested,2026-08-27 18:00:00,2859386558_2859386557_0,2859386558,2859386557,0,secondary,18.9,170.77,4,12.3,38.0,0.676,heavy,2102.8,open,
sudden_congestion,2026-08-27 15:00:00,2852225770_308527244_0,2852225770,308527244,0,secondary,57.8,44.73,4,38.4,50.0,0.233,low,1715.5,open,
clearing,2026-08-27 21:00:00,3157391695_3157391694_0,3157391695,3157391694,0,primary,37.4,36.44,2,49.1,60.0,0.1822,low,1787.9,open,
road_closure,2026-08-27 16:00:00,2232017920_4193145105_0,2232017920,4193145105,0,secondary,72.8,57.41,6,35.1,50.0,0.299,low,2012.1,open,
heavy_congestion,2026-08-27 18:30:00,2803358278_2805343754_0,2803358278,2805343754,0,secondary,180.1,109.13,27,19.1,60.0,0.6821,heavy,2081.7,open,
sudden_congestion,2026-08-27 15:00:00,3800937722_3754086570_0,3800937722,3754086570,0,secondary,14.0,57.12,1,29.4,38.0,0.2261,low,1679.8,open,
clearing,2026-08-27 21:00:00,11489844911_2234833247_0,11489844911,2234833247,0,secondary,21.9,38.76,1,32.2,38.0,0.1534,low,1246.8,open,
sudden_congestion,2026-08-27 15:00:00,9655277689_12855315421_0,9655277689,12855315421,0,primary,88.4,76.21,9,32.1,45.0,0.2858,low,2449.3,open,
peak_hour,2026-08-27 18:30:00,3670019747_9655277690_0,3670019747,9655277690,0,primary,162.8,182.66,40,14.2,45.0,0.685,heavy,2589.4,open,
peak_hour,2026-08-27 18:30:00,12618756887_1304459647_0,12618756887,1304459647,0,motorway,7.0,99.02,1,53.6,80.0,0.3301,moderate,5306.9,open,
accident,2026-08-27 17:30:00,11827298534_11569138164_0,11827298534,11569138164,0,secondary,36.8,104.7,5,20.7,60.0,0.6544,heavy,2171.2,open,
normal,2026-08-27 14:00:00,10248366525_2697143964_0,10248366525,2697143964,0,secondary,19.2,28.3,1,49.4,60.0,0.1769,low,1397.8,open,
accident,2026-08-27 17:30:00,3612549801_306621586_0,3612549801,306621586,0,secondary,85.3,199.97,23,7.9,38.0,0.7915,severe,1584.0,open,
peak_hour,2026-08-27 18:30:00,4189218637_4189218636_0,4189218637,4189218636,0,secondary,47.6,230.13,15,5.0,38.0,0.9109,severe,1150.7,open,
accident,2026-08-27 17:30:00,4196504405_1311326842_0,4196504405,1311326842,0,secondary,30.8,82.94,3,12.4,40.0,0.6912,heavy,1024.6,open,
sudden_congestion,2026-08-27 15:00:00,11568663522_11568663519_0,11568663522,11568663519,0,secondary,64.8,56.86,5,29.4,38.0,0.2251,low,1674.4,open,
road_closure,2026-08-27 16:00:00,6150849218_11520870583_0,6150849218,11520870583,0,trunk,16.4,81.44,2,39.6,60.0,0.3393,moderate,3228.3,open,
heavy_congestion,2026-08-27 18:30:00,307061464_11521342917_0,307061464,11521342917,0,trunk,33.1,171.76,8,17.1,60.0,0.7157,severe,2930.2,open,
heavy_congestion,2026-08-27 18:30:00,3208534658_6158781391_0,3208534658,6158781391,0,secondary_link,15.2,304.49,6,5.0,28.0,0.8881,severe,1522.5,open,
multiple_congested,2026-08-27 18:00:00,7694096033_7694096052_0,7694096033,7694096052,0,trunk,49.4,122.26,8,29.4,60.0,0.5094,heavy,3598.7,open,
sudden_congestion,2026-08-27 15:00:00,3602307530_2959415309_0,3602307530,2959415309,0,secondary,13.9,44.73,1,31.3,38.0,0.1771,low,1398.8,open,
heavy_congestion,2026-08-27 18:30:00,7682659580_7682659583_0,7682659580,7682659583,0,secondary,109.6,135.92,20,9.0,60.0,0.8495,severe,1227.4,open,
peak_hour,2026-08-27 18:30:00,571349609_2686451332_0,571349609,2686451332,0,secondary,128.5,222.33,39,5.0,38.0,0.88,severe,1111.6,open,
multiple_congested,2026-08-27 18:00:00,3471427645_7115939351_0,3471427645,7115939351,0,secondary,41.0,217.45,12,5.3,38.0,0.8607,severe,1150.7,open,
road_closure,2026-08-27 16:00:00,6580308834_351827488_0,6580308834,351827488,0,secondary,13.4,102.93,2,22.5,38.0,0.4074,moderate,2317.8,open,
sudden_congestion,2026-08-27 15:00:00,2782873734_3618956073_0,2782873734,3618956073,0,secondary,1024.0,44.04,61,38.5,50.0,0.2294,low,1697.0,open,
sudden_congestion,2026-08-27 15:00:00,4182608480_11363955211_0,4182608480,11363955211,0,secondary,67.5,46.95,4,30.9,38.0,0.1858,low,1452.6,open,
multiple_congested,2026-08-27 18:00:00,5384825992_571175478_0,5384825992,571175478,0,secondary,57.3,141.49,11,16.7,38.0,0.5601,heavy,2365.4,open,
normal,2026-08-27 14:00:00,4193299797_4193299801_0,4193299797,4193299801,0,secondary,82.1,62.32,7,28.6,38.0,0.2467,low,1783.9,open,
road_closure,2026-08-27 16:00:00,2886915671_2886916853_0,2886915671,2886916853,0,secondary,81.7,94.92,11,23.7,38.0,0.3757,moderate,2251.8,open,
multiple_congested,2026-08-27 18:00:00,3612539556_2418717388_0,3612539556,2418717388,0,trunk,32.2,183.53,8,18.1,50.0,0.6372,heavy,3328.8,open,
sudden_congestion,2026-08-27 15:00:00,2245996053_2244374584_0,2245996053,2244374584,0,secondary,40.5,65.24,4,28.2,38.0,0.2583,low,1839.0,open,
sudden_congestion,2026-08-27 15:00:00,2859870100_308560877_0,2859870100,308560877,0,secondary,38.8,50.82,3,30.4,38.0,0.2011,low,1542.6,open,
sudden_congestion,2026-08-27 15:00:00,2886664029_4373979866_0,2886664029,4373979866,0,secondary,700.2,53.59,51,29.9,38.0,0.2121,low,1604.4,open,
heavy_congestion,2026-08-27 18:30:00,7830608840_2247660591_0,7830608840,2247660591,0,primary,37.5,380.0,19,5.0,45.0,0.95,severe,1900.0,open,
sudden_congestion,2026-08-27 15:00:00,3700529113_4269634327_0,3700529113,4269634327,0,secondary,5.0,65.78,0,28.1,38.0,0.2604,low,1848.7,open,
accident,2026-08-27 17:30:00,2886924660_571349446_0,2886924660,571349446,0,trunk,43.5,92.79,5,36.8,60.0,0.3866,moderate,3414.9,open,
multiple_congested,2026-08-27 18:00:00,1284172177_5458722458_0,1284172177,5458722458,0,secondary,10.8,94.15,1,24.7,60.0,0.5884,heavy,2324.9,open,
multiple_congested,2026-08-27 18:00:00,3579903451_11953419760_0,3579903451,11953419760,0,secondary_link,8.4,260.43,3,6.7,28.0,0.7596,severe,1753.1,open,
accident,2026-08-27 17:30:00,6885035906_6885002574_0,6885035906,6885002574,0,trunk,360.1,132.92,65,26.8,60.0,0.5538,heavy,3558.3,open,
heavy_congestion,2026-08-27 18:30:00,2780888349_2780888373_0,2780888349,2780888373,0,primary,115.5,176.09,28,13.3,50.0,0.7337,severe,2344.5,open,
multiple_congested,2026-08-27 18:00:00,7640221208_2583759011_0,7640221208,2583759011,0,secondary,108.9,124.29,18,13.4,60.0,0.7768,severe,1664.5,open,
peak_hour,2026-08-27 18:30:00,3754079590_4308409940_0,3754079590,4308409940,0,motorway_link,409.7,216.74,120,16.1,50.0,0.6773,heavy,3497.0,open,
multiple_congested,2026-08-27 18:00:00,2234832922_2234832890_0,2234832922,2234832890,0,secondary,35.3,158.18,8,14.2,38.0,0.6261,heavy,2247.3,open,
sudden_congestion,2026-08-27 15:00:00,2886914014_10279697753_0,2886914014,10279697753,0,secondary,129.4,49.59,9,30.5,38.0,0.1963,low,1514.6,open,
road_closure,2026-08-27 16:00:00,2852325928_3550347368_0,2852325928,3550347368,0,secondary,25.7,83.81,3,25.4,38.0,0.3317,moderate,2128.2,open,
normal,2026-08-27 14:00:00,3614580138_7648949430_0,3614580138,7648949430,0,secondary,167.1,41.81,9,31.7,38.0,0.1655,low,1325.8,open,
sudden_congestion,2026-08-27 15:00:00,2886914024_10279697753_0,2886914024,10279697753,0,secondary,488.6,63.88,42,28.4,38.0,0.2529,low,1813.7,open,
clearing,2026-08-27 21:00:00,4194559080_9758851568_0,4194559080,9758851568,0,secondary,214.0,29.2,8,33.6,38.0,0.1156,low,981.3,open,
heavy_congestion,2026-08-27 18:30:00,7579728236_13394761986_0,7579728236,13394761986,0,primary,348.8,166.85,79,9.9,60.0,0.8342,severe,1659.5,open,
peak_hour,2026-08-27 18:30:00,7682182155_3930272161_0,7682182155,3930272161,0,secondary,27.0,135.75,5,9.1,60.0,0.8484,severe,1234.4,open,
clearing,2026-08-27 21:00:00,3618934468_3471426301_0,3618934468,3471426301,0,primary,46.2,34.7,2,42.8,50.0,0.1446,low,1484.3,open,
accident,2026-08-27 17:30:00,11491608987_4246012258_0,11491608987,4246012258,0,secondary,14.0,121.37,2,19.7,38.0,0.4804,moderate,2396.3,open,
heavy_congestion,2026-08-27 18:30:00,2231530375_2222561348_0,2231530375,2222561348,0,secondary,11.5,240.0,4,5.0,38.0,0.95,severe,1200.0,open,
normal,2026-08-27 14:00:00,2854814575_3612558780_0,2854814575,3612558780,0,primary,38.5,49.07,3,39.8,50.0,0.2045,low,1951.8,open,
heavy_congestion,2026-08-27 18:30:00,3649038608_4197029751_0,3649038608,4197029751,0,secondary,76.1,236.7,24,5.0,38.0,0.9369,severe,1183.5,open,
peak_hour,2026-08-27 18:30:00,2234501500_2234501531_0,2234501500,2234501531,0,secondary,52.9,150.15,11,15.4,38.0,0.5943,heavy,2314.6,open,
accident,2026-08-27 17:30:00,2234498650_308613904_0,2234498650,308613904,0,primary,20.6,213.69,6,5.5,50.0,0.8904,severe,1171.2,open,
normal,2026-08-27 14:00:00,11575635679_7698855115_0,11575635679,7698855115,0,secondary,23.0,39.51,1,32.1,38.0,0.1564,low,1266.7,open,
sudden_congestion,2026-08-27 15:00:00,7103859239_7103859240_0,7103859239,7103859240,0,primary,9.1,48.52,1,36.8,45.0,0.182,low,1786.2,open,
accident,2026-08-27 17:30:00,2590198241_3614461670_0,2590198241,3614461670,0,trunk,1009.9,102.54,140,34.4,60.0,0.4272,moderate,3523.8,open,
peak_hour,2026-08-27 18:30:00,3164238270_3164069026_0,3164238270,3164069026,0,primary,24.2,160.44,5,11.9,60.0,0.8022,severe,1904.1,open,
heavy_congestion,2026-08-27 18:30:00,2188391608_2188391596_0,2188391608,2188391596,0,trunk,147.0,183.48,37,14.1,60.0,0.7645,severe,2592.5,open,
heavy_congestion,2026-08-27 18:30:00,2402415883_3602480140_0,2402415883,3602480140,0,secondary,819.8,240.0,267,5.0,38.0,0.95,severe,1200.0,open,
accident,2026-08-27 17:30:00,4201669228_7656684025_0,4201669228,7656684025,0,secondary,124.9,157.49,27,14.3,38.0,0.6234,heavy,2253.8,open,
multiple_congested,2026-08-27 18:00:00,11851178699_7651326487_0,11851178699,7651326487,0,secondary,433.3,176.88,104,11.4,38.0,0.7001,severe,2015.4,open,
normal,2026-08-27 14:00:00,2791955612_3618947120_0,2791955612,3618947120,0,secondary,620.4,25.84,22,50.3,60.0,0.1615,low,1299.9,open,
peak_hour,2026-08-27 18:30:00,3224370214_12312655883_0,3224370214,12312655883,0,primary,141.7,179.71,34,14.7,45.0,0.6739,heavy,2637.1,open,
heavy_congestion,2026-08-27 18:30:00,2082939787_3813738755_0,2082939787,3813738755,0,motorway_link,714.8,149.77,145,26.6,50.0,0.468,moderate,3983.6,open,
peak_hour,2026-08-27 18:30:00,2790072962_312780744_0,2790072962,312780744,0,secondary,47.2,213.32,14,5.9,38.0,0.8444,severe,1261.3,open,
sudden_congestion,2026-08-27 15:00:00,2236575086_2236575042_0,2236575086,2236575042,0,secondary,66.9,60.01,5,29.0,38.0,0.2375,low,1738.7,open,
normal,2026-08-27 14:00:00,3612559736_308532002_0,3612559736,308532002,0,secondary,44.3,46.13,3,38.0,50.0,0.2403,low,1752.3,open,
normal,2026-08-27 14:00:00,7010525795_7010525794_0,7010525795,7010525794,0,secondary_link,25.3,58.94,2,23.2,28.0,0.1719,low,1366.6,open,
road_closure,2026-08-27 16:00:00,4193299816_3614577182_0,4193299816,3614577182,0,secondary,117.9,67.39,11,27.9,38.0,0.2668,low,1877.8,open,
multiple_congested,2026-08-27 18:00:00,7563363471_11586536695_0,7563363471,11586536695,0,primary,273.2,190.0,70,5.0,60.0,0.95,severe,950.0,open,
sudden_congestion,2026-08-27 15:00:00,13670929680_2852264273_0,13670929680,2852264273,0,secondary,138.5,61.51,12,28.7,38.0,0.2435,low,1768.2,open,
sudden_congestion,2026-08-27 15:00:00,6390373767_6390373768_0,6390373767,6390373768,0,primary,114.9,41.45,6,47.6,60.0,0.2072,low,1971.5,open,
clearing,2026-08-27 21:00:00,2857520148_2857520158_0,2857520148,2857520158,0,secondary,40.2,28.79,2,42.5,50.0,0.1499,low,1223.6,open,
peak_hour,2026-08-27 18:30:00,13984807204_3204089052_0,13984807204,3204089052,0,trunk,63.6,155.07,13,34.2,60.0,0.4308,moderate,5296.4,open,
multiple_congested,2026-08-27 18:00:00,2221876856_2221876900_0,2221876856,2221876900,0,secondary,22.1,178.87,5,5.0,50.0,0.9316,severe,894.4,open,
road_closure,2026-08-27 16:00:00,6681605398_7796343629_0,6681605398,7796343629,0,primary,36.4,107.45,5,26.9,45.0,0.4029,moderate,2886.9,open,
peak_hour,2026-08-27 18:30:00,3579902805_2744203189_0,3579902805,2744203189,0,secondary,137.5,209.56,39,6.5,38.0,0.8295,severe,1357.7,open,
clearing,2026-08-27 21:00:00,11944826640_7712535672_0,11944826640,7712535672,0,secondary,6.2,35.48,0,32.7,38.0,0.1404,low,1158.8,open,
road_closure,2026-08-27 16:00:00,2782802941_2852448047_0,2782802941,2852448047,0,secondary,44.2,102.7,6,22.6,38.0,0.4065,moderate,2316.1,open,
normal,2026-08-27 14:00:00,3614513134_3614513146_0,3614513134,3614513146,0,secondary,44.6,52.41,3,30.1,38.0,0.2074,low,1578.4,open,
heavy_congestion,2026-08-27 18:30:00,2988138461_2782950465_0,2988138461,2782950465,0,secondary,6.1,240.0,2,5.0,38.0,0.95,severe,1200.0,open,
road_closure,2026-08-27 16:00:00,976475903_4273177159_0,976475903,4273177159,0,secondary,72.2,92.23,9,24.1,38.0,0.3651,moderate,2225.3,open,
sudden_congestion,2026-08-27 15:00:00,2177311125_2177311097_0,2177311125,2177311097,0,trunk,54.8,121.85,9,24.9,30.0,0.1692,low,3036.8,open,
road_closure,2026-08-27 16:00:00,13542542541_2284444457_0,13542542541,2284444457,0,trunk,68.4,75.57,7,41.1,60.0,0.3149,moderate,3106.5,open,
sudden_congestion,2026-08-27 15:00:00,5273744069_5273744073_0,5273744069,5273744073,0,secondary,265.8,34.15,12,47.2,60.0,0.2135,low,1611.8,open,
multiple_congested,2026-08-27 18:00:00,2686451340_571349609_0,2686451340,571349609,0,secondary,70.9,157.27,15,14.3,38.0,0.6225,heavy,2255.9,open,
peak_hour,2026-08-27 18:30:00,13713352133_11033676563_0,13713352133,11033676563,0,primary,139.4,285.0,54,5.0,60.0,0.95,severe,1425.0,open,
clearing,2026-08-27 21:00:00,3602486484_6275678091_0,3602486484,6275678091,0,secondary_link,382.0,55.46,29,23.5,28.0,0.1618,low,1301.8,open,
accident,2026-08-27 17:30:00,4514098027_4514101848_0,4514098027,4514101848,0,secondary,933.3,146.78,186,15.9,38.0,0.581,heavy,2337.0,open,
peak_hour,2026-08-27 18:30:00,308960178_7734394631_0,308960178,7734394631,0,secondary,2.3,115.67,0,16.6,60.0,0.7229,severe,1922.9,open,
sudden_congestion,2026-08-27 15:00:00,6308390701_1437305486_0,6308390701,1437305486,0,secondary,15.1,33.43,1,27.9,38.0,0.2646,low,934.1,open,
accident,2026-08-27 17:30:00,4032383382_2245996428_0,4032383382,2245996428,0,secondary,69.6,138.39,13,17.2,38.0,0.5478,heavy,2378.1,open,
sudden_congestion,2026-08-27 15:00:00,10789494481_2583351556_0,10789494481,2583351556,0,secondary,2302.4,43.82,137,31.4,38.0,0.1735,low,1376.3,open,
clearing,2026-08-27 21:00:00,3186227098_11947397506_0,3186227098,11947397506,0,trunk,1026.3,25.82,36,53.5,60.0,0.1076,low,1382.7,open,
multiple_congested,2026-08-27 18:00:00,13584061239_13584061238_0,13584061239,13584061238,0,primary_link,13.4,349.42,6,5.0,30.0,0.8736,severe,1747.1,open,
heavy_congestion,2026-08-27 18:30:00,2000766357_11856867907_0,2000766357,11856867907,0,secondary,48.5,183.37,12,10.4,38.0,0.7258,severe,1910.4,open,
multiple_congested,2026-08-27 18:00:00,11256641614_7690692009_0,11256641614,7690692009,0,primary,198.6,187.97,51,5.0,60.0,0.9399,severe,939.9,open,
normal,2026-08-27 14:00:00,11152910990_11152910991_0,11152910990,11152910991,0,primary_link,6.1,111.06,1,21.7,30.0,0.2777,low,2406.8,open,
normal,2026-08-27 14:00:00,2236837742_7670867276_0,2236837742,7670867276,0,trunk,602.1,39.44,32,50.1,60.0,0.1643,low,1977.5,open,
clearing,2026-08-27 21:00:00,11545895570_2886916853_0,11545895570,2886916853,0,secondary,45.5,29.26,2,33.6,38.0,0.1158,low,983.1,open,
road_closure,2026-08-27 16:00:00,2210830574_2210830573_0,2210830574,2210830573,0,primary,27.2,96.37,4,28.7,45.0,0.3614,moderate,2769.5,open,
normal,2026-08-27 14:00:00,10722607108_11193169300_0,10722607108,11193169300,0,secondary,130.8,38.37,7,45.6,60.0,0.2398,low,1750.2,open,
accident,2026-08-27 17:30:00,2245995079_11524461059_0,2245995079,11524461059,0,primary,45.7,128.49,8,21.5,60.0,0.6424,heavy,2756.6,open,
clearing,2026-08-27 21:00:00,2232017984_2222561995_0,2232017984,2222561995,0,secondary,18.5,41.61,1,31.7,38.0,0.1647,low,1320.7,open,
accident,2026-08-27 17:30:00,11563451307_11563451316_0,11563451307,11563451316,0,secondary,91.8,155.74,19,14.6,38.0,0.6165,heavy,2269.8,open,
accident,2026-08-27 17:30:00,11521416614_11521416613_0,11521416614,11521416613,0,trunk_link,10.5,298.43,4,9.6,35.0,0.7254,severe,2868.7,open,
sudden_congestion,2026-08-27 15:00:00,1284260213_3182362214_0,1284260213,3182362214,0,secondary,46.0,54.45,3,29.8,38.0,0.2155,low,1623.2,open,
clearing,2026-08-27 21:00:00,3789865856_3789865855_0,3789865856,3789865855,0,trunk,220.6,29.29,9,52.7,60.0,0.122,low,1542.7,open,
accident,2026-08-27 17:30:00,3783045614_12854820551_0,3783045614,12854820551,0,secondary,145.8,125.79,25,19.1,38.0,0.4979,moderate,2400.0,open,
road_closure,2026-08-27 16:00:00,3614500941_2778813210_0,3614500941,2778813210,0,primary,57.9,69.8,5,39.1,60.0,0.349,moderate,2726.5,open,
road_closure,2026-08-27 16:00:00,7418722426_7547415010_0,7418722426,7547415010,0,secondary,846.6,78.61,90,26.2,38.0,0.3112,moderate,2057.7,open,
normal,2026-08-27 14:00:00,306600836_2854813951_0,306600836,2854813951,0,secondary,151.2,39.35,8,32.1,38.0,0.1557,low,1262.3,open,
heavy_congestion,2026-08-27 18:30:00,6442017697_3167938408_0,6442017697,3167938408,0,secondary,44.5,130.84,8,10.9,60.0,0.8178,severe,1430.7,open,
sudden_congestion,2026-08-27 15:00:00,701228141_11801247555_0,701228141,11801247555,0,motorway,7.2,30.41,0,71.9,80.0,0.1014,low,2186.2,open,
clearing,2026-08-27 21:00:00,12431507443_1314826067_0,12431507443,1314826067,0,primary,34.5,40.02,2,48.0,60.0,0.2001,low,1920.8,open,
clearing,2026-08-27 21:00:00,13766702554_13766702555_0,13766702554,13766702555,0,trunk_link,26.3,61.74,2,29.7,35.0,0.1501,low,1836.6,open,
heavy_congestion,2026-08-27 18:30:00,3894159538_11539548063_0,3894159538,11539548063,0,primary,14.9,160.73,3,11.8,60.0,0.8036,severe,1893.7,open,
sudden_congestion,2026-08-27 15:00:00,4196526947_4196503478_0,4196526947,4196503478,0,secondary,23.1,18.66,1,33.8,40.0,0.1555,low,630.2,open,
normal,2026-08-27 14:00:00,7682662029_9838196103_0,7682662029,9838196103,0,secondary,41.4,33.35,2,47.5,60.0,0.2084,low,1583.9,open,
clearing,2026-08-27 21:00:00,7637127870_7637204604_0,7637127870,7637204604,0,secondary,84.2,28.44,3,33.7,38.0,0.1126,low,959.0,open,
peak_hour,2026-08-27 18:30:00,2234142524_308964083_0,2234142524,308964083,0,primary,167.1,180.92,41,5.7,60.0,0.9046,severe,1035.4,open,
road_closure,2026-08-27 16:00:00,2590400296_2590251087_0,2590400296,2590251087,0,secondary_link,6.6,141.19,1,16.5,28.0,0.4118,moderate,2325.3,open,
accident,2026-08-27 17:30:00,6518162952_3184132032_0,6518162952,3184132032,0,secondary,47.2,95.89,6,24.0,60.0,0.5993,heavy,2305.3,open,
heavy_congestion,2026-08-27 18:30:00,7287564143_571160809_0,7287564143,571160809,0,secondary,1656.7,179.36,403,11.0,38.0,0.71,severe,1976.8,open,
sudden_congestion,2026-08-27 15:00:00,8995535706_8995535705_0,8995535706,8995535705,0,secondary,27.3,58.2,2,29.2,38.0,0.2304,low,1702.1,open,
normal,2026-08-27 14:00:00,353720873_7718905862_0,353720873,7718905862,0,secondary,196.7,25.1,7,50.6,60.0,0.1569,low,1269.7,open,
road_closure,2026-08-27 16:00:00,2225281937_4210177956_0,2225281937,4210177956,0,secondary,10.8,64.52,1,28.3,38.0,0.2554,low,1825.7,open,
normal,2026-08-27 14:00:00,3598267924_1339496707_0,3598267924,1339496707,0,secondary,6.3,38.66,0,39.9,50.0,0.2013,low,1543.7,open,
sudden_congestion,2026-08-27 15:00:00,6435487074_7656684274_0,6435487074,7656684274,0,trunk,83.0,44.66,5,48.8,60.0,0.1861,low,2181.0,open,
sudden_congestion,2026-08-27 15:00:00,11548969483_7578269206_0,11548969483,7578269206,0,trunk,329.9,33.22,15,51.7,60.0,0.1384,low,1717.2,open,
accident,2026-08-27 17:30:00,10107916961_12640022698_0,10107916961,12640022698,0,primary,9.1,165.14,2,15.6,50.0,0.6881,heavy,2575.6,open,
clearing,2026-08-27 21:00:00,4310474452_3614580020_0,4310474452,3614580020,0,secondary,111.0,39.79,6,32.0,38.0,0.1575,low,1273.9,open,
heavy_congestion,2026-08-27 18:30:00,11363640309_1611088860_0,11363640309,1611088860,0,secondary,346.2,191.78,90,9.2,38.0,0.7591,severe,1755.4,open,
normal,2026-08-27 14:00:00,2090009839_3673163835_0,2090009839,3673163835,0,secondary,104.1,58.43,8,29.2,38.0,0.2313,low,1706.8,open,
clearing,2026-08-27 21:00:00,2782802978_2782802975_0,2782802978,2782802975,0,secondary,57.9,26.56,2,34.0,38.0,0.1051,low,903.2,open,
road_closure,2026-08-27 16:00:00,2852259557_9729819156_0,2852259557,9729819156,0,primary,109.1,82.64,12,31.1,45.0,0.3099,moderate,2566.4,open,
multiple_congested,2026-08-27 18:00:00,10279361688_2898573571_0,10279361688,2898573571,0,secondary,9.3,211.35,3,6.2,38.0,0.8366,severe,1312.5,open,
road_closure,2026-08-27 16:00:00,3158871483_12085029212_0,3158871483,12085029212,0,trunk,280.1,55.94,21,46.0,60.0,0.2331,low,2574.1,open,
clearing,2026-08-27 21:00:00,1748011674_6297948162_0,1748011674,6297948162,0,secondary,68.3,39.09,4,32.1,38.0,0.1547,low,1255.6,open,
sudden_congestion,2026-08-27 15:00:00,2425535900_3602314992_0,2425535900,3602314992,0,trunk,78.2,59.65,6,50.1,60.0,0.1657,low,2985.8,open,
multiple_congested,2026-08-27 18:00:00,3602325801_11846815203_0,3602325801,11846815203,0,secondary,64.0,139.02,12,17.1,38.0,0.5503,heavy,2375.7,open,
heavy_congestion,2026-08-27 18:30:00,3943263544_2766338065_0,3943263544,2766338065,0,secondary,8.2,152.0,2,5.0,60.0,0.95,severe,760.0,open,
normal,2026-08-27 14:00:00,7637177860_4189193304_0,7637177860,4189193304,0,secondary,3.9,45.33,0,31.2,38.0,0.1794,low,1413.5,open,
clearing,2026-08-27 21:00:00,6308390080_6308390082_0,6308390080,6308390082,0,secondary,38.9,30.28,2,33.4,38.0,0.1198,low,1012.6,open,
sudden_congestion,2026-08-27 15:00:00,5675269237_5675269238_0,5675269237,5675269238,0,primary_link,12.8,107.63,2,21.9,30.0,0.2691,low,2360.2,open,
accident,2026-08-27 17:30:00,3612576028_2234833062_0,3612576028,2234833062,0,secondary,29.5,128.29,5,18.7,38.0,0.5078,heavy,2399.4,open,
accident,2026-08-27 17:30:00,332449333_1750022534_0,332449333,1750022534,0,secondary,110.5,77.39,12,14.2,40.0,0.6449,heavy,1099.2,open,
normal,2026-08-27 14:00:00,7576670605_7576670619_0,7576670605,7576670619,0,secondary,53.7,60.82,4,28.9,38.0,0.2408,low,1754.8,open,
peak_hour,2026-08-27 18:30:00,14087662985_14087662986_0,14087662985,14087662986,0,trunk_link,17.1,253.36,6,13.4,35.0,0.6158,heavy,3406.9,open,
normal,2026-08-27 14:00:00,1324393902_6152316131_0,1324393902,6152316131,0,trunk,103.7,33.19,5,51.7,60.0,0.1383,low,1715.9,open,
peak_hour,2026-08-27 18:30:00,7010364108_7010364145_0,7010364108,7010364145,0,primary,94.6,190.0,24,5.0,60.0,0.95,severe,950.0,open,
normal,2026-08-27 14:00:00,3579902944_3835262336_0,3579902944,3835262336,0,secondary,14.8,63.57,1,28.4,38.0,0.2516,low,1807.9,open,
normal,2026-08-27 14:00:00,11910324620_9789596676_0,11910324620,9789596676,0,secondary,269.9,44.3,16,31.3,38.0,0.1754,low,1388.2,open,
clearing,2026-08-27 21:00:00,13744432382_353736795_0,13744432382,353736795,0,secondary,45.1,36.1,2,32.6,38.0,0.1429,low,1175.9,open,
peak_hour,2026-08-27 18:30:00,3658870933_2590217068_0,3658870933,2590217068,0,secondary,22.9,230.25,7,5.0,38.0,0.9114,severe,1151.2,open,
normal,2026-08-27 14:00:00,2730570225_4311354359_0,2730570225,4311354359,0,primary,305.3,38.98,16,48.3,60.0,0.1949,low,1883.1,open,
peak_hour,2026-08-27 18:30:00,1883393754_5209074740_0,1883393754,5209074740,0,secondary,23.2,204.27,6,7.3,38.0,0.8086,severe,1485.9,open,
multiple_congested,2026-08-27 18:00:00,2802822421_12686579873_0,2802822421,12686579873,0,trunk,280.3,109.62,42,32.6,60.0,0.4567,moderate,3573.0,open,
sudden_congestion,2026-08-27 15:00:00,7715912363_7715912361_0,7715912363,7715912361,0,primary,10.6,61.44,1,41.6,60.0,0.3072,moderate,2554.0,open,
normal,2026-08-27 14:00:00,2402415842_3602482987_0,2402415842,3602482987,0,secondary,338.0,53.86,25,29.9,38.0,0.2132,low,1610.3,open,
sudden_congestion,2026-08-27 15:00:00,2886914832_11050441425_0,2886914832,11050441425,0,secondary,262.2,50.64,18,30.4,38.0,0.2004,low,1538.6,open,
multiple_congested,2026-08-27 18:00:00,1706620085_9187619738_0,1706620085,9187619738,0,secondary,116.0,143.6,23,16.4,38.0,0.5684,heavy,2355.1,open,
normal,2026-08-27 14:00:00,7669037237_7668957935_0,7669037237,7668957935,0,secondary,176.0,42.68,10,31.6,38.0,0.1689,low,1347.8,open,
accident,2026-08-27 17:30:00,3463648655_4327437944_0,3463648655,4327437944,0,secondary,423.0,200.52,115,7.8,38.0,0.7937,severe,1571.8,open,
road_closure,2026-08-27 16:00:00,1948637923_12744353079_0,1948637923,12744353079,0,primary_link,15.9,146.82,3,19.0,30.0,0.367,moderate,2787.9,open,
accident,2026-08-27 17:30:00,2852314861_2852314862_0,2852314861,2852314862,0,primary,25.8,121.22,4,23.6,60.0,0.6061,heavy,2864.9,open,
road_closure,2026-08-27 16:00:00,2234501601_11056344140_0,2234501601,11056344140,0,secondary,6.9,64.27,1,28.3,38.0,0.2544,low,1821.0,open,
accident,2026-08-27 17:30:00,2221880391_7675789269_0,2221880391,7675789269,0,secondary,79.6,116.02,13,20.5,38.0,0.4593,moderate,2384.1,open,
peak_hour,2026-08-27 18:30:00,6150303402_6150303401_0,6150303402,6150303401,0,trunk_link,17.0,254.98,6,13.3,35.0,0.6197,heavy,3393.6,open,
heavy_congestion,2026-08-27 18:30:00,11057983528_3547283687_0,11057983528,3547283687,0,primary,60.3,190.0,16,5.0,60.0,0.95,severe,950.0,open,
road_closure,2026-08-27 16:00:00,2847561235_13816788470_0,2847561235,13816788470,0,secondary,62.5,74.37,6,30.6,50.0,0.3874,moderate,2278.2,open,
normal,2026-08-27 14:00:00,7682137612_7682137610_0,7682137612,7682137610,0,secondary,49.6,53.54,4,29.9,38.0,0.2119,low,1603.3,open,
heavy_congestion,2026-08-27 18:30:00,12508682797_12313985317_0,12508682797,12313985317,0,secondary,46.9,136.52,9,8.8,60.0,0.8532,severe,1202.1,open,
accident,2026-08-27 17:30:00,11944797637_11944797638_0,11944797637,11944797638,0,trunk_link,9.0,301.36,4,9.4,35.0,0.7325,severe,2821.8,open,
heavy_congestion,2026-08-27 18:30:00,2786982085_11043275175_0,2786982085,11043275175,0,secondary,29.9,161.54,7,13.7,38.0,0.6394,heavy,2213.3,open,
peak_hour,2026-08-27 18:30:00,13335966047_308767073_0,13335966047,308767073,0,secondary,192.4,137.19,36,14.3,50.0,0.7145,severe,1958.2,open,
heavy_congestion,2026-08-27 18:30:00,626897541_2460435055_0,626897541,2460435055,0,trunk,6.5,125.76,1,28.6,60.0,0.524,heavy,3591.7,open,
accident,2026-08-27 17:30:00,2795964962_2802822738_0,2795964962,2802822738,0,secondary,45.4,114.82,7,20.1,50.0,0.598,heavy,2307.8,open,
heavy_congestion,2026-08-27 18:30:00,2509297520_2509297449_0,2509297520,2509297449,0,primary,267.0,158.77,57,12.4,60.0,0.7939,severe,1963.7,open,
accident,2026-08-27 17:30:00,1311044371_2246173447_0,1311044371,2246173447,0,secondary,86.7,171.54,20,12.2,38.0,0.679,heavy,2092.4,open,
normal,2026-08-27 14:00:00,2222561726_2222561716_0,2222561726,2222561716,0,secondary,21.2,43.55,1,31.4,38.0,0.1724,low,1369.7,open,
multiple_congested,2026-08-27 18:00:00,1339439559_3010560628_0,1339439559,3010560628,0,primary,128.4,129.38,23,21.2,60.0,0.6469,heavy,2741.0,open,
peak_hour,2026-08-27 18:30:00,7690525248_2245070929_0,7690525248,2245070929,0,secondary,107.6,142.43,21,6.6,60.0,0.8902,severe,938.3,open,
multiple_congested,2026-08-27 18:00:00,3614577476_3614577545_0,3614577476,3614577545,0,secondary,124.6,146.55,25,16.0,38.0,0.5801,heavy,2338.4,open,
road_closure,2026-08-27 16:00:00,3649030564_3649030563_0,3649030564,3649030563,0,secondary,47.9,82.16,5,25.6,38.0,0.3252,moderate,2106.7,open,
clearing,2026-08-27 21:00:00,596440802_2760699876_0,596440802,2760699876,0,secondary,41.5,35.79,2,32.6,38.0,0.1417,low,1167.4,open,
peak_hour,2026-08-27 18:30:00,7710253350_13754159673_0,7710253350,13754159673,0,secondary,968.5,222.55,292,5.0,38.0,0.8809,severe,1112.8,open,
sudden_congestion,2026-08-27 15:00:00,4198148845_2590357054_0,4198148845,2590357054,0,trunk,453.3,55.28,34,46.2,60.0,0.2303,low,2552.9,open,
normal,2026-08-27 14:00:00,11548970629_11351442445_0,11548970629,11351442445,0,secondary,107.1,41.2,6,44.6,60.0,0.2575,low,1835.4,open,
road_closure,2026-08-27 16:00:00,1215782302_3602309617_0,1215782302,3602309617,0,secondary,18.0,77.04,2,26.4,38.0,0.305,moderate,2034.8,open,
heavy_congestion,2026-08-27 18:30:00,3184132019_3192422863_0,3184132019,3192422863,0,secondary,7.5,122.13,1,14.2,60.0,0.7633,severe,1734.5,open,
clearing,2026-08-27 21:00:00,13399489790_308613982_0,13399489790,308613982,0,secondary,75.7,21.24,2,52.0,60.0,0.1327,low,1105.0,open,
normal,2026-08-27 14:00:00,1428880536_1154037704_0,1428880536,1154037704,0,secondary,163.6,40.21,9,32.0,38.0,0.1592,low,1284.7,open,
heavy_congestion,2026-08-27 18:30:00,3753052576_660558301_0,3753052576,660558301,0,secondary,1124.2,187.31,285,9.8,38.0,0.7414,severe,1840.4,open,
peak_hour,2026-08-27 18:30:00,12082956839_12082956838_0,12082956839,12082956838,0,trunk_link,13.2,255.97,5,13.2,35.0,0.6221,heavy,3385.2,open,
multiple_congested,2026-08-27 18:00:00,2225418489_4203985802_0,2225418489,4203985802,0,secondary,123.9,73.04,12,15.7,40.0,0.6087,heavy,1143.3,open,
road_closure,2026-08-27 16:00:00,2236747831_13773466106_0,2236747831,13773466106,0,trunk,208.7,70.86,20,42.3,60.0,0.2952,low,2996.3,open,
clearing,2026-08-27 21:00:00,11806444750_11806444749_0,11806444750,11806444749,0,trunk_link,8.2,51.23,1,30.6,35.0,0.1245,low,1569.9,open,
road_closure,2026-08-27 16:00:00,3673311916_2728291277_0,3673311916,2728291277,0,secondary,83.9,50.73,6,41.0,60.0,0.3171,moderate,2078.8,open,
heavy_congestion,2026-08-27 18:30:00,3618940828_3618941098_0,3618940828,3618941098,0,secondary,95.3,234.83,30,5.0,38.0,0.9295,severe,1174.2,open,
multiple_congested,2026-08-27 18:00:00,6149584729_3164238336_0,6149584729,3164238336,0,trunk,21.2,158.69,5,20.3,60.0,0.6612,heavy,3225.7,open,
peak_hour,2026-08-27 18:30:00,2855063350_2859545349_0,2855063350,2859545349,0,secondary,42.5,192.32,11,9.1,38.0,0.7613,severe,1744.7,open,
peak_hour,2026-08-27 18:30:00,11527773036_11527773037_0,11527773036,11527773037,0,primary,55.4,187.16,14,13.4,45.0,0.7018,severe,2511.2,open,
accident,2026-08-27 17:30:00,2234833422_2234833321_0,2234833422,2234833321,0,secondary,264.0,137.42,49,17.3,38.0,0.544,heavy,2381.4,open,
multiple_congested,2026-08-27 18:00:00,2234832890_2234832854_0,2234832890,2234832854,0,secondary,40.6,186.36,10,10.0,38.0,0.7377,severe,1857.6,open,
clearing,2026-08-27 21:00:00,7691775119_4183436844_0,7691775119,4183436844,0,secondary,117.1,25.01,4,50.6,60.0,0.1563,low,1266.0,open,
normal,2026-08-27 14:00:00,11124349809_3602479318_0,11124349809,3602479318,0,secondary,591.8,55.68,45,29.6,38.0,0.2204,low,1649.5,open,
heavy_congestion,2026-08-27 18:30:00,11944554947_291504531_0,11944554947,291504531,0,primary,7.3,190.0,2,5.0,60.0,0.95,severe,950.0,open,
accident,2026-08-27 17:30:00,4182570573_3614510201_0,4182570573,3614510201,0,primary,82.2,196.68,22,9.0,50.0,0.8195,severe,1775.0,open,
sudden_congestion,2026-08-27 15:00:00,353736927_6353976392_0,353736927,6353976392,0,secondary,8.9,55.43,1,29.7,38.0,0.2194,low,1644.2,open,
road_closure,2026-08-27 16:00:00,3550345381_2852259355_0,3550345381,2852259355,0,primary,324.8,103.02,45,27.6,45.0,0.3863,moderate,2844.9,open,
peak_hour,2026-08-27 18:30:00,3612575589_2178003481_0,3612575589,2178003481,0,trunk,283.9,214.93,83,33.1,60.0,0.4478,moderate,7121.5,open,
sudden_congestion,2026-08-27 15:00:00,306609610_2858365830_0,306609610,2858365830,0,secondary,25.9,65.44,2,28.2,38.0,0.259,low,1842.6,open,
heavy_congestion,2026-08-27 18:30:00,2410864165_2714061155_0,2410864165,2714061155,0,secondary,43.6,208.03,12,6.7,38.0,0.8234,severe,1395.7,open,
heavy_congestion,2026-08-27 18:30:00,3602320540_3174163934_0,3602320540,3174163934,0,primary,102.3,155.5,22,13.4,60.0,0.7775,severe,2076.0,open,
normal,2026-08-27 14:00:00,2852225800_2852226518_0,2852225800,2852226518,0,secondary,97.8,37.57,5,40.2,50.0,0.1957,low,1510.8,open,
heavy_congestion,2026-08-27 18:30:00,2800811254_2800811253_0,2800811254,2800811253,0,secondary,45.3,230.42,14,5.0,38.0,0.9121,severe,1152.1,open,
heavy_congestion,2026-08-27 18:30:00,353678185_2231949249_0,353678185,2231949249,0,secondary,127.7,163.45,28,13.4,38.0,0.647,heavy,2192.6,open,
accident,2026-08-27 17:30:00,2225281783_3598265171_0,2225281783,3598265171,0,secondary,75.5,202.49,21,7.5,38.0,0.8015,severe,1527.2,open,
road_closure,2026-08-27 16:00:00,3614503750_665149343_0,3614503750,665149343,0,secondary,1143.2,75.05,116,30.5,50.0,0.3909,moderate,2285.7,open,
peak_hour,2026-08-27 18:30:00,11564229702_3158978751_0,11564229702,3158978751,0,secondary,9.7,136.91,2,8.7,60.0,0.8557,severe,1185.7,open,
multiple_congested,2026-08-27 18:00:00,2728291610_2728291633_0,2728291610,2728291633,0,secondary,23.7,149.78,5,5.0,60.0,0.9361,severe,748.9,open,
clearing,2026-08-27 21:00:00,7607413813_7607523657_0,7607413813,7607523657,0,secondary,5.1,43.97,0,31.4,38.0,0.1741,low,1380.1,open,
normal,2026-08-27 14:00:00,13506248405_9971768805_0,13506248405,9971768805,0,primary,117.3,65.43,10,34.0,45.0,0.2454,low,2221.9,open,
clearing,2026-08-27 21:00:00,308943115_2234832598_0,308943115,2234832598,0,secondary,50.8,32.53,2,33.1,38.0,0.1288,low,1077.1,open,
sudden_congestion,2026-08-27 15:00:00,4189157787_2187029910_0,4189157787,2187029910,0,secondary,210.8,54.02,15,29.9,38.0,0.2138,low,1613.8,open,
accident,2026-08-27 17:30:00,1709116074_2852222605_0,1709116074,2852222605,0,primary,92.1,178.02,22,6.6,60.0,0.8901,severe,1174.1,open,
heavy_congestion,2026-08-27 18:30:00,7634417793_571166344_0,7634417793,571166344,0,secondary,1556.7,169.07,357,12.6,38.0,0.6692,heavy,2125.1,open,
sudden_congestion,2026-08-27 15:00:00,2697143991_12640454149_0,2697143991,12640454149,0,secondary,30.3,41.58,2,44.4,60.0,0.2599,low,1846.5,open,
multiple_congested,2026-08-27 18:00:00,7579426746_3614459871_0,7579426746,3614459871,0,secondary,18.3,159.69,4,14.0,38.0,0.6321,heavy,2232.4,open,
clearing,2026-08-27 21:00:00,10047125852_10047125851_0,10047125852,10047125851,0,secondary,43.2,28.23,2,33.8,38.0,0.1117,low,952.8,open,
road_closure,2026-08-27 16:00:00,11801747758_11801747756_0,11801747758,11801747756,0,secondary,8.9,79.29,1,26.1,38.0,0.3139,moderate,2067.4,open,
multiple_congested,2026-08-27 18:00:00,356345135_309713791_0,356345135,309713791,0,secondary,164.2,112.46,25,17.8,60.0,0.7029,severe,2004.9,open,
accident,2026-08-27 17:30:00,1748006174_6385189365_0,1748006174,6385189365,0,secondary,40.3,168.01,9,12.7,38.0,0.6651,heavy,2138.5,open,
accident,2026-08-27 17:30:00,2249841893_2249841880_0,2249841893,2249841880,0,secondary,41.7,155.76,9,14.6,38.0,0.6166,heavy,2269.6,open,
peak_hour,2026-08-27 18:30:00,12407585553_3618948331_0,12407585553,3618948331,0,secondary,26.6,89.54,3,26.4,60.0,0.5596,heavy,2365.9,open,
heavy_congestion,2026-08-27 18:30:00,13963981900_11947406662_0,13963981900,11947406662,0,primary,45.6,253.33,16,5.0,45.0,0.95,severe,1266.7,open,
normal,2026-08-27 14:00:00,7713097352_1752685118_0,7713097352,1752685118,0,trunk_link,44.6,60.53,4,29.9,35.0,0.1471,low,1806.8,open,
peak_hour,2026-08-27 18:30:00,2225281404_2225281469_0,2225281404,2225281469,0,secondary,69.9,169.12,16,12.6,38.0,0.6694,heavy,2124.4,open,
clearing,2026-08-27 21:00:00,11944838108_13638069712_0,11944838108,13638069712,0,secondary,1203.6,43.69,71,31.4,38.0,0.173,low,1373.2,open,
clearing,2026-08-27 21:00:00,5384728391_7646131081_0,5384728391,7646131081,0,secondary,38.6,34.06,2,32.9,38.0,0.1348,low,1119.7,open,
peak_hour,2026-08-27 18:30:00,1311325802_3670021569_0,1311325802,3670021569,0,secondary,98.6,72.97,10,15.7,40.0,0.6081,heavy,1144.0,open,
road_closure,2026-08-27 16:00:00,3221172145_2236750794_0,3221172145,2236750794,0,secondary_link,86.8,81.06,10,21.4,28.0,0.2364,low,1733.0,open,
road_closure,2026-08-27 16:00:00,3598254141_3598253792_0,3598254141,3598253792,0,secondary,95.3,72.88,9,27.0,38.0,0.2885,low,1970.4,open,
multiple_congested,2026-08-27 18:00:00,13848737988_10277626596_0,13848737988,10277626596,0,primary,147.1,190.0,38,5.0,60.0,0.95,severe,950.0,open,
road_closure,2026-08-27 16:00:00,306605298_3612552198_0,306605298,3612552198,0,secondary,58.7,64.65,5,28.3,38.0,0.2559,low,1828.1,open,
peak_hour,2026-08-27 18:30:00,308767052_3216902615_0,308767052,3216902615,0,primary,19.3,138.69,4,21.1,50.0,0.5779,heavy,2927.2,open,
peak_hour,2026-08-27 18:30:00,3618941415_13851802927_0,3618941415,13851802927,0,secondary,124.5,176.53,30,11.4,38.0,0.6988,heavy,2020.7,open,
peak_hour,2026-08-27 18:30:00,306598217_306598197_0,306598217,306598197,0,secondary,67.3,222.4,20,5.0,38.0,0.8804,severe,1112.0,open,
normal,2026-08-27 14:00:00,3598267697_11068322221_0,3598267697,11068322221,0,primary,38.9,50.73,3,44.8,60.0,0.2537,low,2271.8,open,
accident,2026-08-27 17:30:00,6443048939_11549188844_0,6443048939,11549188844,0,secondary,583.1,132.5,105,18.1,38.0,0.5245,heavy,2394.2,open,
accident,2026-08-27 17:30:00,4330817110_7687100571_0,4330817110,7687100571,0,secondary,519.8,199.09,140,8.1,38.0,0.7881,severe,1603.3,open,
peak_hour,2026-08-27 18:30:00,3612551137_2243961277_0,3612551137,2243961277,0,secondary,48.2,191.77,13,9.2,38.0,0.7591,severe,1755.5,open,
sudden_congestion,2026-08-27 15:00:00,11811093552_7702234114_0,11811093552,7702234114,0,trunk,437.4,50.77,30,47.3,60.0,0.2115,low,2401.6,open,
multiple_congested,2026-08-27 18:00:00,4314302992_2789805502_0,4314302992,2789805502,0,trunk,102.0,188.49,26,12.9,60.0,0.7854,severe,2427.4,open,
multiple_congested,2026-08-27 18:00:00,7546619681_7546622912_0,7546619681,7546622912,0,secondary,54.9,173.76,13,11.9,38.0,0.6878,heavy,2061.4,open,
road_closure,2026-08-27 16:00:00,307059957_11826843896_0,307059957,11826843896,0,primary,185.0,84.19,21,34.7,60.0,0.421,moderate,2925.0,open,
road_closure,2026-08-27 16:00:00,7142538114_7142538103_0,7142538114,7142538103,0,secondary,57.1,105.16,8,22.2,38.0,0.4163,moderate,2332.7,open,
road_closure,2026-08-27 16:00:00,2847561303_308532063_0,2847561303,308532063,0,secondary,26.8,81.95,3,25.7,38.0,0.3244,moderate,2103.9,open,
clearing,2026-08-27 21:00:00,571347725_3618935968_0,571347725,3618935968,0,primary,60.5,46.58,4,40.3,50.0,0.1941,low,1876.9,open,
sudden_congestion,2026-08-27 15:00:00,308783182_3170114034_0,308783182,3170114034,0,primary,8.3,60.95,1,41.7,60.0,0.3047,moderate,2542.5,open,
clearing,2026-08-27 21:00:00,12704197607_2240856544_0,12704197607,2240856544,0,trunk,5.4,30.72,0,52.3,60.0,0.128,low,1607.3,open,
sudden_congestion,2026-08-27 15:00:00,10992007296_7669404736_0,10992007296,7669404736,0,secondary,315.3,44.56,19,31.3,38.0,0.1764,low,1394.6,open,
multiple_congested,2026-08-27 18:00:00,2590217055_2590217046_0,2590217055,2590217046,0,secondary_link,10.2,192.49,3,12.3,28.0,0.5614,heavy,2363.8,open,
road_closure,2026-08-27 16:00:00,10211321814_2778849686_0,10211321814,2778849686,0,primary,80.2,90.03,10,33.0,60.0,0.4501,moderate,2970.2,open,
accident,2026-08-27 17:30:00,310444503_2854456239_0,310444503,2854456239,0,secondary,68.2,137.29,13,14.2,50.0,0.7151,severe,1956.0,open,
clearing,2026-08-27 21:00:00,2234501717_2234501715_0,2234501717,2234501715,0,secondary,10.9,42.89,1,31.5,38.0,0.1698,low,1353.0,open,
multiple_congested,2026-08-27 18:00:00,308614057_1271924409_0,308614057,1271924409,0,primary,71.4,158.85,15,12.3,60.0,0.7943,severe,1960.9,open,
accident,2026-08-27 17:30:00,7658763840_7658763837_0,7658763840,7658763837,0,primary,151.6,159.82,33,18.7,40.0,0.5327,heavy,2987.1,open,
sudden_congestion,2026-08-27 15:00:00,6390373716_2081227020_0,6390373716,2081227020,0,primary,24.0,36.71,1,49.0,60.0,0.1836,low,1798.4,open,
normal,2026-08-27 14:00:00,571180292_3518387755_0,571180292,3518387755,0,secondary,12.0,49.17,1,30.6,38.0,0.1946,low,1504.9,open,
heavy_congestion,2026-08-27 18:30:00,10384248283_1320760648_0,10384248283,1320760648,0,secondary,60.5,147.11,12,11.7,50.0,0.7662,severe,1719.7,open,
road_closure,2026-08-27 16:00:00,2859788053_11501962139_0,2859788053,11501962139,0,secondary,22.1,84.98,3,25.2,38.0,0.3364,moderate,2143.0,open,
normal,2026-08-27 14:00:00,665035575_7604438843_0,665035575,7604438843,0,primary,258.6,51.91,18,39.2,50.0,0.2163,low,2034.2,open,
peak_hour,2026-08-27 18:30:00,11569011255_11569011256_0,11569011255,11569011256,0,secondary_link,7.0,285.47,3,5.0,28.0,0.8326,severe,1427.4,open,
peak_hour,2026-08-27 18:30:00,12595273883_7680296887_0,12595273883,7680296887,0,secondary,373.7,125.54,64,12.9,60.0,0.7847,severe,1622.1,open,
accident,2026-08-27 17:30:00,11826881976_2730562484_0,11826881976,2730562484,0,trunk,18.1,116.18,3,31.0,60.0,0.4841,moderate,3596.4,open,
normal,2026-08-27 14:00:00,3789865855_3994766020_0,3789865855,3994766020,0,trunk,323.0,50.77,22,47.3,60.0,0.2115,low,2401.8,open,
heavy_congestion,2026-08-27 18:30:00,3614581231_307059951_0,3614581231,307059951,0,primary,27.5,164.93,6,10.5,60.0,0.8246,severe,1735.3,open,
sudden_congestion,2026-08-27 15:00:00,3598256793_7712429919_0,3598256793,7712429919,0,secondary,26.4,52.58,2,30.1,38.0,0.2081,low,1582.2,open,
clearing,2026-08-27 21:00:00,13961747389_2247607959_0,13961747389,2247607959,0,primary,75.0,29.67,3,51.1,60.0,0.1484,low,1516.2,open,
sudden_congestion,2026-08-27 15:00:00,4246608497_306621441_0,4246608497,306621441,0,secondary,65.2,56.17,5,29.6,38.0,0.2223,low,1659.8,open,
peak_hour,2026-08-27 18:30:00,2244766812_2240576782_0,2244766812,2240576782,0,secondary,476.2,150.02,97,15.4,38.0,0.5938,heavy,2315.5,open,
clearing,2026-08-27 21:00:00,2803146456_2803146471_0,2803146456,2803146471,0,secondary,60.7,45.43,4,31.2,38.0,0.1798,low,1415.8,open,
sudden_congestion,2026-08-27 15:00:00,3614459669_3614459620_0,3614459669,3614459620,0,secondary,40.6,46.1,3,31.1,38.0,0.1825,low,1432.0,open,
accident,2026-08-27 17:30:00,9732020557_9713126175_0,9732020557,9713126175,0,primary,118.0,164.51,26,10.6,60.0,0.8225,severe,1751.7,open,
sudden_congestion,2026-08-27 15:00:00,11434984612_4313322351_0,11434984612,4313322351,0,trunk,174.1,40.23,9,49.9,60.0,0.1676,low,2009.0,open,
heavy_congestion,2026-08-27 18:30:00,2249764898_2249764962_0,2249764898,2249764962,0,primary,169.2,180.53,41,5.8,60.0,0.9027,severe,1054.2,open,
accident,2026-08-27 17:30:00,11064183750_6150247777_0,11064183750,6150247777,0,primary,411.4,159.91,89,12.0,60.0,0.7996,severe,1923.2,open,
normal,2026-08-27 14:00:00,3614510953_4314632176_0,3614510953,4314632176,0,secondary,153.9,62.53,13,28.6,38.0,0.2475,low,1788.0,open,
peak_hour,2026-08-27 18:30:00,315072850_3598268491_0,315072850,3598268491,0,secondary,10.5,148.63,2,11.3,50.0,0.7741,severe,1678.7,open,
heavy_congestion,2026-08-27 18:30:00,2243962271_2243962326_0,2243962271,2243962326,0,secondary,42.4,208.87,12,6.6,38.0,0.8268,severe,1375.0,open,
sudden_congestion,2026-08-27 15:00:00,3598273090_644722303_0,3598273090,644722303,0,secondary,55.1,46.36,3,37.9,50.0,0.2414,low,1758.3,open,
peak_hour,2026-08-27 18:30:00,5613763159_5613763158_0,5613763159,5613763158,0,secondary_link,47.4,251.86,16,7.4,28.0,0.7346,severe,1871.7,open,
accident,2026-08-27 17:30:00,349267583_1323564048_0,349267583,1323564048,0,secondary,44.4,81.42,5,29.5,60.0,0.5089,heavy,2399.2,open,
clearing,2026-08-27 21:00:00,2852573270_7698359242_0,2852573270,7698359242,0,secondary,62.1,28.49,2,33.7,38.0,0.1128,low,960.5,open,
multiple_congested,2026-08-27 18:00:00,6150225982_1301947596_0,6150225982,1301947596,0,primary,91.5,122.15,15,23.4,60.0,0.6107,heavy,2852.9,open,
peak_hour,2026-08-27 18:30:00,12311289882_4130054101_0,12311289882,4130054101,0,secondary,1184.1,188.82,303,9.6,38.0,0.7474,severe,1812.3,open,
clearing,2026-08-27 21:00:00,3602411305_11462430205_0,3602411305,11462430205,0,trunk,225.5,28.09,9,53.0,60.0,0.1171,low,1488.3,open,
normal,2026-08-27 14:00:00,306612755_11946853645_0,306612755,11946853645,0,secondary,20.3,42.89,1,31.5,38.0,0.1698,low,1353.1,open,
sudden_congestion,2026-08-27 15:00:00,6150215419_14019774831_0,6150215419,14019774831,0,trunk,195.6,42.73,11,49.3,60.0,0.1781,low,2107.5,open,
heavy_congestion,2026-08-27 18:30:00,1779546117_3598258128_0,1779546117,3598258128,0,primary,48.0,160.15,10,12.0,60.0,0.8008,severe,1914.4,open,
accident,2026-08-27 17:30:00,3614578240_3614578192_0,3614578240,3614578192,0,secondary,43.1,114.91,7,20.7,38.0,0.4549,moderate,2380.4,open,
peak_hour,2026-08-27 18:30:00,8630789190_8630789192_0,8630789190,8630789192,0,secondary,23.1,185.22,6,10.1,38.0,0.7332,severe,1878.0,open,
normal,2026-08-27 14:00:00,11462430179_11462430176_0,11462430179,11462430176,0,trunk,948.8,41.94,54,49.5,60.0,0.1747,low,2076.5,open,
heavy_congestion,2026-08-27 18:30:00,14091869120_13817857718_0,14091869120,13817857718,0,secondary,16.4,195.52,4,8.6,38.0,0.7739,severe,1679.6,open,
normal,2026-08-27 14:00:00,11539602701_11539602694_0,11539602701,11539602694,0,trunk,33.9,34.03,2,51.5,60.0,0.1418,low,1752.4,open,
road_closure,2026-08-27 16:00:00,2082939743_2082939810_0,2082939743,2082939810,0,motorway_link,792.8,66.37,71,39.6,50.0,0.2074,low,2630.1,open,
normal,2026-08-27 14:00:00,2822549011_315074134_0,2822549011,315074134,0,secondary,41.3,104.92,6,15.6,20.0,0.2186,low,1639.7,open,
peak_hour,2026-08-27 18:30:00,4196504402_4196504399_0,4196504402,4196504399,0,secondary,28.8,87.08,3,11.0,40.0,0.7256,severe,955.6,open,
accident,2026-08-27 17:30:00,10185163504_2886936213_0,10185163504,2886936213,0,secondary,39.5,130.49,7,18.4,38.0,0.5165,heavy,2397.4,open,
sudden_congestion,2026-08-27 15:00:00,7565395826_3554692868_0,7565395826,3554692868,0,secondary,919.9,48.97,61,30.6,38.0,0.1938,low,1500.1,open,
peak_hour,2026-08-27 18:30:00,306598201_306598200_0,306598201,306598200,0,primary,48.4,228.0,15,5.0,50.0,0.95,severe,1140.0,open,
multiple_congested,2026-08-27 18:00:00,10228413363_768007874_0,10228413363,768007874,0,primary,124.5,185.85,31,13.6,45.0,0.6969,heavy,2534.7,open,
heavy_congestion,2026-08-27 18:30:00,13111789124_13111789125_0,13111789124,13111789125,0,primary_link,8.3,368.24,4,5.0,30.0,0.9206,severe,1841.2,open,
heavy_congestion,2026-08-27 18:30:00,4189410452_10279727277_0,4189410452,10279727277,0,secondary,324.3,240.0,105,5.0,38.0,0.95,severe,1200.0,open,
accident,2026-08-27 17:30:00,3706807512_2089831565_0,3706807512,2089831565,0,primary,123.6,147.34,25,15.8,60.0,0.7367,severe,2327.8,open,
normal,2026-08-27 14:00:00,2802822402_3663311208_0,2802822402,3663311208,0,trunk,118.9,42.07,7,49.5,60.0,0.1753,low,2081.5,open,
clearing,2026-08-27 21:00:00,11166496418_13408257103_0,11166496418,13408257103,0,secondary,53.2,26.93,2,33.9,38.0,0.1066,low,914.3,open,
peak_hour,2026-08-27 18:30:00,2586710523_3598399495_0,2586710523,3598399495,0,trunk,125.9,159.37,27,20.2,60.0,0.664,heavy,3212.5,open,
accident,2026-08-27 17:30:00,2243962056_2243962221_0,2243962056,2243962221,0,secondary,68.5,202.54,19,7.5,38.0,0.8017,severe,1526.0,open,
sudden_congestion,2026-08-27 15:00:00,11971300651_10228413363_0,11971300651,10228413363,0,primary,317.7,57.36,25,35.3,45.0,0.2151,low,2025.9,open,
multiple_congested,2026-08-27 18:00:00,662733685_2590255479_0,662733685,2590255479,0,secondary,339.1,232.48,107,5.0,38.0,0.9202,severe,1162.4,open,
sudden_congestion,2026-08-27 15:00:00,1210840814_1210840115_0,1210840814,1210840115,0,secondary,20.6,44.76,1,38.3,50.0,0.2331,low,1716.2,open,
road_closure,2026-08-27 16:00:00,2241237844_2236749294_0,2241237844,2236749294,0,primary,106.4,121.19,17,24.5,45.0,0.4545,moderate,2975.1,open,
accident,2026-08-27 17:30:00,571349609_2686451332_0,571349609,2686451332,0,secondary,128.5,194.14,34,8.8,38.0,0.7685,severe,1708.0,open,
multiple_congested,2026-08-27 18:00:00,6151749752_2101691347_0,6151749752,2101691347,0,secondary,108.2,106.46,16,20.1,60.0,0.6654,heavy,2137.4,open,
normal,2026-08-27 14:00:00,7602557230_7601883687_0,7602557230,7601883687,0,trunk,3.9,47.57,0,48.1,60.0,0.1982,low,2288.3,open,
clearing,2026-08-27 21:00:00,2570397640_2570397675_0,2570397640,2570397675,0,secondary,171.3,24.0,6,51.0,60.0,0.15,low,1223.8,open,
heavy_congestion,2026-08-27 18:30:00,2730522795_2730522776_0,2730522795,2730522776,0,trunk,42.3,150.82,9,23.8,50.0,0.5237,heavy,3591.9,open,
clearing,2026-08-27 21:00:00,3602306429_352754299_0,3602306429,352754299,0,secondary,51.7,34.58,2,32.8,38.0,0.1369,low,1134.2,open,
accident,2026-08-27 17:30:00,1428893806_1428893815_0,1428893806,1428893815,0,secondary,68.5,138.4,13,17.2,38.0,0.5479,heavy,2378.0,open,
accident,2026-08-27 17:30:00,6308390067_6308390570_0,6308390067,6308390570,0,secondary,130.3,196.41,35,8.5,38.0,0.7775,severe,1661.0,open,
multiple_congested,2026-08-27 18:00:00,4182608474_4182608480_0,4182608474,4182608480,0,secondary,46.9,161.5,10,13.7,38.0,0.6393,heavy,2213.7,open,
sudden_congestion,2026-08-27 15:00:00,2247607945_2249584143_0,2247607945,2249584143,0,secondary,6.1,64.95,1,28.2,38.0,0.2571,low,1833.5,open,
multiple_congested,2026-08-27 18:00:00,3612551629_11572081719_0,3612551629,11572081719,0,secondary,35.2,149.06,7,15.6,38.0,0.59,heavy,2322.2,open,
clearing,2026-08-27 21:00:00,2403853072_3204342794_0,2403853072,3204342794,0,secondary,7.1,31.94,0,33.2,38.0,0.1264,low,1060.3,open,
accident,2026-08-27 17:30:00,11179144185_11179144186_0,11179144185,11179144186,0,motorway,836.4,81.02,92,83.5,120.0,0.3038,moderate,6768.4,open,
road_closure,2026-08-27 16:00:00,571180308_7652489212_0,571180308,7652489212,0,secondary,367.6,101.21,50,22.8,38.0,0.4006,moderate,2305.2,open,
accident,2026-08-27 17:30:00,5458722462_7013309438_0,5458722462,7013309438,0,secondary,18.3,104.01,3,21.0,60.0,0.65,heavy,2183.9,open,
clearing,2026-08-27 21:00:00,3612567266_3612567539_0,3612567266,3612567539,0,secondary,67.6,38.18,3,32.3,38.0,0.1511,low,1231.7,open,
heavy_congestion,2026-08-27 18:30:00,2232097939_1753608438_0,2232097939,1753608438,0,primary,65.3,243.38,22,11.3,60.0,0.8113,severe,2756.1,open,
road_closure,2026-08-27 16:00:00,3614462672_7687628470_0,3614462672,7687628470,0,secondary,39.1,60.18,3,28.9,38.0,0.2382,low,1742.0,open,
heavy_congestion,2026-08-27 18:30:00,11903076296_3618947983_0,11903076296,3618947983,0,secondary,40.4,240.0,13,5.0,38.0,0.95,severe,1200.0,open,
sudden_congestion,2026-08-27 15:00:00,7648586558_2236575799_0,7648586558,2236575799,0,secondary,890.5,68.09,82,27.8,38.0,0.2695,low,1890.1,open,
peak_hour,2026-08-27 18:30:00,2730562479_306609518_0,2730562479,306609518,0,trunk,153.1,124.86,26,28.8,60.0,0.5203,heavy,3594.1,open,
peak_hour,2026-08-27 18:30:00,7682662003_7682662008_0,7682662003,7682662008,0,secondary,84.7,105.69,12,20.4,60.0,0.6606,heavy,2152.4,open,
clearing,2026-08-27 21:00:00,3598267033_6559242028_0,3598267033,6559242028,0,trunk,123.2,28.29,5,52.9,60.0,0.1179,low,1497.4,open,
normal,2026-08-27 14:00:00,3602486407_4333125462_0,3602486407,4333125462,0,secondary,77.0,39.47,4,32.1,38.0,0.1562,low,1265.6,open,
multiple_congested,2026-08-27 18:00:00,7697953830_12725276823_0,7697953830,12725276823,0,secondary,35.9,207.68,10,6.8,38.0,0.8221,severe,1404.2,open,
peak_hour,2026-08-27 18:30:00,7597307640_3975435480_0,7597307640,3975435480,0,secondary,69.5,150.72,14,15.3,38.0,0.5966,heavy,2310.4,open,
clearing,2026-08-27 21:00:00,2180951764_6152711293_0,2180951764,6152711293,0,motorway,2289.6,26.56,82,108.0,120.0,0.0996,low,2870.2,open,
multiple_congested,2026-08-27 18:00:00,3602310495_3148659865_0,3602310495,3148659865,0,primary,69.2,233.55,22,13.3,60.0,0.7785,severe,3103.9,open,
peak_hour,2026-08-27 18:30:00,3579900534_2188495335_0,3579900534,2188495335,0,secondary,171.7,188.28,44,9.7,38.0,0.7453,severe,1822.5,open,
sudden_congestion,2026-08-27 15:00:00,11530002826_11068235037_0,11530002826,11068235037,0,secondary,404.5,69.27,38,27.6,38.0,0.2742,low,1910.4,open,
multiple_congested,2026-08-27 18:00:00,2234832732_2234498783_0,2234832732,2234498783,0,secondary,22.8,215.13,7,5.6,38.0,0.8516,severe,1213.5,open,
sudden_congestion,2026-08-27 15:00:00,667238310_7695123607_0,667238310,7695123607,0,secondary,5.6,66.67,1,28.0,38.0,0.2639,low,1864.8,open,
heavy_congestion,2026-08-27 18:30:00,2222308761_2222308917_0,2222308761,2222308917,0,secondary,85.3,216.37,25,5.5,38.0,0.8565,severe,1180.0,open,
multiple_congested,2026-08-27 18:00:00,2785085485_4269692106_0,2785085485,4269692106,0,secondary,70.8,195.55,19,8.6,38.0,0.774,severe,1679.0,open,
accident,2026-08-27 17:30:00,3147189450_3147189446_0,3147189450,3147189446,0,secondary,156.1,187.24,40,9.8,38.0,0.7412,severe,1841.6,open,
sudden_congestion,2026-08-27 15:00:00,7830608823_7830608817_0,7830608823,7830608817,0,trunk,495.3,43.07,29,49.2,60.0,0.1795,low,2120.4,open,
clearing,2026-08-27 21:00:00,7840893960_7840893959_0,7840893960,7840893959,0,trunk,119.4,30.8,5,52.3,60.0,0.1283,low,1610.8,open,
sudden_congestion,2026-08-27 15:00:00,7687283528_6150844838_0,7687283528,6150844838,0,trunk_link,46.7,84.48,5,27.8,35.0,0.2053,low,2349.6,open,
sudden_congestion,2026-08-27 15:00:00,4189231982_7607533396_0,4189231982,7607533396,0,secondary,42.6,59.51,3,29.0,38.0,0.2356,low,1728.6,open,
accident,2026-08-27 17:30:00,4196578707_2234956481_0,4196578707,2234956481,0,secondary,87.0,86.38,10,11.2,40.0,0.7198,severe,968.1,open,
accident,2026-08-27 17:30:00,11811152879_10047125835_0,11811152879,10047125835,0,secondary,27.8,169.64,6,12.5,38.0,0.6715,heavy,2117.7,open,
clearing,2026-08-27 21:00:00,11539548064_11539548067_0,11539548064,11539548067,0,primary,33.1,24.98,1,52.5,60.0,0.1249,low,1311.8,open,
road_closure,2026-08-27 16:00:00,3159073209_8111187931_0,3159073209,8111187931,0,secondary,226.2,62.52,19,36.6,60.0,0.3907,moderate,2285.4,open,
clearing,2026-08-27 21:00:00,7702786431_7702786428_0,7702786431,7702786428,0,secondary,4.6,25.64,0,43.3,50.0,0.1336,low,1110.9,open,
clearing,2026-08-27 21:00:00,5483692424_5483692457_0,5483692424,5483692457,0,secondary,140.2,37.81,7,32.3,38.0,0.1497,low,1221.8,open,
peak_hour,2026-08-27 18:30:00,11033856663_3612565726_0,11033856663,3612565726,0,secondary,157.5,129.81,28,11.3,60.0,0.8113,severe,1469.8,open,
heavy_congestion,2026-08-27 18:30:00,3602485857_3602485680_0,3602485857,3602485680,0,secondary_link,82.2,286.75,32,5.0,28.0,0.8364,severe,1433.8,open,
heavy_congestion,2026-08-27 18:30:00,308576684_2730859855_0,308576684,2730859855,0,secondary,45.8,162.53,10,13.6,38.0,0.6433,heavy,2202.8,open,
clearing,2026-08-27 21:00:00,11947732809_2763929288_0,11947732809,2763929288,0,secondary,68.2,28.54,3,49.3,60.0,0.1784,low,1407.0,open,
multiple_congested,2026-08-27 18:00:00,308528080_6443370154_0,308528080,6443370154,0,trunk,98.0,227.93,30,22.0,60.0,0.6331,heavy,5017.2,open,
normal,2026-08-27 14:00:00,11947042645_11946730481_0,11947042645,11946730481,0,trunk_link,25.2,75.93,3,28.5,35.0,0.1846,low,2167.1,open,
sudden_congestion,2026-08-27 15:00:00,3648915521_2408313654_0,3648915521,2408313654,0,primary,1334.2,46.96,85,37.1,45.0,0.1761,low,1741.1,open,
sudden_congestion,2026-08-27 15:00:00,3614510201_665035553_0,3614510201,665035553,0,primary,358.7,60.57,29,37.4,50.0,0.2524,low,2264.3,open,
accident,2026-08-27 17:30:00,4206413815_3614580375_0,4206413815,3614580375,0,secondary,55.1,143.94,11,16.3,38.0,0.5698,heavy,2353.3,open,
multiple_congested,2026-08-27 18:00:00,3164238259_3164238267_0,3164238259,3164238267,0,trunk,185.3,187.32,47,13.2,60.0,0.7805,severe,2467.0,open,
peak_hour,2026-08-27 18:30:00,4342385929_11524378789_0,4342385929,11524378789,0,primary,305.9,133.74,55,19.9,60.0,0.6687,heavy,2658.4,open,
heavy_congestion,2026-08-27 18:30:00,13111848386_5230130717_0,13111848386,5230130717,0,secondary,24.9,202.36,7,7.6,38.0,0.801,severe,1530.1,open,
clearing,2026-08-27 21:00:00,4314601151_4314601156_0,4314601151,4314601156,0,secondary,615.5,41.32,34,31.8,38.0,0.1636,low,1313.3,open,
clearing,2026-08-27 21:00:00,7682237578_7682042548_0,7682237578,7682042548,0,secondary,1019.5,28.74,40,33.7,38.0,0.1138,low,967.9,open,
multiple_congested,2026-08-27 18:00:00,11530209266_7721459188_0,11530209266,7721459188,0,primary,196.0,210.72,56,9.4,45.0,0.7902,severe,1989.5,open,
normal,2026-08-27 14:00:00,11066887142_306609628_0,11066887142,306609628,0,secondary,27.9,36.87,1,32.5,38.0,0.1459,low,1196.6,open,
multiple_congested,2026-08-27 18:00:00,3602300021_11801708672_0,3602300021,11801708672,0,secondary,23.0,198.96,6,8.1,38.0,0.7876,severe,1606.2,open,
clearing,2026-08-27 21:00:00,2509297677_12325323684_0,2509297677,12325323684,0,primary,19.4,30.51,1,50.8,60.0,0.1525,low,1551.2,open,
peak_hour,2026-08-27 18:30:00,11972017024_2234668813_0,11972017024,2234668813,0,secondary,153.3,79.08,16,13.6,40.0,0.659,heavy,1078.7,open,
accident,2026-08-27 17:30:00,1752681340_1752681341_0,1752681340,1752681341,0,trunk,282.5,156.23,60,34.0,60.0,0.434,moderate,5305.8,open,
peak_hour,2026-08-27 18:30:00,2795871954_2795871999_0,2795871954,2795871999,0,primary,37.7,217.16,11,5.0,50.0,0.9048,severe,1085.8,open,
road_closure,2026-08-27 16:00:00,11539908382_6372002072_0,11539908382,6372002072,0,secondary,10.3,53.98,1,39.8,60.0,0.3374,moderate,2146.2,open,
clearing,2026-08-27 21:00:00,1598106998_11925634098_0,1598106998,11925634098,0,primary_link,16.1,64.74,1,25.1,30.0,0.1619,low,1627.9,open,
road_closure,2026-08-27 16:00:00,2231949661_4206859971_0,2231949661,4206859971,0,primary,25.5,60.48,2,41.9,60.0,0.3024,moderate,2531.4,open,
peak_hour,2026-08-27 18:30:00,4193153671_11357994023_0,4193153671,11357994023,0,secondary,36.3,195.51,10,8.6,38.0,0.7739,severe,1679.8,open,
normal,2026-08-27 14:00:00,7726284422_7726284420_0,7726284422,7726284420,0,secondary,38.5,62.7,3,28.6,38.0,0.2482,low,1791.3,open,
sudden_congestion,2026-08-27 15:00:00,4176021000_11818172411_0,4176021000,11818172411,0,primary_link,18.0,117.13,3,21.2,30.0,0.2928,low,2484.9,open,
clearing,2026-08-27 21:00:00,12830153561_11152335591_0,12830153561,11152335591,0,primary,166.7,39.47,9,38.3,45.0,0.148,low,1513.3,open,
accident,2026-08-27 17:30:00,12830153579_3164005657_0,12830153579,3164005657,0,primary,154.6,205.5,43,10.3,45.0,0.7706,severe,2121.1,open,
multiple_congested,2026-08-27 18:00:00,12800085285_12800085286_0,12800085285,12800085286,0,secondary_link,6.2,289.39,2,5.0,28.0,0.8441,severe,1447.0,open,
sudden_congestion,2026-08-27 15:00:00,3164043321_349267519_0,3164043321,349267519,0,primary,48.2,88.54,6,42.3,60.0,0.2951,low,3744.5,open,
road_closure,2026-08-27 16:00:00,7115939351_3618936884_0,7115939351,3618936884,0,secondary,796.8,64.89,70,28.2,38.0,0.2569,low,1832.5,open,
sudden_congestion,2026-08-27 15:00:00,3602491727_7701078340_0,3602491727,7701078340,0,secondary,363.6,28.22,14,49.4,60.0,0.1764,low,1394.5,open,
peak_hour,2026-08-27 18:30:00,2237525022_3547284260_0,2237525022,3547284260,0,secondary,12.7,183.16,3,10.5,38.0,0.725,severe,1914.0,open,
normal,2026-08-27 14:00:00,2185099462_3171606017_0,2185099462,3171606017,0,primary,13.0,45.23,1,46.4,60.0,0.2261,low,2100.0,open,
accident,2026-08-27 17:30:00,7579290951_7579415809_0,7579290951,7579415809,0,secondary,51.2,131.22,9,18.3,38.0,0.5194,heavy,2396.4,open,
clearing,2026-08-27 21:00:00,2222305334_3598265429_0,2222305334,3598265429,0,secondary,134.9,39.65,7,32.0,38.0,0.157,low,1270.3,open,
sudden_congestion,2026-08-27 15:00:00,1339439674_1339439562_0,1339439674,1339439562,0,primary,53.9,47.38,3,45.8,60.0,0.2369,low,2169.3,open,
peak_hour,2026-08-27 18:30:00,3602300155_12399890821_0,3602300155,12399890821,0,secondary,149.7,227.34,46,5.0,38.0,0.8999,severe,1136.7,open,
sudden_congestion,2026-08-27 15:00:00,3550346618_11875888312_0,3550346618,11875888312,0,secondary,29.7,58.33,2,29.2,38.0,0.2309,low,1704.7,open,
peak_hour,2026-08-27 18:30:00,1891028108_289519025_0,1891028108,289519025,0,primary,28.9,161.4,6,11.6,60.0,0.807,severe,1869.2,open,
clearing,2026-08-27 21:00:00,3216905838_6518797231_0,3216905838,6518797231,0,primary,258.6,27.56,10,51.7,60.0,0.1378,low,1425.9,open,
accident,2026-08-27 17:30:00,2795965024_7565154318_0,2795965024,7565154318,0,secondary,61.7,133.53,11,15.2,50.0,0.6955,heavy,2033.1,open,
clearing,2026-08-27 21:00:00,352754375_1748857051_0,352754375,1748857051,0,secondary,86.2,39.69,5,32.0,38.0,0.1571,low,1271.4,open,
road_closure,2026-08-27 16:00:00,3612559042_308531996_0,3612559042,308531996,0,secondary,37.5,55.69,3,35.5,50.0,0.2901,low,1976.9,open,
multiple_congested,2026-08-27 18:00:00,7544868666_571165848_0,7544868666,571165848,0,primary,150.3,224.03,46,7.2,45.0,0.8401,severe,1612.0,open,
heavy_congestion,2026-08-27 18:30:00,10185184841_10185184836_0,10185184841,10185184836,0,secondary,55.8,205.01,15,7.2,38.0,0.8115,severe,1468.5,open,
road_closure,2026-08-27 16:00:00,4322167200_4322167194_0,4322167200,4322167194,0,secondary,35.4,80.63,4,25.9,38.0,0.3191,moderate,2086.0,open,
road_closure,2026-08-27 16:00:00,3598268657_3598268616_0,3598268657,3598268616,0,primary,31.7,101.91,4,39.6,60.0,0.3397,moderate,4037.4,open,
accident,2026-08-27 17:30:00,7646131082_7646131079_0,7646131082,7646131079,0,secondary,27.3,126.57,5,19.0,38.0,0.501,heavy,2400.0,open,
clearing,2026-08-27 21:00:00,660551996_7576670619_0,660551996,7576670619,0,secondary,81.1,35.99,4,32.6,38.0,0.1425,low,1172.9,open,
peak_hour,2026-08-27 18:30:00,3618943986_1055916816_0,3618943986,1055916816,0,secondary,682.5,137.19,127,17.4,38.0,0.543,heavy,2382.2,open,
heavy_congestion,2026-08-27 18:30:00,4328527336_11856867907_0,4328527336,11856867907,0,secondary,48.5,240.0,16,5.0,38.0,0.95,severe,1200.0,open,
clearing,2026-08-27 21:00:00,2852573110_2852573121_0,2852573110,2852573121,0,secondary,42.3,36.71,2,32.5,38.0,0.1453,low,1192.3,open,
clearing,2026-08-27 21:00:00,2180952040_2180951877_0,2180952040,2180951877,0,motorway,933.3,26.38,33,108.1,120.0,0.0989,low,2852.8,open,
multiple_congested,2026-08-27 18:00:00,2225436217_2225436172_0,2225436217,2225436172,0,secondary,60.9,154.09,13,14.8,38.0,0.6099,heavy,2283.9,open,
multiple_congested,2026-08-27 18:00:00,3598258748_4275283724_0,3598258748,4275283724,0,secondary,91.3,145.55,18,16.1,38.0,0.5761,heavy,2344.4,open,
heavy_congestion,2026-08-27 18:30:00,10705026550_1754236151_0,10705026550,1754236151,0,trunk,19.6,202.33,5,9.4,60.0,0.8431,severe,1905.3,open,
clearing,2026-08-27 21:00:00,2245834736_3612549403_0,2245834736,3612549403,0,secondary,67.8,42.18,4,31.7,38.0,0.167,low,1335.2,open,
heavy_congestion,2026-08-27 18:30:00,12383798832_11893099699_0,12383798832,11893099699,0,secondary,60.9,216.97,18,5.4,38.0,0.8588,severe,1164.0,open,
normal,2026-08-27 14:00:00,364666882_364666868_0,364666882,364666868,0,secondary,169.1,47.29,11,37.7,50.0,0.2463,low,1782.0,open,
heavy_congestion,2026-08-27 18:30:00,11982388792_11982388791_0,11982388792,11982388791,0,secondary_link,7.3,255.74,3,7.1,28.0,0.7459,severe,1819.5,open,
sudden_congestion,2026-08-27 15:00:00,2178294887_2178294807_0,2178294887,2178294807,0,trunk,20.7,45.63,1,48.6,60.0,0.1901,low,2217.5,open,
multiple_congested,2026-08-27 18:00:00,5215947493_3532605988_0,5215947493,3532605988,0,secondary,53.6,156.16,11,14.5,38.0,0.6181,heavy,2266.0,open,
accident,2026-08-27 17:30:00,13381234540_13381234541_0,13381234540,13381234541,0,secondary_link,9.7,164.53,2,14.6,28.0,0.4799,moderate,2396.1,open,
clearing,2026-08-27 21:00:00,4308788526_11179144186_0,4308788526,11179144186,0,motorway_link,385.3,44.0,23,43.1,50.0,0.1375,low,1897.5,open,
normal,2026-08-27 14:00:00,7010525807_7010525803_0,7010525807,7010525803,0,secondary_link,26.7,54.91,2,23.5,28.0,0.1602,low,1291.3,open,
sudden_congestion,2026-08-27 15:00:00,3612549829_2790072965_0,3612549829,2790072965,0,secondary,5.3,47.84,0,30.8,38.0,0.1894,low,1473.7,open,
accident,2026-08-27 17:30:00,6149152932_3579914817_0,6149152932,3579914817,0,primary_link,25.5,292.74,10,8.0,30.0,0.7318,severe,2355.0,open,
road_closure,2026-08-27 16:00:00,2178010195_722232012_0,2178010195,722232012,0,secondary,80.4,59.33,6,37.8,60.0,0.3708,moderate,2239.8,open,
peak_hour,2026-08-27 18:30:00,3784146874_5646141265_0,3784146874,5646141265,0,secondary,461.1,204.22,128,7.3,38.0,0.8084,severe,1487.2,open,
accident,2026-08-27 17:30:00,7128284800_12702151730_0,7128284800,12702151730,0,secondary,11.7,145.25,2,16.2,38.0,0.575,heavy,2346.1,open,
road_closure,2026-08-27 16:00:00,7015846092_7015846120_0,7015846092,7015846120,0,secondary,192.6,54.38,14,39.6,60.0,0.3399,moderate,2153.9,open,
normal,2026-08-27 14:00:00,662739299_2852317295_0,662739299,2852317295,0,primary,254.6,50.53,17,44.8,60.0,0.2527,low,2265.9,open,
road_closure,2026-08-27 16:00:00,2590225186_7699346582_0,2590225186,7699346582,0,secondary,54.3,88.58,7,24.7,38.0,0.3506,moderate,2185.9,open,
normal,2026-08-27 14:00:00,3157345099_3671594577_0,3157345099,3671594577,0,primary,69.3,42.34,4,47.3,60.0,0.2117,low,2002.6,open,
heavy_congestion,2026-08-27 18:30:00,13380606298_12254690630_0,13380606298,12254690630,0,secondary,185.6,152.0,38,5.0,60.0,0.95,severe,760.0,open,
clearing,2026-08-27 21:00:00,3820619146_3820619145_0,3820619146,3820619145,0,primary,237.4,25.93,8,52.2,60.0,0.1297,low,1354.1,open,
multiple_congested,2026-08-27 18:00:00,3215263681_7679830333_0,3215263681,7679830333,0,secondary,10.1,204.45,3,7.2,38.0,0.8093,severe,1481.6,open,
heavy_congestion,2026-08-27 18:30:00,9569955898_9569955893_0,9569955898,9569955893,0,secondary_link,11.3,297.0,5,5.0,28.0,0.8663,severe,1485.0,open,
accident,2026-08-27 17:30:00,2968385218_3446166935_0,2968385218,3446166935,0,primary,37.6,143.61,7,16.9,60.0,0.7181,severe,2429.4,open,
road_closure,2026-08-27 16:00:00,7419152287_2441127676_0,7419152287,2441127676,0,secondary,371.1,83.4,42,25.5,38.0,0.3301,moderate,2123.0,open,
multiple_congested,2026-08-27 18:00:00,3618938671_4184916030_0,3618938671,4184916030,0,secondary,48.1,205.66,13,7.1,38.0,0.8141,severe,1453.1,open,
accident,2026-08-27 17:30:00,2780888281_11944869557_0,2780888281,11944869557,0,primary,426.0,113.59,66,25.9,60.0,0.5679,heavy,2944.6,open,
clearing,2026-08-27 21:00:00,2886936222_2886928843_0,2886936222,2886928843,0,secondary,61.3,45.99,4,31.1,38.0,0.1821,low,1429.5,open,
peak_hour,2026-08-27 18:30:00,3229462600_3229462607_0,3229462600,3229462607,0,primary,385.1,195.69,102,12.0,45.0,0.7338,severe,2343.8,open,
normal,2026-08-27 14:00:00,6149312372_3994766020_0,6149312372,3994766020,0,secondary,9.1,42.16,1,31.7,38.0,0.1669,low,1334.7,open,
accident,2026-08-27 17:30:00,7681033292_7681033322_0,7681033292,7681033322,0,secondary_link,42.2,158.23,9,15.1,28.0,0.4615,moderate,2385.8,open,
clearing,2026-08-27 21:00:00,10108052290_11038576698_0,10108052290,11038576698,0,primary,9.4,34.96,0,39.1,45.0,0.1311,low,1366.9,open,
normal,2026-08-27 14:00:00,3614507770_11893315258_0,3614507770,11893315258,0,secondary,210.8,43.41,12,38.7,50.0,0.2261,low,1679.8,open,
road_closure,2026-08-27 16:00:00,5433296927_5430979876_0,5433296927,5430979876,0,trunk,27.0,76.28,3,40.9,60.0,0.3178,moderate,3122.1,open,
clearing,2026-08-27 21:00:00,7691133248_2586710538_0,7691133248,2586710538,0,trunk,154.2,34.83,7,51.3,60.0,0.1451,low,1786.4,open,
road_closure,2026-08-27 16:00:00,1318414089_1318414085_0,1318414089,1318414085,0,secondary,12.3,88.68,1,24.7,38.0,0.351,moderate,2187.0,open,
multiple_congested,2026-08-27 18:00:00,307059973_2089831607_0,307059973,2089831607,0,primary,21.9,203.74,6,10.6,45.0,0.764,severe,2163.5,open,
road_closure,2026-08-27 16:00:00,665149343_663126896_0,665149343,663126896,0,primary,575.6,68.19,53,35.8,50.0,0.2841,low,2440.7,open,
normal,2026-08-27 14:00:00,312810220_306605315_0,312810220,306605315,0,secondary,47.2,49.75,3,30.5,38.0,0.1969,low,1518.2,open,
heavy_congestion,2026-08-27 18:30:00,2800811546_3602488017_0,2800811546,3602488017,0,secondary,32.3,240.0,11,5.0,38.0,0.95,severe,1200.0,open,
road_closure,2026-08-27 16:00:00,2590251093_2590400296_0,2590251093,2590400296,0,secondary,116.8,77.29,12,26.4,38.0,0.3059,moderate,2038.5,open,
normal,2026-08-27 14:00:00,1404725250_2460248886_0,1404725250,2460248886,0,primary,41.1,91.04,5,46.3,60.0,0.2276,low,4219.1,open,
normal,2026-08-27 14:00:00,2246016917_7712584129_0,2246016917,7712584129,0,secondary,4.1,37.95,0,32.3,38.0,0.1502,low,1225.5,open,
heavy_congestion,2026-08-27 18:30:00,4188771229_2417512718_0,4188771229,2417512718,0,secondary,53.3,239.15,17,5.0,38.0,0.9466,severe,1195.7,open,
heavy_congestion,2026-08-27 18:30:00,11045747357_11881153200_0,11045747357,11881153200,0,secondary,179.0,211.37,51,6.2,38.0,0.8367,severe,1311.8,open,
road_closure,2026-08-27 16:00:00,11991965697_11991965698_0,11991965697,11991965698,0,trunk_link,16.0,104.57,2,26.1,35.0,0.2542,low,2729.7,open,
road_closure,2026-08-27 16:00:00,11539912276_3598267881_0,11539912276,3598267881,0,primary,245.8,72.76,24,38.2,60.0,0.3638,moderate,2777.4,open,
accident,2026-08-27 17:30:00,7015846114_10757982965_0,7015846114,10757982965,0,secondary,57.1,119.5,9,15.2,60.0,0.7469,severe,1814.8,open,
peak_hour,2026-08-27 18:30:00,4314601841_2187030648_0,4314601841,2187030648,0,motorway_link,357.4,149.81,73,26.6,50.0,0.4682,moderate,3983.8,open,
multiple_congested,2026-08-27 18:00:00,2734152113_3648968965_0,2734152113,3648968965,0,trunk,605.7,186.36,153,13.4,60.0,0.7765,severe,2498.9,open,
sudden_congestion,2026-08-27 15:00:00,8942027994_8942027993_0,8942027994,8942027993,0,secondary,18.6,36.64,1,46.3,60.0,0.229,low,1694.9,open,
multiple_congested,2026-08-27 18:00:00,3164043338_7013425665_0,3164043338,7013425665,0,primary,108.4,229.38,34,14.1,60.0,0.7646,severe,3239.6,open,
multiple_congested,2026-08-27 18:00:00,660551996_7576670617_0,660551996,7576670617,0,secondary,157.8,202.92,43,7.5,38.0,0.8032,severe,1517.3,open,
normal,2026-08-27 14:00:00,634130390_308943103_0,634130390,308943103,0,secondary,93.3,57.93,7,29.3,38.0,0.2293,low,1696.6,open,
multiple_congested,2026-08-27 18:00:00,7103825088_7103825089_0,7103825088,7103825089,0,primary_link,16.8,380.0,9,5.0,30.0,0.95,severe,1900.0,open,
multiple_congested,2026-08-27 18:00:00,3670019017_3612537630_0,3670019017,3612537630,0,secondary,47.6,126.1,8,12.7,60.0,0.7881,severe,1603.0,open,
peak_hour,2026-08-27 18:30:00,6308211162_6308211164_0,6308211162,6308211164,0,primary,70.4,115.08,11,25.5,60.0,0.5754,heavy,2931.7,open,
peak_hour,2026-08-27 18:30:00,11881219356_660579401_0,11881219356,660579401,0,secondary,210.0,175.91,50,11.5,38.0,0.6963,heavy,2030.0,open,
peak_hour,2026-08-27 18:30:00,1318407387_2177264514_0,1318407387,2177264514,0,secondary,59.4,111.95,9,18.0,60.0,0.6997,heavy,2017.2,open,
sudden_congestion,2026-08-27 15:00:00,2243962277_2243962341_0,2243962277,2243962341,0,secondary,51.2,48.93,3,30.6,38.0,0.1937,low,1499.1,open,
heavy_congestion,2026-08-27 18:30:00,316978402_2461635319_0,316978402,2461635319,0,secondary,58.1,125.2,10,17.4,50.0,0.6521,heavy,2177.9,open,
normal,2026-08-27 14:00:00,12325495020_1521002286_0,12325495020,1521002286,0,trunk,223.3,32.72,10,51.8,60.0,0.1363,low,1695.5,open,
accident,2026-08-27 17:30:00,7656684025_4201669188_0,7656684025,4201669188,0,secondary,18.9,115.45,3,20.6,38.0,0.457,moderate,2382.3,open,
accident,2026-08-27 17:30:00,3618962225_3618962821_0,3618962225,3618962821,0,secondary,263.7,175.82,63,11.6,38.0,0.696,heavy,2031.3,open,
multiple_congested,2026-08-27 18:00:00,14070512893_1274191882_0,14070512893,1274191882,0,secondary,33.7,194.02,9,8.8,38.0,0.768,severe,1710.5,open,
peak_hour,2026-08-27 18:30:00,2795957533_310444097_0,2795957533,310444097,0,secondary,90.4,126.46,15,12.6,60.0,0.7904,severe,1590.4,open,
heavy_congestion,2026-08-27 18:30:00,8348426905_12421241111_0,8348426905,12421241111,0,secondary,42.3,122.66,7,14.0,60.0,0.7666,severe,1717.6,open,
accident,2026-08-27 17:30:00,3224370213_3894084724_0,3224370213,3894084724,0,primary,9.7,143.9,2,16.8,60.0,0.7195,severe,2421.9,open,
heavy_congestion,2026-08-27 18:30:00,11991965698_6308390701_0,11991965698,6308390701,0,trunk,142.6,182.04,35,14.5,60.0,0.7585,severe,2637.8,open,
heavy_congestion,2026-08-27 18:30:00,3602310263_3602310315_0,3602310263,3602310315,0,primary,30.9,141.09,6,17.7,60.0,0.7055,severe,2493.4,open,
sudden_congestion,2026-08-27 15:00:00,7713206799_3598256907_0,7713206799,3598256907,0,secondary,11.5,60.42,1,28.9,38.0,0.2392,low,1746.9,open,
peak_hour,2026-08-27 18:30:00,3224411163_1217532669_0,3224411163,1217532669,0,primary,37.0,187.67,9,13.3,45.0,0.7038,severe,2501.7,open,
peak_hour,2026-08-27 18:30:00,4314601131_4314601140_0,4314601131,4314601140,0,secondary_link,112.5,246.28,38,7.9,28.0,0.7183,severe,1942.5,open,
normal,2026-08-27 14:00:00,3602320010_11817898427_0,3602320010,11817898427,0,trunk,31.8,40.28,2,49.9,60.0,0.1678,low,2011.1,open,
sudden_congestion,2026-08-27 15:00:00,3598255013_1309516920_0,3598255013,1309516920,0,secondary,49.3,74.08,5,37.1,50.0,0.2572,low,2751.3,open,
road_closure,2026-08-27 16:00:00,3612570022_3670021338_0,3612570022,3670021338,0,secondary,236.1,55.17,18,39.3,60.0,0.3448,moderate,2168.8,open,
peak_hour,2026-08-27 18:30:00,3753040533_1521002237_0,3753040533,1521002237,0,motorway,6140.6,133.43,1110,60.0,120.0,0.5004,heavy,8000.0,open,
normal,2026-08-27 14:00:00,12198501260_13008953276_0,12198501260,13008953276,0,primary,18.3,66.07,2,33.9,45.0,0.2478,low,2236.5,open,
heavy_congestion,2026-08-27 18:30:00,11549051582_11549051581_0,11549051582,11549051581,0,trunk_link,29.9,252.53,10,13.5,35.0,0.6138,heavy,3413.6,open,
clearing,2026-08-27 21:00:00,2210758040_1699091329_0,2210758040,1699091329,0,primary,27.7,52.55,2,49.5,60.0,0.1752,low,2600.8,open,
multiple_congested,2026-08-27 18:00:00,1699091346_1699091345_0,1699091346,1699091345,0,primary,82.0,235.84,26,12.8,60.0,0.7861,severe,3026.2,open,
accident,2026-08-27 17:30:00,7142512794_11868466755_0,7142512794,11868466755,0,secondary,177.7,137.36,33,17.3,38.0,0.5437,heavy,2381.7,open,
multiple_congested,2026-08-27 18:00:00,2090103372_3812604370_0,2090103372,3812604370,0,secondary,10.5,177.13,3,11.4,38.0,0.7011,severe,2011.6,open,
normal,2026-08-27 14:00:00,5215947483_3518387755_0,5215947483,3518387755,0,primary,437.6,60.29,36,34.8,45.0,0.2261,low,2099.7,open,
road_closure,2026-08-27 16:00:00,7713606172_7713618818_0,7713606172,7713618818,0,trunk,213.3,61.5,18,44.6,60.0,0.2562,low,2744.4,open,
sudden_congestion,2026-08-27 15:00:00,3598275128_6149601293_0,3598275128,6149601293,0,primary,135.2,45.95,8,46.2,60.0,0.2298,low,2123.7,open,
road_closure,2026-08-27 16:00:00,2886936222_2886936220_0,2886936222,2886936220,0,secondary,27.5,97.11,4,23.4,38.0,0.3844,moderate,2271.7,open,
normal,2026-08-27 14:00:00,571357700_11729853750_0,571357700,11729853750,0,trunk,72.5,48.48,5,47.9,60.0,0.202,low,2321.1,open,
peak_hour,2026-08-27 18:30:00,11527658069_11568965470_0,11527658069,11568965470,0,secondary,215.9,194.17,57,8.8,38.0,0.7686,severe,1707.4,open,
sudden_congestion,2026-08-27 15:00:00,306621564_2859870825_0,306621564,2859870825,0,secondary,44.5,65.49,4,28.1,38.0,0.2592,low,1843.4,open,
peak_hour,2026-08-27 18:30:00,2243959486_2243959446_0,2243959486,2243959446,0,secondary,31.9,180.01,8,10.9,38.0,0.7125,severe,1966.4,open,
normal,2026-08-27 14:00:00,12875056637_12875056636_0,12875056637,12875056636,0,secondary,13.3,56.93,1,29.4,38.0,0.2254,low,1675.9,open,
accident,2026-08-27 17:30:00,11586536695_11586536690_0,11586536695,11586536690,0,primary_link,10.3,263.23,4,10.3,30.0,0.6581,heavy,2700.1,open,
road_closure,2026-08-27 16:00:00,2177264431_3612568022_0,2177264431,3612568022,0,trunk,80.9,96.85,11,43.9,60.0,0.269,low,4247.7,open,
heavy_congestion,2026-08-27 18:30:00,3602395901_3602395728_0,3602395901,3602395728,0,secondary,60.1,180.39,15,10.9,38.0,0.7141,severe,1960.1,open,
road_closure,2026-08-27 16:00:00,6372002072_6372002069_0,6372002072,6372002069,0,secondary,96.5,60.81,8,37.2,60.0,0.38,moderate,2261.9,open,
accident,2026-08-27 17:30:00,13982481441_7676172117_0,13982481441,7676172117,0,primary,35.3,114.67,5,25.6,60.0,0.5733,heavy,2935.4,open,
clearing,2026-08-27 21:00:00,6151008084_1707465436_0,6151008084,1707465436,0,secondary,36.9,28.9,1,33.7,38.0,0.1144,low,972.4,open,
normal,2026-08-27 14:00:00,11828134474_2240856760_0,11828134474,2240856760,0,trunk,319.5,47.27,20,52.1,60.0,0.1313,low,2463.6,open,
road_closure,2026-08-27 16:00:00,2857520303_308783168_0,2857520303,308783168,0,secondary,66.6,65.88,6,28.1,38.0,0.2608,low,1850.6,open,
multiple_congested,2026-08-27 18:00:00,7840893919_7840893917_0,7840893919,7840893917,0,trunk,125.9,109.76,19,32.6,60.0,0.4573,moderate,3573.8,open,
clearing,2026-08-27 21:00:00,306593136_10682253196_0,306593136,10682253196,0,trunk,69.7,28.09,3,53.0,60.0,0.117,low,1487.9,open,
peak_hour,2026-08-27 18:30:00,11144052289_306605367_0,11144052289,306605367,0,primary,72.0,152.7,15,18.2,50.0,0.6363,heavy,2777.2,open,
clearing,2026-08-27 21:00:00,364672169_6432129578_0,364672169,6432129578,0,trunk,113.0,30.7,5,52.3,60.0,0.1279,low,1606.3,open,
heavy_congestion,2026-08-27 18:30:00,12296072616_12296072615_0,12296072616,12296072615,0,secondary_link,111.8,271.75,41,5.8,28.0,0.7926,severe,1578.1,open,
normal,2026-08-27 14:00:00,11545817729_10112782055_0,11545817729,10112782055,0,secondary,103.5,50.59,7,30.4,38.0,0.2003,low,1537.5,open,
accident,2026-08-27 17:30:00,308964116_4552508265_0,308964116,4552508265,0,secondary,19.6,153.96,4,9.9,50.0,0.8019,severe,1525.0,open,
peak_hour,2026-08-27 18:30:00,3254507092_4206785234_0,3254507092,4206785234,0,secondary,18.5,225.78,6,5.0,38.0,0.8937,severe,1128.9,open,
normal,2026-08-27 14:00:00,1947774401_7694096028_0,1947774401,7694096028,0,trunk,18.4,30.1,1,52.5,60.0,0.1254,low,1579.3,open,
heavy_congestion,2026-08-27 18:30:00,2590400305_3614463750_0,2590400305,3614463750,0,secondary,37.2,171.77,9,12.2,38.0,0.6799,heavy,2089.2,open,
accident,2026-08-27 17:30:00,2886938401_2886938301_0,2886938401,2886938301,0,secondary,22.4,172.14,5,12.1,38.0,0.6814,heavy,2084.1,open,
heavy_congestion,2026-08-27 18:30:00,3164348351_2795822131_0,3164348351,2795822131,0,secondary,352.9,131.28,63,10.8,60.0,0.8205,severe,1413.7,open,
multiple_congested,2026-08-27 18:00:00,7679792010_1293120290_0,7679792010,1293120290,0,secondary,316.7,170.65,73,12.3,38.0,0.6755,heavy,2104.4,open,
peak_hour,2026-08-27 18:30:00,306621576_306621579_0,306621576,306621579,0,secondary,114.1,171.38,26,12.2,38.0,0.6784,heavy,2094.6,open,
peak_hour,2026-08-27 18:30:00,4180257595_3145250159_0,4180257595,3145250159,0,secondary,101.1,83.14,11,28.8,60.0,0.5196,heavy,2396.3,open,
normal,2026-08-27 14:00:00,4514120431_4514117564_0,4514120431,4514117564,0,secondary,2839.7,59.43,229,29.1,38.0,0.2352,low,1727.1,open,
multiple_congested,2026-08-27 18:00:00,308796043_2622294450_0,308796043,2622294450,0,primary,114.5,171.13,27,8.7,60.0,0.8556,severe,1482.2,open,
road_closure,2026-08-27 16:00:00,7601883687_3933388005_0,7601883687,3933388005,0,trunk,1441.0,68.42,134,42.9,60.0,0.2851,low,2935.0,open,
normal,2026-08-27 14:00:00,12033399086_2730522776_0,12033399086,2730522776,0,trunk,58.4,51.17,4,41.1,50.0,0.1777,low,2104.0,open,
normal,2026-08-27 14:00:00,11549188845_11549188844_0,11549188845,11549188844,0,secondary_link,10.6,59.66,1,23.1,28.0,0.174,low,1379.8,open,
sudden_congestion,2026-08-27 15:00:00,3612557575_3612557927_0,3612557575,3612557927,0,primary,22.2,54.26,2,43.7,60.0,0.2713,low,2372.5,open,
heavy_congestion,2026-08-27 18:30:00,2623234244_2622294420_0,2623234244,2622294420,0,trunk,77.7,149.23,16,22.7,60.0,0.6218,heavy,3386.4,open,
sudden_congestion,2026-08-27 15:00:00,9709013359_9709013363_0,9709013359,9709013363,0,secondary,50.1,51.22,3,30.3,38.0,0.2028,low,1551.8,open,
peak_hour,2026-08-27 18:30:00,2000766357_3931671419_0,2000766357,3931671419,0,secondary,32.4,184.98,8,10.2,38.0,0.7322,severe,1882.4,open,
multiple_congested,2026-08-27 18:00:00,7726284394_12640006005_0,7726284394,12640006005,0,secondary,17.1,234.87,5,5.0,38.0,0.9297,severe,1174.4,open,
heavy_congestion,2026-08-27 18:30:00,8755448904_11155870701_0,8755448904,11155870701,0,secondary,51.7,149.22,10,11.1,50.0,0.7772,severe,1662.4,open,
road_closure,2026-08-27 16:00:00,10705026549_11830403001_0,10705026549,11830403001,0,trunk,9.4,55.06,1,46.2,60.0,0.2294,low,2545.7,open,
sudden_congestion,2026-08-27 15:00:00,5230130666_5230130663_0,5230130666,5230130663,0,secondary,38.8,67.22,4,27.9,38.0,0.2661,low,1874.7,open,
accident,2026-08-27 17:30:00,3618932398_662739305_0,3618932398,662739305,0,secondary,40.7,116.8,6,20.4,38.0,0.4623,moderate,2386.4,open,
accident,2026-08-27 17:30:00,1802650832_2231579554_0,1802650832,2231579554,0,secondary,232.3,117.54,37,19.4,50.0,0.6122,heavy,2279.2,open,
peak_hour,2026-08-27 18:30:00,2852998317_11154487714_0,2852998317,11154487714,0,motorway_link,28.5,96.57,4,20.6,45.0,0.5432,heavy,1985.1,open,
multiple_congested,2026-08-27 18:00:00,7701752843_1945670904_0,7701752843,1945670904,0,secondary,71.4,183.66,18,10.4,38.0,0.727,severe,1905.4,open,
multiple_congested,2026-08-27 18:00:00,11946853100_11946853099_0,11946853100,11946853099,0,secondary,103.1,138.07,19,14.0,50.0,0.7191,severe,1939.0,open,
normal,2026-08-27 14:00:00,11947406662_12496955967_0,11947406662,12496955967,0,primary,51.4,57.72,4,35.3,45.0,0.2165,low,2035.3,open,
road_closure,2026-08-27 16:00:00,11529861993_11862961706_0,11529861993,11862961706,0,secondary,175.6,62.35,15,28.6,38.0,0.2468,low,1784.6,open,
road_closure,2026-08-27 16:00:00,1752697673_1752932126_0,1752697673,1752932126,0,secondary,72.3,35.67,3,28.1,40.0,0.2973,low,1002.7,open,
multiple_congested,2026-08-27 18:00:00,2841168861_2854456385_0,2841168861,2854456385,0,secondary,21.0,114.55,3,20.2,50.0,0.5966,heavy,2310.4,open,
accident,2026-08-27 17:30:00,9713135332_9713135330_0,9713135332,9713135330,0,primary_link,16.2,347.56,8,5.0,30.0,0.8689,severe,1737.8,open,
heavy_congestion,2026-08-27 18:30:00,3184095101_7699569343_0,3184095101,7699569343,0,primary,48.4,197.5,13,11.7,45.0,0.7406,severe,2305.3,open,
sudden_congestion,2026-08-27 15:00:00,3612550990_2738998032_0,3612550990,2738998032,0,secondary,16.0,65.13,1,28.2,38.0,0.2578,low,1836.9,open,
accident,2026-08-27 17:30:00,2232018052_1024196739_0,2232018052,1024196739,0,secondary,26.2,76.7,3,31.2,60.0,0.4794,moderate,2395.9,open,
road_closure,2026-08-27 16:00:00,14014153395_315072767_0,14014153395,315072767,0,secondary,17.0,69.91,2,27.5,38.0,0.2767,low,1921.4,open,
normal,2026-08-27 14:00:00,2766338065_3943263544_0,2766338065,3943263544,0,secondary,8.2,33.35,0,47.5,60.0,0.2084,low,1584.0,open,
accident,2026-08-27 17:30:00,660557876_4340668365_0,660557876,4340668365,0,secondary,745.1,134.15,135,17.8,38.0,0.531,heavy,2390.8,open,
clearing,2026-08-27 21:00:00,2090009762_2402415874_0,2090009762,2402415874,0,secondary,28.6,34.39,1,32.8,38.0,0.1361,low,1129.0,open,
road_closure,2026-08-27 16:00:00,2242779080_2734151073_0,2242779080,2734151073,0,trunk,542.3,82.3,60,39.4,60.0,0.3429,moderate,3244.7,open,
normal,2026-08-27 14:00:00,11178907772_11178907692_0,11178907772,11178907692,0,motorway,1613.6,35.02,77,104.2,120.0,0.1313,low,3650.9,open,
peak_hour,2026-08-27 18:30:00,1748016671_1748868904_0,1748016671,1748868904,0,secondary,39.5,136.87,7,17.4,38.0,0.5418,heavy,2383.3,open,
sudden_congestion,2026-08-27 15:00:00,308613902_309707355_0,308613902,309707355,0,primary,59.7,47.08,4,40.2,50.0,0.1962,low,1892.4,open,
multiple_congested,2026-08-27 18:00:00,4182572191_11749777268_0,4182572191,11749777268,0,secondary,56.5,194.14,15,8.8,38.0,0.7685,severe,1708.0,open,
normal,2026-08-27 14:00:00,3658869228_3614462460_0,3658869228,3614462460,0,secondary,39.5,52.6,3,30.1,38.0,0.2082,low,1582.7,open,
clearing,2026-08-27 21:00:00,4327437942_2898573336_0,4327437942,2898573336,0,secondary,157.8,44.52,10,31.3,38.0,0.1762,low,1393.7,open,
accident,2026-08-27 17:30:00,1947047478_12875221364_0,1947047478,12875221364,0,secondary,218.6,165.32,49,13.1,38.0,0.6544,heavy,2171.2,open,
road_closure,2026-08-27 16:00:00,364697604_7682659528_0,364697604,7682659528,0,secondary_link,7.1,93.96,1,20.3,28.0,0.274,low,1909.8,open,
road_closure,2026-08-27 16:00:00,3602307408_3602307392_0,3602307408,3602307392,0,secondary,14.4,100.91,2,22.8,38.0,0.3994,moderate,2302.9,open,
peak_hour,2026-08-27 18:30:00,2782802481_2782802498_0,2782802481,2782802498,0,secondary,38.5,209.99,11,6.4,38.0,0.8312,severe,1346.8,open,
multiple_congested,2026-08-27 18:00:00,1323645772_12131061335_0,1323645772,12131061335,0,primary,178.8,285.0,69,5.0,60.0,0.95,severe,1425.0,open,
sudden_congestion,2026-08-27 15:00:00,4208597017_3758587342_0,4208597017,3758587342,0,trunk,187.5,54.15,14,46.5,60.0,0.2256,low,2515.8,open,
multiple_congested,2026-08-27 18:00:00,2222385176_2231530487_0,2222385176,2231530487,0,secondary,40.0,224.19,12,5.0,38.0,0.8874,severe,1120.9,open,
clearing,2026-08-27 21:00:00,308964080_5486693584_0,308964080,5486693584,0,secondary,14.7,28.59,1,42.6,50.0,0.1489,low,1216.6,open,
peak_hour,2026-08-27 18:30:00,7732806161_3612574438_0,7732806161,3612574438,0,primary,15.6,166.85,4,9.9,60.0,0.8343,severe,1659.2,open,
accident,2026-08-27 17:30:00,3618954009_4198262905_0,3618954009,4198262905,0,secondary,171.8,114.35,27,20.8,38.0,0.4526,moderate,2378.5,open,
heavy_congestion,2026-08-27 18:30:00,1947502731_2221879610_0,1947502731,2221879610,0,primary,133.8,190.0,34,5.0,60.0,0.95,severe,950.0,open,
normal,2026-08-27 14:00:00,307038419_2738996963_0,307038419,2738996963,0,secondary,63.0,52.63,4,30.1,38.0,0.2083,low,1583.3,open,
accident,2026-08-27 17:30:00,3219742089_7710531425_0,3219742089,7710531425,0,secondary,49.8,98.82,7,22.9,60.0,0.6176,heavy,2267.2,open,
clearing,2026-08-27 21:00:00,308933094_3598258111_0,308933094,3598258111,0,primary,31.9,38.21,2,42.0,50.0,0.1592,low,1606.5,open,
clearing,2026-08-27 21:00:00,2852505757_2852505756_0,2852505757,2852505756,0,secondary,34.9,28.19,1,33.8,38.0,0.1116,low,951.8,open,
heavy_congestion,2026-08-27 18:30:00,3612572923_11057961675_0,3612572923,11057961675,0,primary,46.3,285.0,18,5.0,60.0,0.95,severe,1425.0,open,
normal,2026-08-27 14:00:00,2425535913_9570041317_0,2425535913,9570041317,0,trunk,197.8,74.1,20,47.6,60.0,0.2058,low,3531.0,open,
multiple_congested,2026-08-27 18:00:00,4189355262_663176774_0,4189355262,663176774,0,primary,70.6,253.33,24,5.0,45.0,0.95,severe,1266.7,open,
multiple_congested,2026-08-27 18:00:00,4246608497_306621449_0,4246608497,306621449,0,secondary,86.4,182.25,21,10.6,38.0,0.7214,severe,1929.3,open,
multiple_congested,2026-08-27 18:00:00,11947406661_2089776998_0,11947406661,2089776998,0,primary,675.0,190.0,174,5.0,60.0,0.95,severe,950.0,open,
sudden_congestion,2026-08-27 15:00:00,11521678967_4189185781_0,11521678967,4189185781,0,trunk,99.7,33.37,5,51.7,60.0,0.139,low,1723.7,open,
sudden_congestion,2026-08-27 15:00:00,7641829114_7641829035_0,7641829114,7641829035,0,trunk,69.5,36.82,3,50.8,60.0,0.1534,low,1870.3,open,
heavy_congestion,2026-08-27 18:30:00,315074134_2822549011_0,315074134,2822549011,0,secondary,41.3,435.37,24,5.0,20.0,0.907,severe,2176.9,open,
normal,2026-08-27 14:00:00,10696270301_11868228200_0,10696270301,11868228200,0,primary,765.4,55.25,57,35.7,45.0,0.2072,low,1971.0,open,
peak_hour,2026-08-27 18:30:00,3618949553_3618947144_0,3618949553,3618947144,0,secondary,462.7,144.02,90,6.0,60.0,0.9001,severe,862.8,open,
heavy_congestion,2026-08-27 18:30:00,3186227086_3186227087_0,3186227086,3186227087,0,trunk,62.6,141.52,12,24.6,60.0,0.5897,heavy,3484.2,open,
clearing,2026-08-27 21:00:00,3598283765_453301485_0,3598283765,453301485,0,secondary,39.2,38.58,2,32.2,38.0,0.1527,low,1242.3,open,
sudden_congestion,2026-08-27 15:00:00,2234142524_308964083_0,2234142524,308964083,0,primary,167.1,54.38,12,43.7,60.0,0.2719,low,2375.6,open,
normal,2026-08-27 14:00:00,3614582055_3614580761_0,3614582055,3614580761,0,secondary,732.5,58.82,58,29.2,38.0,0.2328,low,1714.7,open,
clearing,2026-08-27 21:00:00,2244766669_10789494481_0,2244766669,10789494481,0,secondary,38.4,27.63,1,33.8,38.0,0.1094,low,935.1,open,
sudden_congestion,2026-08-27 15:00:00,4183217684_5384819525_0,4183217684,5384819525,0,primary,287.4,62.61,24,34.4,45.0,0.2348,low,2156.0,open,
road_closure,2026-08-27 16:00:00,3598286968_3598287085_0,3598286968,3598287085,0,primary,112.7,63.6,10,40.9,60.0,0.318,moderate,2602.5,open,
sudden_congestion,2026-08-27 15:00:00,3598271258_2221876532_0,3598271258,2221876532,0,secondary,53.5,36.48,3,40.5,50.0,0.19,low,1477.4,open,
accident,2026-08-27 17:30:00,3614513577_3614513626_0,3614513577,3614513626,0,secondary,2384.7,115.73,374,20.6,38.0,0.4581,moderate,2383.1,open,
normal,2026-08-27 14:00:00,9691240065_11893540187_0,9691240065,11893540187,0,secondary,23.5,57.61,2,29.3,38.0,0.2281,low,1690.0,open,
sudden_congestion,2026-08-27 15:00:00,14008103432_14008103433_0,14008103432,14008103433,0,primary_link,8.8,102.57,1,22.3,30.0,0.2564,low,2288.1,open,
clearing,2026-08-27 21:00:00,9684884111_11043831726_0,9684884111,11043831726,0,primary,123.4,35.21,6,53.0,60.0,0.1174,low,1864.6,open,
clearing,2026-08-27 21:00:00,7579365438_7579290906_0,7579365438,7579290906,0,secondary,465.3,43.87,28,31.4,38.0,0.1736,low,1377.6,open,
peak_hour,2026-08-27 18:30:00,11811508838_6894285265_0,11811508838,6894285265,0,secondary,239.1,233.55,76,16.2,60.0,0.7299,severe,3785.6,open,
normal,2026-08-27 14:00:00,2738996967_4198502280_0,2738996967,4198502280,0,secondary,331.7,49.9,22,30.5,38.0,0.1975,low,1521.6,open,
peak_hour,2026-08-27 18:30:00,7694882825_9691859216_0,7694882825,9691859216,0,primary,91.5,145.48,18,16.4,60.0,0.7274,severe,2379.4,open,
multiple_congested,2026-08-27 18:00:00,2852451369_2852452351_0,2852451369,2852452351,0,primary,83.2,155.39,18,13.4,60.0,0.7769,severe,2079.7,open,
sudden_congestion,2026-08-27 15:00:00,2222561694_2222561661_0,2222561694,2222561661,0,secondary,31.6,56.34,2,29.5,38.0,0.223,low,1663.5,open,
accident,2026-08-27 17:30:00,11524638497_11524638496_0,11524638497,11524638496,0,primary_link,10.0,229.82,3,12.8,30.0,0.5745,heavy,2933.3,open,
accident,2026-08-27 17:30:00,13766701853_7597277544_0,13766701853,7597277544,0,trunk,1438.8,105.25,205,33.7,60.0,0.4385,moderate,3545.6,open,
normal,2026-08-27 14:00:00,571358578_11524599334_0,571358578,11524599334,0,primary,84.5,62.92,7,34.4,45.0,0.236,low,2163.4,open,
accident,2026-08-27 17:30:00,6149584730_3164090676_0,6149584730,3164090676,0,trunk,78.7,122.31,13,29.4,60.0,0.5096,heavy,3598.7,open,
clearing,2026-08-27 21:00:00,6265727818_7678804276_0,6265727818,7678804276,0,secondary,195.8,29.61,8,33.5,38.0,0.1172,low,993.4,open,
multiple_congested,2026-08-27 18:00:00,3155766382_10277658586_0,3155766382,10277658586,0,trunk,56.7,135.54,10,26.1,60.0,0.5647,heavy,3539.7,open,
multiple_congested,2026-08-27 18:00:00,3612564684_3670021053_0,3612564684,3670021053,0,secondary,4.6,132.04,1,15.6,50.0,0.6877,heavy,2061.7,open,
accident,2026-08-27 17:30:00,5569790676_5569790689_0,5569790676,5569790689,0,secondary,79.3,192.07,21,9.1,38.0,0.7603,severe,1749.6,open,
clearing,2026-08-27 21:00:00,4193299804_4193299801_0,4193299804,4193299801,0,secondary,54.7,46.38,3,31.0,38.0,0.1836,low,1438.9,open,
accident,2026-08-27 17:30:00,11057961675_13752052717_0,11057961675,13752052717,0,primary_link,11.9,282.14,5,8.8,30.0,0.7054,severe,2494.0,open,
multiple_congested,2026-08-27 18:00:00,2785059690_2785059685_0,2785059690,2785059685,0,secondary,43.4,167.52,10,12.8,38.0,0.6631,heavy,2144.7,open,
clearing,2026-08-27 21:00:00,1438287582_3871760048_0,1438287582,3871760048,0,secondary,24.2,30.26,1,33.4,38.0,0.1198,low,1012.1,open,
road_closure,2026-08-27 16:00:00,2858365848_306609604_0,2858365848,306609604,0,secondary,15.8,101.58,2,22.7,38.0,0.4021,moderate,2308.0,open,
multiple_congested,2026-08-27 18:00:00,3612566755_308613928_0,3612566755,308613928,0,primary,189.2,153.52,39,13.9,60.0,0.7676,severe,2140.6,open,
clearing,2026-08-27 21:00:00,453301469_2782802340_0,453301469,2782802340,0,secondary,31.2,29.47,1,33.6,38.0,0.1167,low,989.3,open,
sudden_congestion,2026-08-27 15:00:00,7687654947_571152682_0,7687654947,571152682,0,trunk,78.9,31.39,3,52.2,60.0,0.1308,low,1637.0,open,
accident,2026-08-27 17:30:00,2590251082_2590251084_0,2590251082,2590251084,0,secondary,36.7,126.06,6,19.0,38.0,0.499,moderate,2400.0,open,
sudden_congestion,2026-08-27 15:00:00,2247607906_596391457_0,2247607906,596391457,0,secondary,34.9,53.63,3,29.9,38.0,0.2123,low,1605.3,open,
peak_hour,2026-08-27 18:30:00,4183041283_3217824941_0,4183041283,3217824941,0,trunk,151.0,159.84,33,20.0,60.0,0.666,heavy,3203.2,open,
sudden_congestion,2026-08-27 15:00:00,2593937186_2593937184_0,2593937186,2593937184,0,secondary,45.8,45.71,3,38.1,50.0,0.2381,low,1741.4,open,
heavy_congestion,2026-08-27 18:30:00,1318415380_1318415421_0,1318415380,1318415421,0,motorway_link,485.2,199.5,131,20.0,40.0,0.4988,moderate,4000.0,open,
accident,2026-08-27 17:30:00,2245993798_2247608712_0,2245993798,2247608712,0,secondary,62.3,194.73,16,8.7,38.0,0.7708,severe,1696.0,open,
multiple_congested,2026-08-27 18:00:00,9832998924_7698984345_0,9832998924,7698984345,0,secondary,75.7,92.63,9,25.3,60.0,0.579,heavy,2340.1,open,
peak_hour,2026-08-27 18:30:00,2855063860_11539908378_0,2855063860,11539908378,0,primary,31.4,240.69,10,5.0,45.0,0.9026,severe,1203.5,open,
normal,2026-08-27 14:00:00,10567488617_2188473919_0,10567488617,2188473919,0,primary,36.6,54.92,3,35.7,45.0,0.2059,low,1962.4,open,
accident,2026-08-27 17:30:00,3614571963_3614571805_0,3614571963,3614571805,0,secondary,347.5,129.48,61,18.5,38.0,0.5125,heavy,2398.5,open,
road_closure,2026-08-27 16:00:00,2852572121_2852572212_0,2852572121,2852572212,0,secondary,115.6,95.26,15,23.7,38.0,0.3771,moderate,2254.9,open,
multiple_congested,2026-08-27 18:00:00,2886915636_4194621056_0,2886915636,4194621056,0,secondary,100.3,207.76,28,6.7,38.0,0.8224,severe,1402.3,open,
peak_hour,2026-08-27 18:30:00,3598275735_644722306_0,3598275735,644722306,0,secondary,39.3,209.97,11,6.4,38.0,0.8311,severe,1347.4,open,
multiple_congested,2026-08-27 18:00:00,2802822405_3598303666_0,2802822405,3598303666,0,trunk,93.1,176.42,22,15.9,60.0,0.7351,severe,2804.3,open,
normal,2026-08-27 14:00:00,2852505959_2857758556_0,2852505959,2857758556,0,secondary,42.3,46.62,3,31.0,38.0,0.1845,low,1444.6,open,
multiple_congested,2026-08-27 18:00:00,2180797444_3612558217_0,2180797444,3612558217,0,trunk,46.9,190.63,12,12.3,60.0,0.7943,severe,2353.0,open,
sudden_congestion,2026-08-27 15:00:00,2738997310_2738997344_0,2738997310,2738997344,0,secondary,21.2,41.05,1,31.8,38.0,0.1625,low,1306.3,open,
multiple_congested,2026-08-27 18:00:00,4327438222_4327438218_0,4327438222,4327438218,0,secondary,28.9,166.19,7,13.0,38.0,0.6578,heavy,2160.8,open,
heavy_congestion,2026-08-27 18:30:00,6372012812_3207154720_0,6372012812,3207154720,0,trunk,31.6,335.98,14,18.0,60.0,0.7,heavy,6048.5,open,
accident,2026-08-27 17:30:00,571349609_2686451340_0,571349609,2686451340,0,secondary,70.9,136.74,13,17.4,38.0,0.5413,heavy,2383.6,open,
heavy_congestion,2026-08-27 18:30:00,2590198241_3614461670_0,2590198241,3614461670,0,trunk,1009.9,136.04,186,26.0,60.0,0.5668,heavy,3535.7,open,
heavy_congestion,2026-08-27 18:30:00,8356627025_3182362936_0,8356627025,3182362936,0,primary,270.5,190.0,70,5.0,60.0,0.95,severe,950.0,open,
accident,2026-08-27 17:30:00,11811093551_2425595987_0,11811093551,2425595987,0,trunk,292.5,91.63,36,37.1,60.0,0.3818,moderate,3398.7,open,
multiple_congested,2026-08-27 18:00:00,10578470384_2855073267_0,10578470384,2855073267,0,primary,86.7,241.28,28,16.5,50.0,0.6702,heavy,3978.4,open,
normal,2026-08-27 14:00:00,665149343_11484416498_0,665149343,11484416498,0,secondary,582.7,39.2,31,39.8,50.0,0.2042,low,1560.0,open,
sudden_congestion,2026-08-27 15:00:00,2234759623_12079748834_0,2234759623,12079748834,0,secondary_link,115.3,89.6,14,20.7,28.0,0.2613,low,1853.2,open,
normal,2026-08-27 14:00:00,308943115_2234832598_0,308943115,2234832598,0,secondary,50.8,45.36,3,31.2,38.0,0.1796,low,1414.3,open,
accident,2026-08-27 17:30:00,2240857505_2234833422_0,2240857505,2234833422,0,secondary,53.4,119.77,9,20.0,38.0,0.4741,moderate,2393.6,open,
accident,2026-08-27 17:30:00,3666159982_3602402300_0,3666159982,3602402300,0,secondary,66.3,173.03,16,12.0,38.0,0.6849,heavy,2071.8,open,
sudden_congestion,2026-08-27 15:00:00,3614507464_9819514964_0,3614507464,9819514964,0,secondary,523.8,41.8,30,39.1,50.0,0.2177,low,1635.1,open,
sudden_congestion,2026-08-27 15:00:00,3154066626_3598260037_0,3154066626,3598260037,0,secondary,40.8,63.03,3,28.5,38.0,0.2495,low,1797.6,open,
peak_hour,2026-08-27 18:30:00,2090103378_2090103509_0,2090103378,2090103509,0,secondary,43.0,188.55,11,9.6,38.0,0.7464,severe,1817.3,open,
accident,2026-08-27 17:30:00,4314601902_11219211130_0,4314601902,11219211130,0,secondary,66.7,118.41,11,20.2,38.0,0.4687,moderate,2390.6,open,
heavy_congestion,2026-08-27 18:30:00,9576889306_9576889305_0,9576889306,9576889305,0,primary_link,20.0,369.63,10,5.0,30.0,0.9241,severe,1848.2,open,
normal,2026-08-27 14:00:00,11971318299_11971318290_0,11971318299,11971318290,0,secondary,18.6,50.71,1,30.4,38.0,0.2007,low,1540.2,open,
sudden_congestion,2026-08-27 15:00:00,3598255851_13388539095_0,3598255851,13388539095,0,secondary,15.5,46.86,1,31.0,38.0,0.1855,low,1450.5,open,
accident,2026-08-27 17:30:00,11121658372_1947511967_0,11121658372,1947511967,0,primary,12.0,138.19,2,18.5,60.0,0.6909,heavy,2562.5,open,
peak_hour,2026-08-27 18:30:00,3681327122_3681327113_0,3681327122,3681327113,0,primary,34.3,239.45,11,5.0,45.0,0.8979,severe,1197.2,open,
clearing,2026-08-27 21:00:00,320409102_5554715999_0,320409102,5554715999,0,secondary_link,15.0,61.33,1,23.0,28.0,0.1789,low,1410.1,open,
accident,2026-08-27 17:30:00,4281494991_3598314675_0,4281494991,3598314675,0,secondary,24.5,154.4,5,14.8,38.0,0.6112,heavy,2281.4,open,
normal,2026-08-27 14:00:00,1706620009_2781464566_0,1706620009,2781464566,0,secondary,3.6,45.62,0,38.1,50.0,0.2376,low,1739.0,open,
accident,2026-08-27 17:30:00,2210757990_1699091332_0,2210757990,1699091332,0,primary,63.1,230.78,20,13.8,60.0,0.7693,severe,3195.0,open,
normal,2026-08-27 14:00:00,3163970181_7955949495_0,3163970181,7955949495,0,secondary,11.9,64.41,1,28.3,38.0,0.255,low,1823.6,open,
normal,2026-08-27 14:00:00,3612570022_3670021338_0,3612570022,3670021338,0,secondary,236.1,33.93,11,47.3,60.0,0.2121,low,1604.2,open,
normal,2026-08-27 14:00:00,11947065972_2918387163_0,11947065972,2918387163,0,primary,10.4,67.31,1,33.6,45.0,0.2524,low,2264.4,open,
heavy_congestion,2026-08-27 18:30:00,2790093746_306600841_0,2790093746,306600841,0,secondary,32.8,240.0,11,5.0,38.0,0.95,severe,1200.0,open,
accident,2026-08-27 17:30:00,3973366877_5137745055_0,3973366877,5137745055,0,secondary,138.0,174.94,33,11.7,38.0,0.6925,heavy,2044.3,open,
clearing,2026-08-27 21:00:00,4567061350_4567061322_0,4567061350,4567061322,0,secondary,12.4,29.54,0,33.6,38.0,0.1169,low,991.2,open,
normal,2026-08-27 14:00:00,2243963336_3059813235_0,2243963336,3059813235,0,secondary,20.0,38.9,1,32.1,38.0,0.154,low,1250.7,open,
peak_hour,2026-08-27 18:30:00,2730859737_2730859721_0,2730859737,2730859721,0,secondary,59.5,142.63,12,16.5,38.0,0.5646,heavy,2360.0,open,
peak_hour,2026-08-27 18:30:00,1948881740_13331478536_0,1948881740,13331478536,0,secondary,192.8,111.67,29,18.1,60.0,0.6979,heavy,2024.0,open,
peak_hour,2026-08-27 18:30:00,3972951444_1312258449_0,3972951444,1312258449,0,primary,143.3,162.47,32,11.3,60.0,0.8124,severe,1829.1,open,
heavy_congestion,2026-08-27 18:30:00,3598274728_321187088_0,3598274728,321187088,0,secondary,31.6,240.0,10,5.0,38.0,0.95,severe,1200.0,open,
multiple_congested,2026-08-27 18:00:00,5993546949_3602328059_0,5993546949,3602328059,0,secondary,117.2,203.49,32,7.4,38.0,0.8055,severe,1504.1,open,
accident,2026-08-27 17:30:00,2236575211_7663750593_0,2236575211,7663750593,0,secondary,46.1,165.34,10,13.1,38.0,0.6545,heavy,2170.9,open,
heavy_congestion,2026-08-27 18:30:00,3790504694_308796014_0,3790504694,308796014,0,secondary,26.9,222.27,8,5.0,38.0,0.8798,severe,1111.3,open,
multiple_congested,2026-08-27 18:00:00,350438213_6150804450_0,350438213,6150804450,0,secondary,283.3,144.24,55,5.9,60.0,0.9015,severe,852.6,open,
peak_hour,2026-08-27 18:30:00,2090009586_3656589707_0,2090009586,3656589707,0,secondary,23.6,181.18,6,10.7,38.0,0.7172,severe,1947.3,open,
heavy_congestion,2026-08-27 18:30:00,11549051582_3614466936_0,11549051582,3614466936,0,secondary,161.4,164.19,36,13.3,38.0,0.6499,heavy,2184.2,open,
heavy_congestion,2026-08-27 18:30:00,7715721893_3178486580_0,7715721893,3178486580,0,primary,199.3,285.0,77,5.0,60.0,0.95,severe,1425.0,open,
clearing,2026-08-27 21:00:00,12064288536_3614501419_0,12064288536,3614501419,0,secondary,84.2,35.14,4,32.7,38.0,0.1391,low,1149.6,open,
heavy_congestion,2026-08-27 18:30:00,3931671419_2000766357_0,3931671419,2000766357,0,secondary,32.4,206.7,9,6.9,38.0,0.8182,severe,1428.0,open,
accident,2026-08-27 17:30:00,1296554588_3167945572_0,1296554588,3167945572,0,secondary_link,25.5,212.39,7,10.7,28.0,0.6195,heavy,2263.0,open,
multiple_congested,2026-08-27 18:00:00,13820382730_2195239132_0,13820382730,2195239132,0,trunk,6.0,238.02,2,20.3,60.0,0.6612,heavy,4838.9,open,
clearing,2026-08-27 21:00:00,3602299980_3602299965_0,3602299980,3602299965,0,primary,40.2,37.65,2,48.7,60.0,0.1883,low,1833.8,open,
accident,2026-08-27 17:30:00,307059952_7690166059_0,307059952,7690166059,0,primary,37.5,149.01,8,15.3,60.0,0.7451,severe,2279.4,open,
heavy_congestion,2026-08-27 18:30:00,7682077666_7682077664_0,7682077666,7682077664,0,secondary,40.8,183.31,10,10.4,38.0,0.7256,severe,1911.4,open,
road_closure,2026-08-27 16:00:00,7698359241_6308390372_0,7698359241,6308390372,0,secondary,8.6,69.58,1,27.5,38.0,0.2754,low,1915.8,open,
sudden_congestion,2026-08-27 15:00:00,3612556592_3184095125_0,3612556592,3184095125,0,primary,66.8,77.06,7,32.0,45.0,0.289,low,2465.7,open,
heavy_congestion,2026-08-27 18:30:00,4313322367_3602488177_0,4313322367,3602488177,0,trunk,295.5,179.41,72,15.1,60.0,0.7475,severe,2717.7,open,
sudden_congestion,2026-08-27 15:00:00,2244916827_2244916884_0,2244916827,2244916884,0,secondary,274.9,67.64,25,27.8,38.0,0.2678,low,1882.2,open,
accident,2026-08-27 17:30:00,11217775321_11846818262_0,11217775321,11846818262,0,secondary,80.3,133.55,15,17.9,38.0,0.5286,heavy,2392.1,open,
road_closure,2026-08-27 16:00:00,3598399087_660116366_0,3598399087,660116366,0,secondary,39.2,104.07,6,22.3,38.0,0.4119,moderate,2325.5,open,
heavy_congestion,2026-08-27 18:30:00,7764057914_7764057909_0,7764057914,7764057909,0,trunk,10.5,120.9,2,29.8,60.0,0.5037,heavy,3599.8,open,
road_closure,2026-08-27 16:00:00,12756606443_2744203666_0,12756606443,2744203666,0,trunk,73.7,82.99,8,39.3,60.0,0.3458,moderate,3257.6,open,
accident,2026-08-27 17:30:00,11524461060_3157391695_0,11524461060,3157391695,0,primary,212.3,176.49,51,7.1,60.0,0.8825,severe,1244.8,open,
multiple_congested,2026-08-27 18:00:00,3648915522_3602387039_0,3648915522,3602387039,0,primary,1081.1,249.55,366,5.0,45.0,0.9358,severe,1247.7,open,
peak_hour,2026-08-27 18:30:00,4313323097_3612545048_0,4313323097,3612545048,0,trunk,88.9,179.59,22,18.8,50.0,0.6236,heavy,3380.1,open,
road_closure,2026-08-27 16:00:00,2185099457_2185099466_0,2185099457,2185099466,0,trunk,76.3,147.98,15,41.5,60.0,0.3083,moderate,6141.6,open,
normal,2026-08-27 14:00:00,13111789122_2234287152_0,13111789122,2234287152,0,primary,554.1,67.2,50,33.7,45.0,0.252,low,2261.9,open,
road_closure,2026-08-27 16:00:00,7419125602_7605421287_0,7419125602,7605421287,0,secondary,39.5,67.62,4,27.8,38.0,0.2677,low,1881.8,open,
clearing,2026-08-27 21:00:00,571150963_3598305309_0,571150963,3598305309,0,trunk,49.3,30.07,2,52.5,60.0,0.1253,low,1577.9,open,
peak_hour,2026-08-27 18:30:00,2800811253_7679106840_0,2800811253,7679106840,0,secondary,10.1,226.89,3,5.0,38.0,0.8981,severe,1134.4,open,
multiple_congested,2026-08-27 18:00:00,2234276105_2212520216_0,2234276105,2212520216,0,secondary,35.8,237.8,12,5.0,38.0,0.9413,severe,1189.0,open,
accident,2026-08-27 17:30:00,11256641612_11256641611_0,11256641612,11256641611,0,primary,67.6,116.61,11,25.0,60.0,0.583,heavy,2917.3,open,
road_closure,2026-08-27 16:00:00,7637550781_4189438599_0,7637550781,4189438599,0,secondary,17.8,63.38,2,28.5,38.0,0.2509,low,1804.2,open,
road_closure,2026-08-27 16:00:00,2244373694_2244373465_0,2244373694,2244373465,0,primary,61.6,55.33,5,43.4,60.0,0.2766,low,2401.3,open,
peak_hour,2026-08-27 18:30:00,11810713533_11810713537_0,11810713533,11810713537,0,trunk,51.6,182.34,13,29.6,60.0,0.5065,heavy,5399.1,open,
heavy_congestion,2026-08-27 18:30:00,6149728075_12891803399_0,6149728075,12891803399,0,primary,401.7,285.0,155,5.0,60.0,0.95,severe,1425.0,open,
heavy_congestion,2026-08-27 18:30:00,12079777879_12079777871_0,12079777879,12079777871,0,secondary,488.1,226.64,150,5.0,38.0,0.8971,severe,1133.2,open,
peak_hour,2026-08-27 18:30:00,10279361688_2898573571_0,10279361688,2898573571,0,secondary,9.3,203.89,3,7.3,38.0,0.8071,severe,1494.9,open,
sudden_congestion,2026-08-27 15:00:00,596440802_2760699876_0,596440802,2760699876,0,secondary,41.5,53.45,3,30.0,38.0,0.2116,low,1601.4,open,
heavy_congestion,2026-08-27 18:30:00,6829395496_7694429906_0,6829395496,7694429906,0,primary,46.0,253.33,16,5.0,45.0,0.95,severe,1266.7,open,
heavy_congestion,2026-08-27 18:30:00,3602488755_2728427189_0,3602488755,2728427189,0,trunk,106.8,206.87,30,8.3,60.0,0.8619,severe,1713.6,open,
normal,2026-08-27 14:00:00,2225518545_2225518550_0,2225518545,2225518550,0,primary,55.2,39.35,3,48.2,60.0,0.1967,low,1896.3,open,
road_closure,2026-08-27 16:00:00,3612564609_3612564258_0,3612564609,3612564258,0,trunk,41.4,53.79,3,46.6,60.0,0.2241,low,2504.1,open,
sudden_congestion,2026-08-27 15:00:00,12704389443_12704389444_0,12704389443,12704389444,0,secondary,20.3,42.94,1,38.8,50.0,0.2237,low,1666.9,open,
peak_hour,2026-08-27 18:30:00,2177264387_3612567758_0,2177264387,3612567758,0,trunk,34.7,265.73,13,15.7,60.0,0.7381,severe,4175.0,open,
road_closure,2026-08-27 16:00:00,3754079590_4308409940_0,3754079590,4308409940,0,motorway_link,409.7,98.89,55,34.5,50.0,0.309,moderate,3416.5,open,
heavy_congestion,2026-08-27 18:30:00,7702786429_7702786438_0,7702786429,7702786438,0,secondary,62.0,168.78,14,6.0,50.0,0.8791,severe,1020.5,open,
multiple_congested,2026-08-27 18:00:00,6885035686_6885002574_0,6885035686,6885002574,0,motorway_link,255.8,85.48,30,43.1,120.0,0.6411,heavy,3681.3,open,
sudden_congestion,2026-08-27 15:00:00,11818147916_11818147915_0,11818147916,11818147915,0,primary,5.8,79.31,1,31.6,45.0,0.2974,low,2507.6,open,
heavy_congestion,2026-08-27 18:30:00,3547283602_3254507109_0,3547283602,3254507109,0,secondary,68.1,200.99,19,7.8,38.0,0.7956,severe,1561.4,open,
clearing,2026-08-27 21:00:00,7646131055_7646131057_0,7646131055,7646131057,0,secondary,26.5,44.72,2,31.3,38.0,0.177,low,1398.6,open,
sudden_congestion,2026-08-27 15:00:00,3969781689_3669611867_0,3969781689,3669611867,0,secondary,374.7,40.22,20,32.0,38.0,0.1592,low,1285.0,open,
clearing,2026-08-27 21:00:00,13371439861_662741288_0,13371439861,662741288,0,secondary,50.6,17.32,1,53.5,60.0,0.1082,low,926.6,open,
normal,2026-08-27 14:00:00,11840593739_11840593740_0,11840593739,11840593740,0,secondary_link,6.0,50.06,0,23.9,28.0,0.146,low,1197.1,open,
heavy_congestion,2026-08-27 18:30:00,11971318297_11971318294_0,11971318297,11971318294,0,secondary,103.5,240.0,34,5.0,38.0,0.95,severe,1200.0,open,
clearing,2026-08-27 21:00:00,11932843672_11932843673_0,11932843672,11932843673,0,primary_link,14.4,76.99,1,24.2,30.0,0.1925,low,1865.1,open,
clearing,2026-08-27 21:00:00,11542774877_7712535674_0,11542774877,7712535674,0,primary,44.4,77.72,5,48.3,60.0,0.1943,low,3757.0,open,
peak_hour,2026-08-27 18:30:00,356322800_12874773324_0,356322800,12874773324,0,secondary,114.1,114.94,18,16.9,60.0,0.7184,severe,1942.2,open,
normal,2026-08-27 14:00:00,11530320408_1041961464_0,11530320408,1041961464,0,primary,32.8,45.16,2,37.4,45.0,0.1694,low,1688.1,open,
road_closure,2026-08-27 16:00:00,6274877592_7680103605_0,6274877592,7680103605,0,secondary,27.7,102.09,4,22.6,38.0,0.4041,moderate,2311.7,open,
normal,2026-08-27 14:00:00,11166258409_11166258408_0,11166258409,11166258408,0,primary,45.3,50.42,3,44.9,60.0,0.2521,low,2262.4,open,
multiple_congested,2026-08-27 18:00:00,1344080564_4169709267_0,1344080564,4169709267,0,trunk,151.4,117.46,24,30.6,60.0,0.4894,moderate,3598.4,open,
peak_hour,2026-08-27 18:30:00,1754245998_6151849829_0,1754245998,6151849829,0,trunk,60.2,104.54,9,33.9,60.0,0.4356,moderate,3540.3,open,
heavy_congestion,2026-08-27 18:30:00,7668384983_7096301246_0,7668384983,7096301246,0,primary,115.2,205.78,32,10.3,45.0,0.7717,severe,2114.3,open,
multiple_congested,2026-08-27 18:00:00,9666163285_3191024317_0,9666163285,3191024317,0,primary,306.8,194.72,81,12.1,45.0,0.7302,severe,2364.2,open,
sudden_congestion,2026-08-27 15:00:00,3618943896_3618943687_0,3618943896,3618943687,0,secondary,13.1,55.69,1,29.6,38.0,0.2204,low,1649.7,open,
road_closure,2026-08-27 16:00:00,9565755309_6829395494_0,9565755309,6829395494,0,primary,96.3,80.67,11,31.4,45.0,0.3025,moderate,2532.0,open,
sudden_congestion,2026-08-27 15:00:00,5956266332_6150060853_0,5956266332,6150060853,0,primary,526.4,58.17,41,48.4,60.0,0.1939,low,2813.3,open,
accident,2026-08-27 17:30:00,11549170199_11490175466_0,11549170199,11490175466,0,secondary,10.3,196.23,3,8.5,38.0,0.7767,severe,1664.8,open,
normal,2026-08-27 14:00:00,10216996367_10216996366_0,10216996367,10216996366,0,trunk_link,9.7,94.68,1,26.9,35.0,0.2301,low,2551.3,open,
multiple_congested,2026-08-27 18:00:00,11530312327_5442344892_0,11530312327,5442344892,0,secondary,224.4,232.35,71,5.0,38.0,0.9197,severe,1161.8,open,
clearing,2026-08-27 21:00:00,7604438843_665035575_0,7604438843,665035575,0,primary,258.6,40.33,14,41.6,50.0,0.168,low,1677.6,open,
clearing,2026-08-27 21:00:00,2988138272_12295767379_0,2988138272,12295767379,0,secondary,36.0,29.99,1,33.5,38.0,0.1187,low,1004.4,open,
road_closure,2026-08-27 16:00:00,4204310643_2234668378_0,4204310643,2234668378,0,secondary,41.8,29.88,2,30.0,40.0,0.249,low,897.6,open,
peak_hour,2026-08-27 18:30:00,4198262905_3618954009_0,4198262905,3618954009,0,secondary,171.8,194.01,45,8.8,38.0,0.768,severe,1710.6,open,
sudden_congestion,2026-08-27 15:00:00,13980239639_4373979716_0,13980239639,4373979716,0,secondary,1191.7,54.72,88,29.8,38.0,0.2166,low,1628.9,open,
peak_hour,2026-08-27 18:30:00,3943263530_2766338015_0,3943263530,2766338015,0,secondary,16.0,131.07,3,10.8,60.0,0.8192,severe,1421.8,open,
normal,2026-08-27 14:00:00,3153692888_312840436_0,3153692888,312840436,0,primary,1302.9,49.32,87,45.2,60.0,0.2466,low,2229.5,open,
road_closure,2026-08-27 16:00:00,351875624_3208539526_0,351875624,3208539526,0,primary,506.3,143.73,99,38.4,60.0,0.3593,moderate,5525.0,open,
peak_hour,2026-08-27 18:30:00,3602302935_5967190448_0,3602302935,5967190448,0,secondary,191.1,334.09,87,5.0,38.0,0.8816,severe,1670.5,open,
accident,2026-08-27 17:30:00,5134983142_13731674299_0,5134983142,13731674299,0,secondary,18.4,189.66,5,9.5,38.0,0.7507,severe,1796.4,open,
accident,2026-08-27 17:30:00,12987028935_12987028934_0,12987028935,12987028934,0,trunk_link,33.3,305.95,14,9.0,35.0,0.7436,severe,2745.3,open,
normal,2026-08-27 14:00:00,2859386565_4247932843_0,2859386565,4247932843,0,secondary,11.0,59.72,1,29.0,38.0,0.2364,low,1732.9,open,
road_closure,2026-08-27 16:00:00,308779449_308779450_0,308779449,308779450,0,secondary,26.1,80.65,3,25.9,38.0,0.3193,moderate,2086.4,open,
sudden_congestion,2026-08-27 15:00:00,3248188088_3248188087_0,3248188088,3248188087,0,secondary,210.8,34.46,10,47.1,60.0,0.2154,low,1622.2,open,
accident,2026-08-27 17:30:00,7712811905_7712811896_0,7712811905,7712811896,0,primary,113.5,147.49,23,15.8,60.0,0.7374,severe,2323.5,open,
multiple_congested,2026-08-27 18:00:00,2231948961_3602309202_0,2231948961,3602309202,0,secondary,157.3,210.42,45,6.3,38.0,0.8329,severe,1336.0,open,
heavy_congestion,2026-08-27 18:30:00,11563630456_2089831713_0,11563630456,2089831713,0,primary,70.6,190.0,18,5.0,60.0,0.95,severe,950.0,open,
sudden_congestion,2026-08-27 15:00:00,312810220_306605315_0,312810220,306605315,0,secondary,47.2,53.28,3,30.0,38.0,0.2109,low,1597.7,open,
heavy_congestion,2026-08-27 18:30:00,5136179975_3602479268_0,5136179975,3602479268,0,secondary,705.7,168.75,161,12.6,38.0,0.668,heavy,2129.2,open,
clearing,2026-08-27 21:00:00,2234840825_7669086271_0,2234840825,7669086271,0,secondary,179.5,16.55,4,34.5,40.0,0.1379,low,570.8,open,
sudden_congestion,2026-08-27 15:00:00,2714801080_2714801082_0,2714801080,2714801082,0,primary,21.5,61.87,2,34.6,45.0,0.232,low,2138.1,open,
sudden_congestion,2026-08-27 15:00:00,3138825136_3154948624_0,3138825136,3154948624,0,primary,906.8,57.71,71,35.3,45.0,0.2164,low,2035.0,open,
sudden_congestion,2026-08-27 15:00:00,4000171690_3164238340_0,4000171690,3164238340,0,trunk,24.9,41.03,1,49.7,60.0,0.1709,low,2040.8,open,
normal,2026-08-27 14:00:00,2241238650_2241238670_0,2241238650,2241238670,0,secondary,24.8,53.7,2,29.9,38.0,0.2126,low,1606.9,open,
heavy_congestion,2026-08-27 18:30:00,7418722426_571180657_0,7418722426,571180657,0,secondary,382.7,240.0,124,5.0,38.0,0.95,severe,1200.0,open,
accident,2026-08-27 17:30:00,4182728545_2509297319_0,4182728545,2509297319,0,secondary,723.0,159.3,156,14.0,38.0,0.6306,heavy,2236.3,open,
multiple_congested,2026-08-27 18:00:00,10316789427_6149728075_0,10316789427,6149728075,0,primary,112.2,264.78,40,7.0,60.0,0.8826,severe,1865.3,open,
clearing,2026-08-27 21:00:00,306593190_2730650460_0,306593190,2730650460,0,trunk,27.3,23.68,1,54.1,60.0,0.0987,low,1280.8,open,
sudden_congestion,2026-08-27 15:00:00,11124436646_10196571641_0,11124436646,10196571641,0,secondary,7.0,65.52,1,28.1,38.0,0.2593,low,1844.0,open,
heavy_congestion,2026-08-27 18:30:00,661099969_7652990268_0,661099969,7652990268,0,secondary,21.0,185.34,5,10.1,38.0,0.7336,severe,1876.0,open,
heavy_congestion,2026-08-27 18:30:00,10727855893_10727855894_0,10727855893,10727855894,0,secondary,50.7,152.0,10,5.0,60.0,0.95,severe,760.0,open,
clearing,2026-08-27 21:00:00,12836588201_307058198_0,12836588201,307058198,0,trunk,208.4,29.86,8,52.5,60.0,0.1244,low,1568.6,open,
road_closure,2026-08-27 16:00:00,7220801886_3598283625_0,7220801886,3598283625,0,secondary,26.6,76.87,3,26.4,38.0,0.3043,moderate,2032.2,open,
accident,2026-08-27 17:30:00,7663584193_7663584188_0,7663584193,7663584188,0,secondary,209.2,115.37,33,16.7,60.0,0.7211,severe,1930.8,open,
clearing,2026-08-27 21:00:00,3155759966_3205619981_0,3155759966,3205619981,0,trunk,38.1,24.75,1,53.8,60.0,0.1031,low,1332.1,open,
normal,2026-08-27 14:00:00,3618948801_7594148459_0,3618948801,7594148459,0,secondary,27.7,30.18,1,48.7,60.0,0.1886,low,1469.2,open,
normal,2026-08-27 14:00:00,661967261_7096301223_0,661967261,7096301223,0,primary,905.8,62.9,77,34.4,45.0,0.2359,low,2162.8,open,
normal,2026-08-27 14:00:00,306631565_9592043122_0,306631565,9592043122,0,secondary,54.0,37.81,3,32.3,38.0,0.1496,low,1221.6,open,
sudden_congestion,2026-08-27 15:00:00,306598185_306593140_0,306598185,306593140,0,trunk,141.3,41.6,8,49.6,60.0,0.1733,low,2063.3,open,
sudden_congestion,2026-08-27 15:00:00,2854814891_1321357933_0,2854814891,1321357933,0,secondary,125.6,47.78,8,37.6,50.0,0.2489,low,1794.6,open,
normal,2026-08-27 14:00:00,2881689839_2881689838_0,2881689839,2881689838,0,secondary,53.4,31.78,2,48.1,60.0,0.1987,low,1528.2,open,
sudden_congestion,2026-08-27 15:00:00,9569955896_10047125850_0,9569955896,10047125850,0,secondary,9.0,39.89,0,32.0,38.0,0.1579,low,1276.4,open,
peak_hour,2026-08-27 18:30:00,324209973_7003661906_0,324209973,7003661906,0,secondary,45.5,101.9,6,21.8,60.0,0.6369,heavy,2220.2,open,
sudden_congestion,2026-08-27 15:00:00,308975698_308975696_0,308975698,308975696,0,primary,20.8,49.14,1,36.7,45.0,0.1843,low,1803.9,open,
normal,2026-08-27 14:00:00,7578269206_571357716_0,7578269206,571357716,0,trunk,739.4,34.39,34,51.4,60.0,0.1433,low,1767.8,open,
normal,2026-08-27 14:00:00,3554707877_7571887389_0,3554707877,7571887389,0,secondary,761.8,51.47,53,30.3,38.0,0.2037,low,1557.5,open,
sudden_congestion,2026-08-27 15:00:00,3598254530_7712503421_0,3598254530,7712503421,0,primary,79.4,72.78,8,32.7,45.0,0.2729,low,2381.2,open,
sudden_congestion,2026-08-27 15:00:00,12299352983_2581456872_0,12299352983,2581456872,0,primary,928.5,59.06,74,35.0,45.0,0.2215,low,2069.0,open,
clearing,2026-08-27 21:00:00,7730811852_2782802214_0,7730811852,2782802214,0,secondary,36.3,26.79,1,34.0,38.0,0.106,low,910.0,open,
multiple_congested,2026-08-27 18:00:00,701228145_7732972088_0,701228145,7732972088,0,primary,28.6,278.24,11,13.7,45.0,0.6956,heavy,3811.3,open,
road_closure,2026-08-27 16:00:00,14086856078_2461280242_0,14086856078,2461280242,0,primary,151.0,73.81,15,37.9,60.0,0.369,moderate,2794.2,open,
accident,2026-08-27 17:30:00,2782873774_2782873772_0,2782873774,2782873772,0,secondary,1066.6,105.8,153,22.4,50.0,0.5511,heavy,2375.0,open,
accident,2026-08-27 17:30:00,7536444600_7539782418_0,7536444600,7539782418,0,primary,123.3,176.45,29,15.2,45.0,0.6617,heavy,2686.3,open,
heavy_congestion,2026-08-27 18:30:00,3602307556_3602307571_0,3602307556,3602307571,0,secondary,25.5,158.35,5,14.2,38.0,0.6268,heavy,2245.7,open,
peak_hour,2026-08-27 18:30:00,308531992_3612557957_0,308531992,3612557957,0,secondary,52.3,156.48,11,9.3,50.0,0.815,severe,1447.5,open,
accident,2026-08-27 17:30:00,4189438452_3783007599_0,4189438452,3783007599,0,secondary,6.9,145.82,1,16.1,38.0,0.5772,heavy,2342.8,open,
sudden_congestion,2026-08-27 15:00:00,2847726101_8348426916_0,2847726101,8348426916,0,secondary,72.8,56.58,6,29.5,38.0,0.2239,low,1668.4,open,
road_closure,2026-08-27 16:00:00,3182362255_3182362250_0,3182362255,3182362250,0,secondary,119.6,73.89,12,26.9,38.0,0.2925,low,1986.6,open,
normal,2026-08-27 14:00:00,571172311_12874689724_0,571172311,12874689724,0,trunk,9.3,48.82,1,47.8,60.0,0.2034,low,2333.4,open,
normal,2026-08-27 14:00:00,3598283662_2786023326_0,3598283662,2786023326,0,secondary,39.8,43.48,2,31.5,38.0,0.1721,low,1367.9,open,
road_closure,2026-08-27 16:00:00,2852505041_2852505037_0,2852505041,2852505037,0,secondary,34.8,82.46,4,25.6,38.0,0.3264,moderate,2110.8,open,
road_closure,2026-08-27 16:00:00,3612572346_9713135327_0,3612572346,9713135327,0,primary,100.2,66.57,9,40.0,60.0,0.3328,moderate,2664.7,open,
sudden_congestion,2026-08-27 15:00:00,4334996348_4183241939_0,4334996348,4183241939,0,primary,78.2,61.03,6,41.7,60.0,0.3051,moderate,2544.4,open,
accident,2026-08-27 17:30:00,2090103372_2416012211_0,2090103372,2416012211,0,secondary,563.3,165.08,126,13.2,38.0,0.6534,heavy,2174.0,open,
road_closure,2026-08-27 16:00:00,2225281404_3598264001_0,2225281404,3598264001,0,secondary,21.1,62.37,2,28.6,38.0,0.2469,low,1785.0,open,
heavy_congestion,2026-08-27 18:30:00,3670021748_3483908681_0,3670021748,3483908681,0,primary,97.7,285.0,38,5.0,60.0,0.95,severe,1425.0,open,
heavy_congestion,2026-08-27 18:30:00,4314601143_4314601150_0,4314601143,4314601150,0,secondary,339.2,190.07,87,9.4,38.0,0.7524,severe,1788.6,open,
heavy_congestion,2026-08-27 18:30:00,12686579874_2590077935_0,12686579874,2590077935,0,trunk,301.0,192.33,78,11.9,60.0,0.8014,severe,2292.2,open,
clearing,2026-08-27 21:00:00,3618940645_7669456139_0,3618940645,7669456139,0,secondary,9.0,39.91,0,32.0,38.0,0.158,low,1277.0,open,
multiple_congested,2026-08-27 18:00:00,1557485434_3155747528_0,1557485434,3155747528,0,secondary,142.0,111.76,22,18.1,60.0,0.6985,heavy,2021.8,open,
normal,2026-08-27 14:00:00,3614508029_3614508019_0,3614508029,3614508019,0,secondary,65.7,65.23,6,28.2,38.0,0.2582,low,1838.7,open,
heavy_congestion,2026-08-27 18:30:00,7646436369_1311045939_0,7646436369,1311045939,0,secondary,93.0,170.24,21,12.4,38.0,0.6739,heavy,2109.8,open,
sudden_congestion,2026-08-27 15:00:00,3205653504_12855112098_0,3205653504,12855112098,0,primary,39.6,79.45,4,31.6,45.0,0.2979,low,2510.0,open,
normal,2026-08-27 14:00:00,3649030561_3664991215_0,3649030561,3664991215,0,secondary,41.6,49.73,3,30.5,38.0,0.1968,low,1517.7,open,
accident,2026-08-27 17:30:00,4514120431_3784141122_0,4514120431,3784141122,0,secondary,1201.8,176.53,287,11.4,38.0,0.6988,heavy,2020.7,open,
sudden_congestion,2026-08-27 15:00:00,2789776585_11576033802_0,2789776585,11576033802,0,secondary,100.5,64.3,9,28.3,38.0,0.2545,low,1821.4,open,
accident,2026-08-27 17:30:00,10236649115_10236649116_0,10236649115,10236649116,0,secondary,5.9,203.44,2,7.4,38.0,0.8053,severe,1505.4,open,
multiple_congested,2026-08-27 18:00:00,3598312445_11568741450_0,3598312445,11568741450,0,secondary,23.2,211.08,7,6.2,38.0,0.8355,severe,1319.2,open,
normal,2026-08-27 14:00:00,9926423603_4319990224_0,9926423603,4319990224,0,trunk,173.1,33.6,8,51.6,60.0,0.14,low,1733.8,open,
peak_hour,2026-08-27 18:30:00,4116753817_3507326974_0,4116753817,3507326974,0,trunk,166.5,123.48,28,29.1,60.0,0.5145,heavy,3597.0,open,
road_closure,2026-08-27 16:00:00,2236747949_245640612_0,2236747949,245640612,0,trunk,108.0,54.07,8,46.5,60.0,0.2253,low,2513.2,open,
heavy_congestion,2026-08-27 18:30:00,2764031850_2763929430_0,2764031850,2763929430,0,secondary,28.1,177.67,7,5.0,50.0,0.9253,severe,888.3,open,
clearing,2026-08-27 21:00:00,3649019746_2247752577_0,3649019746,2247752577,0,secondary,54.4,29.52,2,33.6,38.0,0.1169,low,990.7,open,
multiple_congested,2026-08-27 18:00:00,12329989080_12329989084_0,12329989080,12329989084,0,primary_link,54.8,380.0,28,5.0,30.0,0.95,severe,1900.0,open,
accident,2026-08-27 17:30:00,2764031793_2763929430_0,2764031793,2763929430,0,secondary,63.9,142.22,12,13.0,50.0,0.7407,severe,1843.7,open,
road_closure,2026-08-27 16:00:00,3164426481_308775908_0,3164426481,308775908,0,secondary,16.6,66.11,1,28.1,38.0,0.2617,low,1854.7,open,
accident,2026-08-27 17:30:00,10688638950_11527556249_0,10688638950,11527556249,0,primary,1176.9,110.25,176,26.9,60.0,0.5513,heavy,2968.5,open,
clearing,2026-08-27 21:00:00,3154074785_3154074782_0,3154074785,3154074782,0,secondary,155.3,29.14,6,33.6,38.0,0.1153,low,979.6,open,
normal,2026-08-27 14:00:00,3415837320_308614045_0,3415837320,308614045,0,primary,8.5,55.68,1,43.3,60.0,0.2784,low,2410.8,open,
heavy_congestion,2026-08-27 18:30:00,315072850_3598268211_0,315072850,3598268211,0,secondary,60.5,151.96,12,10.4,50.0,0.7914,severe,1584.6,open,
clearing,2026-08-27 21:00:00,5153212555_317757764_0,5153212555,317757764,0,secondary,6.8,42.39,0,31.6,38.0,0.1678,low,1340.5,open,
sudden_congestion,2026-08-27 15:00:00,352754365_10154052375_0,352754365,10154052375,0,secondary,13.2,53.76,1,29.9,38.0,0.2128,low,1608.1,open,
heavy_congestion,2026-08-27 18:30:00,2585223834_1624284157_0,2585223834,1624284157,0,trunk,60.5,147.1,12,23.2,60.0,0.6129,heavy,3416.4,open,
peak_hour,2026-08-27 18:30:00,4197094049_3614580945_0,4197094049,3614580945,0,secondary,38.9,110.04,6,5.0,40.0,0.917,severe,550.2,open,
accident,2026-08-27 17:30:00,3598325364_4196528770_0,3598325364,4196528770,0,secondary,44.8,142.04,9,16.6,38.0,0.5622,heavy,2362.8,open,
heavy_congestion,2026-08-27 18:30:00,6559242028_1947735033_0,6559242028,1947735033,0,trunk,143.7,155.3,30,21.2,60.0,0.6471,heavy,3288.5,open,
accident,2026-08-27 17:30:00,6714428714_11817937864_0,6714428714,11817937864,0,trunk,5.4,152.84,1,21.8,60.0,0.6368,heavy,3330.4,open,
sudden_congestion,2026-08-27 15:00:00,3791314976_5968354292_0,3791314976,5968354292,0,trunk,471.2,36.55,23,50.9,60.0,0.1523,low,1859.1,open,
heavy_congestion,2026-08-27 18:30:00,2491309108_2491309104_0,2491309108,2491309104,0,secondary,81.8,236.77,26,5.0,38.0,0.9372,severe,1183.9,open,
normal,2026-08-27 14:00:00,3598256495_3229455826_0,3598256495,3229455826,0,primary,165.5,48.68,11,45.4,60.0,0.2434,low,2209.8,open,
peak_hour,2026-08-27 18:30:00,3166299620_10722599202_0,3166299620,10722599202,0,secondary,99.4,122.27,16,14.1,60.0,0.7642,severe,1730.1,open,
multiple_congested,2026-08-27 18:00:00,7532139085_7444474300_0,7532139085,7444474300,0,secondary,23.9,172.02,6,12.1,38.0,0.6809,heavy,2085.8,open,
clearing,2026-08-27 21:00:00,4328527336_4328527330_0,4328527336,4328527330,0,primary,10.3,35.57,0,49.3,60.0,0.1778,low,1754.5,open,
peak_hour,2026-08-27 18:30:00,2000781471_1705510775_0,2000781471,1705510775,0,secondary,72.9,134.61,13,17.8,38.0,0.5328,heavy,2389.7,open,
accident,2026-08-27 17:30:00,11830111293_307096150_0,11830111293,307096150,0,trunk,161.8,109.61,24,32.6,60.0,0.4567,moderate,3573.0,open,
heavy_congestion,2026-08-27 18:30:00,2461299843_13330101255_0,2461299843,13330101255,0,primary,12.2,200.63,3,8.2,50.0,0.8359,severe,1645.7,open,
multiple_congested,2026-08-27 18:00:00,1317538177_308532030_0,1317538177,308532030,0,secondary,21.5,105.64,3,22.5,50.0,0.5502,heavy,2375.8,open,
heavy_congestion,2026-08-27 18:30:00,7712535656_7712569690_0,7712535656,7712569690,0,primary,44.1,207.84,12,9.9,45.0,0.7794,severe,2063.3,open,
peak_hour,2026-08-27 18:30:00,10572790441_701207912_0,10572790441,701207912,0,motorway_link,1386.9,245.58,462,16.2,30.0,0.4605,moderate,3975.0,open,
accident,2026-08-27 17:30:00,2730650234_2730650235_0,2730650234,2730650235,0,trunk,33.5,103.22,5,34.2,60.0,0.4301,moderate,3529.6,open,
road_closure,2026-08-27 16:00:00,6536760297_854973000_0,6536760297,854973000,0,trunk,179.8,61.85,15,44.5,60.0,0.2577,low,2754.5,open,
heavy_congestion,2026-08-27 18:30:00,8386715638_8386715639_0,8386715638,8386715639,0,primary,29.0,253.33,10,5.0,45.0,0.95,severe,1266.7,open,
peak_hour,2026-08-27 18:30:00,7444474472_571166445_0,7444474472,571166445,0,secondary,267.9,160.84,58,13.8,38.0,0.6367,heavy,2220.7,open,
accident,2026-08-27 17:30:00,308613982_308613999_0,308613982,308613999,0,secondary,1227.4,115.77,193,19.9,50.0,0.603,heavy,2298.3,open,
accident,2026-08-27 17:30:00,7651438873_7651438869_0,7651438873,7651438869,0,secondary,12.5,182.15,3,10.6,38.0,0.721,severe,1931.1,open,
accident,2026-08-27 17:30:00,10277247202_11353333852_0,10277247202,11353333852,0,secondary,414.8,185.26,104,10.1,38.0,0.7333,severe,1877.4,open,
peak_hour,2026-08-27 18:30:00,1337361855_7695372953_0,1337361855,7695372953,0,secondary,59.9,104.57,8,20.8,60.0,0.6536,heavy,2173.6,open,
multiple_congested,2026-08-27 18:00:00,4267591146_4267591145_0,4267591146,4267591145,0,secondary,51.1,238.87,17,5.0,38.0,0.9455,severe,1194.4,open,
normal,2026-08-27 14:00:00,13382867223_9666163284_0,13382867223,9666163284,0,primary,189.2,65.78,17,33.9,45.0,0.2467,low,2229.9,open,
peak_hour,2026-08-27 18:30:00,571166206_7572332848_0,571166206,7572332848,0,primary,100.8,185.07,25,13.8,45.0,0.694,heavy,2548.3,open,
sudden_congestion,2026-08-27 15:00:00,308938344_308942951_0,308938344,308942951,0,secondary,260.8,40.05,14,32.0,38.0,0.1585,low,1280.7,open,
clearing,2026-08-27 21:00:00,10108052271_1320879993_0,10108052271,1320879993,0,primary,48.4,33.63,2,49.9,60.0,0.1682,low,1678.6,open,
road_closure,2026-08-27 16:00:00,3598255444_308597337_0,3598255444,308597337,0,primary,83.2,72.03,8,38.4,60.0,0.3602,moderate,2765.3,open,
heavy_congestion,2026-08-27 18:30:00,7129724434_7229239265_0,7129724434,7229239265,0,primary,385.6,229.48,120,6.3,45.0,0.8606,severe,1439.9,open,
heavy_congestion,2026-08-27 18:30:00,2781464466_7062977483_0,2781464466,7062977483,0,secondary,38.9,137.98,7,14.1,50.0,0.7186,severe,1941.1,open,
peak_hour,2026-08-27 18:30:00,4201669186_4201669188_0,4201669186,4201669188,0,secondary,11.3,141.3,2,16.7,38.0,0.5593,heavy,2366.2,open,
peak_hour,2026-08-27 18:30:00,3614580945_3614580943_0,3614580945,3614580943,0,secondary,34.7,106.92,5,5.0,40.0,0.891,severe,534.6,open,
sudden_congestion,2026-08-27 15:00:00,11818443936_11818443935_0,11818443936,11818443935,0,secondary,319.7,56.6,25,29.5,38.0,0.2241,low,1669.0,open,
multiple_congested,2026-08-27 18:00:00,2249841585_2249841590_0,2249841585,2249841590,0,secondary,22.1,232.72,7,5.0,38.0,0.9212,severe,1163.6,open,
multiple_congested,2026-08-27 18:00:00,3157345068_11836615906_0,3157345068,11836615906,0,primary,75.5,175.28,18,7.4,60.0,0.8764,severe,1299.8,open,
road_closure,2026-08-27 16:00:00,11527398897_11527398888_0,11527398897,11527398888,0,secondary,41.6,91.18,5,24.3,38.0,0.3609,moderate,2214.3,open,
normal,2026-08-27 14:00:00,2859817651_2859817652_0,2859817651,2859817652,0,secondary,6.4,49.62,0,37.1,50.0,0.2584,low,1839.7,open,
multiple_congested,2026-08-27 18:00:00,306621409_306621420_0,306621409,306621420,0,secondary,65.4,153.67,14,14.9,38.0,0.6083,heavy,2287.4,open,
multiple_congested,2026-08-27 18:00:00,306605307_2243960974_0,306605307,2243960974,0,secondary,82.4,223.45,25,5.0,38.0,0.8845,severe,1117.2,open,
road_closure,2026-08-27 16:00:00,3598314479_3598314466_0,3598314479,3598314466,0,secondary,32.5,46.22,2,38.0,50.0,0.2407,low,1754.6,open,
normal,2026-08-27 14:00:00,3612569624_3169797989_0,3612569624,3169797989,0,trunk,234.9,44.6,14,48.8,60.0,0.1859,low,2178.9,open,
clearing,2026-08-27 21:00:00,6353976389_353736927_0,6353976389,353736927,0,secondary,4.6,34.25,0,32.8,38.0,0.1356,low,1125.2,open,
road_closure,2026-08-27 16:00:00,3229436759_3205666834_0,3229436759,3205666834,0,primary,95.0,67.58,9,35.9,50.0,0.2816,low,2427.6,open,
sudden_congestion,2026-08-27 15:00:00,2180033483_2180033488_0,2180033483,2180033488,0,trunk,99.7,62.47,8,49.6,60.0,0.1735,low,3097.7,open,
heavy_congestion,2026-08-27 18:30:00,11885826995_11946730570_0,11885826995,11946730570,0,primary,502.1,253.33,172,5.0,45.0,0.95,severe,1266.7,open,
accident,2026-08-27 17:30:00,4342904921_2181332970_0,4342904921,2181332970,0,trunk,28.5,129.78,5,27.6,60.0,0.5407,heavy,3576.1,open,
clearing,2026-08-27 21:00:00,3664991215_2214196842_0,3664991215,2214196842,0,secondary_link,115.5,57.53,9,23.3,28.0,0.1678,low,1340.6,open,
peak_hour,2026-08-27 18:30:00,2726468507_2726468508_0,2726468507,2726468508,0,secondary,35.8,146.42,7,16.0,38.0,0.5796,heavy,2339.2,open,
clearing,2026-08-27 21:00:00,2763929152_3164250094_0,2763929152,3164250094,0,trunk,60.8,28.6,2,52.8,60.0,0.1192,low,1511.7,open,
peak_hour,2026-08-27 18:30:00,3166254496_4317346519_0,3166254496,4317346519,0,primary,9.1,134.81,2,19.6,60.0,0.6741,heavy,2636.4,open,
road_closure,2026-08-27 16:00:00,11803980301_11803980294_0,11803980301,11803980294,0,trunk,104.0,70.06,10,42.5,60.0,0.2919,low,2976.5,open,
clearing,2026-08-27 21:00:00,2214196862_3648968925_0,2214196862,3648968925,0,secondary,899.6,41.06,50,31.8,38.0,0.1625,low,1306.6,open,
normal,2026-08-27 14:00:00,3147189450_308796014_0,3147189450,308796014,0,primary,10.7,52.08,1,44.4,60.0,0.2604,low,2311.2,open,
clearing,2026-08-27 21:00:00,2180797330_2852505578_0,2180797330,2852505578,0,trunk,28.7,26.34,1,53.4,60.0,0.1097,low,1406.7,open,
accident,2026-08-27 17:30:00,2857325757_1754245998_0,2857325757,1754245998,0,trunk,188.5,109.15,28,32.7,60.0,0.4548,moderate,3570.6,open,
clearing,2026-08-27 21:00:00,2847561297_308779537_0,2847561297,308779537,0,secondary,43.4,30.57,2,33.4,38.0,0.121,low,1021.1,open,
clearing,2026-08-27 21:00:00,7679429196_3550348870_0,7679429196,3550348870,0,secondary,33.5,38.95,2,32.1,38.0,0.1542,low,1251.9,open,
multiple_congested,2026-08-27 18:00:00,10216996364_11041879387_0,10216996364,11041879387,0,trunk,93.1,220.39,28,23.3,60.0,0.6122,heavy,5128.1,open,
accident,2026-08-27 17:30:00,7648934125_7246404348_0,7648934125,7246404348,0,secondary,35.8,187.43,9,9.8,38.0,0.7419,severe,1838.2,open,
sudden_congestion,2026-08-27 15:00:00,7641829115_7641829114_0,7641829115,7641829114,0,trunk,128.9,42.78,7,49.3,60.0,0.1782,low,2109.1,open,
road_closure,2026-08-27 16:00:00,2803360600_2803360597_0,2803360600,2803360597,0,secondary,19.0,62.36,2,36.6,60.0,0.3898,moderate,2283.3,open,
sudden_congestion,2026-08-27 15:00:00,3618949526_3618949550_0,3618949526,3618949550,0,secondary,112.1,31.4,5,48.2,60.0,0.1962,low,1514.3,open,
normal,2026-08-27 14:00:00,662741897_7701752874_0,662741897,7701752874,0,primary,9.3,52.65,1,44.2,60.0,0.2632,low,2327.4,open,
peak_hour,2026-08-27 18:30:00,7713606175_7713606174_0,7713606175,7713606174,0,trunk,87.9,161.15,19,19.7,60.0,0.6715,heavy,3176.6,open,
heavy_congestion,2026-08-27 18:30:00,11206916572_11206916571_0,11206916572,11206916571,0,secondary,162.3,158.82,35,14.1,38.0,0.6286,heavy,2241.1,open,
road_closure,2026-08-27 16:00:00,3147189497_3147189495_0,3147189497,3147189495,0,primary_link,19.7,166.38,4,17.5,30.0,0.4159,moderate,2915.2,open,
sudden_congestion,2026-08-27 15:00:00,2790072967_312796901_0,2790072967,312796901,0,secondary,66.2,69.2,6,27.6,38.0,0.2739,low,1909.4,open,
heavy_congestion,2026-08-27 18:30:00,3164012063_3789901286_0,3164012063,3789901286,0,motorway_link,698.4,163.44,155,7.3,40.0,0.8172,severe,1195.0,open,
normal,2026-08-27 14:00:00,571356050_2583289984_0,571356050,2583289984,0,trunk,660.7,48.7,44,47.8,60.0,0.2029,low,2328.9,open,
accident,2026-08-27 17:30:00,7694926219_3191118778_0,7694926219,3191118778,0,secondary,12.0,94.35,2,24.6,60.0,0.5897,heavy,2322.8,open,
accident,2026-08-27 17:30:00,3791314976_5968354292_0,3791314976,5968354292,0,trunk,471.2,106.19,68,33.5,60.0,0.4425,moderate,3552.3,open,
sudden_congestion,2026-08-27 15:00:00,3598257775_289520551_0,3598257775,289520551,0,secondary,104.1,34.8,5,46.9,60.0,0.2175,low,1633.9,open,
sudden_congestion,2026-08-27 15:00:00,10576166355_10576166354_0,10576166355,10576166354,0,primary_link,17.9,99.79,2,22.5,30.0,0.2495,low,2246.9,open,
normal,2026-08-27 14:00:00,8386683567_3679994269_0,8386683567,3679994269,0,trunk,32.6,39.06,2,50.2,60.0,0.1627,low,1962.0,open,
sudden_congestion,2026-08-27 15:00:00,11037059031_1318409213_0,11037059031,1318409213,0,secondary,239.8,37.23,12,46.0,60.0,0.2327,low,1714.1,open,
sudden_congestion,2026-08-27 15:00:00,3602316390_3602316332_0,3602316390,3602316332,0,primary,38.6,60.8,3,41.8,60.0,0.304,moderate,2539.0,open,
peak_hour,2026-08-27 18:30:00,7712569690_7712569691_0,7712569690,7712569691,0,primary,16.5,184.41,4,13.9,45.0,0.6915,heavy,2559.8,open,
clearing,2026-08-27 21:00:00,3618942574_7691556337_0,3618942574,7691556337,0,secondary,55.0,35.47,3,32.7,38.0,0.1404,low,1158.7,open,
heavy_congestion,2026-08-27 18:30:00,2177311082_3612570325_0,2177311082,3612570325,0,trunk,19.9,320.43,9,6.6,60.0,0.8901,severe,2113.0,open,
peak_hour,2026-08-27 18:30:00,3579912097_3579912047_0,3579912097,3579912047,0,primary,67.3,149.91,14,15.0,60.0,0.7495,severe,2252.8,open,
clearing,2026-08-27 21:00:00,2794267889_2794267886_0,2794267889,2794267886,0,trunk,38.6,27.69,1,53.1,60.0,0.1154,low,1469.7,open,
peak_hour,2026-08-27 18:30:00,2222307909_752186816_0,2222307909,752186816,0,secondary,141.8,100.94,19,23.7,50.0,0.5258,heavy,2393.6,open,
normal,2026-08-27 14:00:00,11539955849_4327976611_0,11539955849,4327976611,0,primary,95.1,48.83,6,45.4,60.0,0.2441,low,2214.4,open,
clearing,2026-08-27 21:00:00,11846684949_571152682_0,11846684949,571152682,0,trunk_link,8.3,63.18,1,29.6,35.0,0.1536,low,1871.8,open,
normal,2026-08-27 14:00:00,6390395973_6390395975_0,6390395973,6390395975,0,primary,135.6,45.91,8,46.2,60.0,0.2295,low,2122.2,open,
accident,2026-08-27 17:30:00,3612572324_3612572326_0,3612572324,3612572326,0,secondary,67.9,106.12,10,20.2,60.0,0.6633,heavy,2144.1,open,
peak_hour,2026-08-27 18:30:00,4204193903_3612550949_0,4204193903,3612550949,0,primary,24.9,253.33,9,5.0,45.0,0.95,severe,1266.7,open,
heavy_congestion,2026-08-27 18:30:00,2739328898_1820106379_0,2739328898,1820106379,0,secondary,46.6,240.0,15,5.0,38.0,0.95,severe,1200.0,open,
road_closure,2026-08-27 16:00:00,7246402367_7577452445_0,7246402367,7577452445,0,secondary,17.7,60.78,1,28.9,38.0,0.2406,low,1753.9,open,
clearing,2026-08-27 21:00:00,701289640_1118797968_0,701289640,1118797968,0,motorway_link,1039.0,17.64,25,44.5,50.0,0.1102,low,784.7,open,
peak_hour,2026-08-27 18:30:00,3217011437_3598253744_0,3217011437,3598253744,0,primary,8.7,153.73,2,13.9,60.0,0.7687,severe,2133.8,open,
heavy_congestion,2026-08-27 18:30:00,3670021643_1948942464_0,3670021643,1948942464,0,primary,164.5,190.0,42,5.0,60.0,0.95,severe,950.0,open,
peak_hour,2026-08-27 18:30:00,3648915522_3602387039_0,3648915522,3602387039,0,primary,1081.1,240.74,353,5.0,45.0,0.9028,severe,1203.7,open,
road_closure,2026-08-27 16:00:00,11061322646_1706619913_0,11061322646,1706619913,0,secondary,25.0,59.11,2,34.6,50.0,0.3079,moderate,2045.6,open,
heavy_congestion,2026-08-27 18:30:00,2835239047_352754374_0,2835239047,352754374,0,secondary,88.3,240.0,29,5.0,38.0,0.95,severe,1200.0,open,
normal,2026-08-27 14:00:00,6518597952_308775922_0,6518597952,308775922,0,secondary,21.3,43.02,1,38.8,50.0,0.2241,low,1669.1,open,
sudden_congestion,2026-08-27 15:00:00,7444474474_571166442_0,7444474474,571166442,0,secondary,12.3,69.52,1,27.5,38.0,0.2752,low,1914.7,open,
heavy_congestion,2026-08-27 18:30:00,315072767_14014153390_0,315072767,14014153390,0,secondary,5.0,182.4,1,5.0,50.0,0.95,severe,912.0,open,
normal,2026-08-27 14:00:00,1295699861_11521150718_0,1295699861,11521150718,0,primary,92.8,35.61,4,49.3,60.0,0.1781,low,1756.3,open,
multiple_congested,2026-08-27 18:00:00,9567414637_9567414636_0,9567414637,9567414636,0,primary_link,9.6,374.69,5,5.0,30.0,0.9367,severe,1873.5,open,
accident,2026-08-27 17:30:00,3507327076_3507327084_0,3507327076,3507327084,0,trunk,1505.2,138.2,282,25.5,60.0,0.5758,heavy,3517.2,open,
multiple_congested,2026-08-27 18:00:00,928699967_3598273572_0,928699967,3598273572,0,secondary,38.8,154.26,8,14.8,38.0,0.6106,heavy,2282.6,open,
clearing,2026-08-27 21:00:00,2234668378_4204310643_0,2234668378,4204310643,0,secondary,41.8,14.12,1,35.3,40.0,0.1177,low,498.3,open,
peak_hour,2026-08-27 18:30:00,321717508_1323542810_0,321717508,1323542810,0,secondary,259.5,184.01,65,10.3,38.0,0.7284,severe,1899.3,open,
heavy_congestion,2026-08-27 18:30:00,6518026561_6518026560_0,6518026561,6518026560,0,secondary_link,8.9,325.71,4,5.0,28.0,0.95,severe,1628.6,open,
clearing,2026-08-27 21:00:00,306631580_2857910263_0,306631580,2857910263,0,secondary,29.8,46.45,2,31.0,38.0,0.1839,low,1440.6,open,
sudden_congestion,2026-08-27 15:00:00,11520864554_6152745197_0,11520864554,6152745197,0,trunk,9.0,35.27,0,51.2,60.0,0.147,low,1805.3,open,
multiple_congested,2026-08-27 18:00:00,3598314818_3598314882_0,3598314818,3598314882,0,secondary,45.6,166.19,10,6.7,50.0,0.8656,severe,1117.1,open,
normal,2026-08-27 14:00:00,306598204_3612553494_0,306598204,3612553494,0,primary,44.4,53.44,3,38.9,50.0,0.2227,low,2077.2,open,
road_closure,2026-08-27 16:00:00,1945545824_13313159742_0,1945545824,13313159742,0,secondary,34.7,56.62,3,35.3,50.0,0.2949,low,1996.1,open,
sudden_congestion,2026-08-27 15:00:00,352754374_2835239047_0,352754374,2835239047,0,secondary,88.3,44.8,5,31.3,38.0,0.1773,low,1400.5,open,
sudden_congestion,2026-08-27 15:00:00,2240857756_6517951454_0,2240857756,6517951454,0,secondary,13.3,53.52,1,29.9,38.0,0.2119,low,1603.0,open,
heavy_congestion,2026-08-27 18:30:00,4189390480_4189390476_0,4189390480,4189390476,0,secondary,28.1,240.0,9,5.0,38.0,0.95,severe,1200.0,open,
heavy_congestion,2026-08-27 18:30:00,7713048844_7713048843_0,7713048844,7713048843,0,primary,61.0,149.55,12,15.1,60.0,0.7478,severe,2263.3,open,
normal,2026-08-27 14:00:00,12121751856_7641829115_0,12121751856,7641829115,0,trunk,13.5,33.48,1,51.6,60.0,0.1395,low,1728.4,open,
peak_hour,2026-08-27 18:30:00,4552473031_12312655881_0,4552473031,12312655881,0,primary,78.2,196.42,21,11.9,45.0,0.7366,severe,2328.4,open,
sudden_congestion,2026-08-27 15:00:00,308538867_2854814640_0,308538867,2854814640,0,primary,36.0,54.46,3,38.7,50.0,0.2269,low,2105.1,open,
peak_hour,2026-08-27 18:30:00,1891028102_11481667671_0,1891028102,11481667671,0,secondary,41.1,180.39,10,18.7,50.0,0.6264,heavy,3370.1,open,
sudden_congestion,2026-08-27 15:00:00,3146877633_2570967707_0,3146877633,2570967707,0,secondary,19.9,26.4,1,50.1,60.0,0.165,low,1322.8,open,
peak_hour,2026-08-27 18:30:00,308795997_3166108200_0,308795997,3166108200,0,primary,135.7,184.01,34,5.0,60.0,0.9201,severe,920.1,open,
peak_hour,2026-08-27 18:30:00,2247638169_2225276735_0,2247638169,2225276735,0,secondary,30.0,155.48,6,14.6,38.0,0.6154,heavy,2272.1,open,
normal,2026-08-27 14:00:00,1024196739_2225437258_0,1024196739,2225437258,0,secondary,81.4,38.61,4,45.5,60.0,0.2413,low,1757.7,open,
peak_hour,2026-08-27 18:30:00,7579290957_7579365438_0,7579290957,7579365438,0,secondary,2.8,187.31,1,9.8,38.0,0.7414,severe,1840.4,open,
multiple_congested,2026-08-27 18:00:00,12399890821_1312668141_0,12399890821,1312668141,0,secondary,12.5,231.3,4,5.0,38.0,0.9156,severe,1156.5,open,
heavy_congestion,2026-08-27 18:30:00,3602300110_3602300080_0,3602300110,3602300080,0,primary,78.2,159.9,17,12.0,60.0,0.7995,severe,1923.7,open,
clearing,2026-08-27 21:00:00,3666158900_3648916631_0,3666158900,3648916631,0,trunk,570.5,25.35,20,53.7,60.0,0.1056,low,1360.4,open,
multiple_congested,2026-08-27 18:00:00,307059969_3614576950_0,307059969,3614576950,0,primary,227.9,190.0,59,5.0,60.0,0.95,severe,950.0,open,
clearing,2026-08-27 21:00:00,6308390067_6308390570_0,6308390067,6308390570,0,secondary,130.3,45.27,8,31.2,38.0,0.1792,low,1412.0,open,
peak_hour,2026-08-27 18:30:00,3602311023_3602311022_0,3602311023,3602311022,0,primary,10.2,175.11,2,25.0,60.0,0.5837,heavy,4373.9,open,
accident,2026-08-27 17:30:00,3612546948_289930980_0,3612546948,289930980,0,secondary,65.0,191.11,17,9.3,38.0,0.7565,severe,1768.4,open,
sudden_congestion,2026-08-27 15:00:00,11064437454_308532093_0,11064437454,308532093,0,secondary,8.9,64.6,1,28.3,38.0,0.2557,low,1827.0,open,
accident,2026-08-27 17:30:00,7607523653_7419125590_0,7607523653,7419125590,0,secondary,71.9,201.07,20,7.8,38.0,0.7959,severe,1559.4,open,
road_closure,2026-08-27 16:00:00,2781424472_3614500912_0,2781424472,3614500912,0,primary,159.3,87.64,19,33.7,60.0,0.4382,moderate,2954.1,open,
normal,2026-08-27 14:00:00,3579915357_10281703616_0,3579915357,10281703616,0,secondary,83.3,27.86,3,49.6,60.0,0.1741,low,1380.5,open,
sudden_congestion,2026-08-27 15:00:00,308530115_3612559019_0,308530115,3612559019,0,secondary,31.3,51.99,2,36.5,50.0,0.2708,low,1895.6,open,
multiple_congested,2026-08-27 18:00:00,12640162529_3184183909_0,12640162529,3184183909,0,trunk,6.3,182.97,2,14.3,60.0,0.7624,severe,2608.8,open,
accident,2026-08-27 17:30:00,1624284120_2236889745_0,1624284120,2236889745,0,trunk,45.7,221.88,14,23.0,60.0,0.6163,heavy,5107.6,open,
heavy_congestion,2026-08-27 18:30:00,13254114510_11206916572_0,13254114510,11206916572,0,secondary,21.2,156.17,4,14.5,38.0,0.6182,heavy,2265.9,open,
road_closure,2026-08-27 16:00:00,4327976654_2245932080_0,4327976654,2245932080,0,secondary,77.6,73.4,8,27.0,38.0,0.2906,low,1978.9,open,
road_closure,2026-08-27 16:00:00,2593937251_9789451865_0,2593937251,9789451865,0,secondary,119.4,75.62,12,30.3,50.0,0.3938,moderate,2291.8,open,
normal,2026-08-27 14:00:00,7244119464_306612730_0,7244119464,306612730,0,secondary,100.5,42.64,6,31.6,38.0,0.1688,low,1346.8,open,
heavy_congestion,2026-08-27 18:30:00,10108052290_11038576698_0,10108052290,11038576698,0,primary,9.4,201.22,3,11.0,45.0,0.7546,severe,2222.2,open,
road_closure,2026-08-27 16:00:00,308795901_315060301_0,308795901,315060301,0,primary,69.1,55.82,5,43.3,60.0,0.2791,low,2414.4,open,
sudden_congestion,2026-08-27 15:00:00,4197094049_3614580945_0,4197094049,3614580945,0,secondary,38.9,33.07,2,29.0,40.0,0.2756,low,958.3,open,
multiple_congested,2026-08-27 18:00:00,2177264468_2855073217_0,2177264468,2855073217,0,trunk,22.8,178.03,6,30.3,60.0,0.4945,moderate,5399.4,open,
heavy_congestion,2026-08-27 18:30:00,2402916744_2730522590_0,2402916744,2730522590,0,trunk,49.2,242.29,16,7.9,50.0,0.8413,severe,1922.7,open,
peak_hour,2026-08-27 18:30:00,3153719425_3153719427_0,3153719425,3153719427,0,secondary,50.5,124.01,8,13.5,60.0,0.775,severe,1673.8,open,
clearing,2026-08-27 21:00:00,11043474473_11043474466_0,11043474473,11043474466,0,secondary,10.6,30.4,0,33.4,38.0,0.1203,low,1016.0,open,
accident,2026-08-27 17:30:00,315058906_315061304_0,315058906,315061304,0,primary,61.6,147.76,12,15.7,60.0,0.7388,severe,2315.8,open,
road_closure,2026-08-27 16:00:00,667238529_3614586216_0,667238529,3614586216,0,secondary,20.0,84.16,2,25.3,38.0,0.3331,moderate,2132.7,open,
heavy_congestion,2026-08-27 18:30:00,2284444431_13758211468_0,2284444431,13758211468,0,trunk,434.7,192.88,114,11.8,60.0,0.8037,severe,2272.0,open,
sudden_congestion,2026-08-27 15:00:00,596441377_3602485398_0,596441377,3602485398,0,secondary,117.1,54.25,9,29.8,38.0,0.2148,low,1618.9,open,
clearing,2026-08-27 21:00:00,2795965783_2795965791_0,2795965783,2795965791,0,secondary,39.6,41.16,2,31.8,38.0,0.1629,low,1309.2,open,
sudden_congestion,2026-08-27 15:00:00,2852567135_310444535_0,2852567135,310444535,0,secondary,64.0,42.94,4,38.8,50.0,0.2236,low,1666.8,open,
clearing,2026-08-27 21:00:00,11434977111_4313322366_0,11434977111,4313322366,0,trunk,23.0,29.69,1,52.6,60.0,0.1237,low,1561.1,open,
multiple_congested,2026-08-27 18:00:00,13766701853_7597277544_0,13766701853,7597277544,0,trunk,1438.8,124.94,244,28.8,60.0,0.5206,heavy,3593.9,open,
normal,2026-08-27 14:00:00,5486709294_6372012807_0,5486709294,6372012807,0,primary,4.6,56.28,0,43.1,60.0,0.2814,low,2426.5,open,
sudden_congestion,2026-08-27 15:00:00,4198191793_11883255726_0,4198191793,11883255726,0,secondary,140.5,56.79,11,29.5,38.0,0.2248,low,1672.9,open,
sudden_congestion,2026-08-27 15:00:00,7177580015_10857121844_0,7177580015,10857121844,0,primary,1510.2,68.29,140,33.5,45.0,0.2561,low,2286.0,open,
peak_hour,2026-08-27 18:30:00,5433296927_5430979876_0,5433296927,5430979876,0,trunk,27.0,167.18,6,18.2,60.0,0.6966,heavy,3043.5,open,
road_closure,2026-08-27 16:00:00,7646436369_1311045939_0,7646436369,1311045939,0,secondary,93.0,67.05,8,27.9,38.0,0.2654,low,1871.6,open,
clearing,2026-08-27 21:00:00,343315343_1337380044_0,343315343,1337380044,0,secondary,62.0,23.32,2,51.3,60.0,0.1457,low,1195.1,open,
accident,2026-08-27 17:30:00,308532037_11039422397_0,308532037,11039422397,0,secondary,33.6,92.01,4,26.0,50.0,0.4792,moderate,2395.9,open,
road_closure,2026-08-27 16:00:00,366528775_366528716_0,366528775,366528716,0,primary,46.8,58.18,4,42.5,60.0,0.2909,low,2475.3,open,
multiple_congested,2026-08-27 18:00:00,2245996393_3612548631_0,2245996393,3612548631,0,secondary,73.0,168.92,17,12.6,38.0,0.6686,heavy,2127.0,open,
multiple_congested,2026-08-27 18:00:00,3174179251_3164238314_0,3174179251,3164238314,0,trunk,159.4,158.98,34,20.3,60.0,0.6624,heavy,3220.2,open,
peak_hour,2026-08-27 18:30:00,4373979767_453269295_0,4373979767,453269295,0,secondary,7.7,137.4,1,17.3,38.0,0.5439,heavy,2381.5,open,
accident,2026-08-27 17:30:00,3157196684_3612563586_0,3157196684,3612563586,0,secondary,73.4,120.57,12,18.6,50.0,0.628,heavy,2242.8,open,
heavy_congestion,2026-08-27 18:30:00,2791955828_2791955826_0,2791955828,2791955826,0,secondary,44.9,193.97,12,8.8,38.0,0.7678,severe,1711.5,open,
sudden_congestion,2026-08-27 15:00:00,3184117949_11530367044_0,3184117949,11530367044,0,primary,225.4,57.22,17,35.3,45.0,0.2146,low,2022.5,open,
clearing,2026-08-27 21:00:00,11527773028_11527773025_0,11527773028,11527773025,0,primary,107.1,32.15,5,39.6,45.0,0.1206,low,1272.5,open,
normal,2026-08-27 14:00:00,3614460541_3614460550_0,3614460541,3614460550,0,secondary,10.7,51.06,1,30.3,38.0,0.2021,low,1548.1,open,
normal,2026-08-27 14:00:00,11868466755_11868472804_0,11868466755,11868472804,0,secondary,236.5,38.18,12,32.3,38.0,0.1511,low,1231.6,open,
multiple_congested,2026-08-27 18:00:00,3970074373_12079801511_0,3970074373,12079801511,0,secondary_link,9.1,293.81,4,5.0,28.0,0.8569,severe,1469.0,open,
normal,2026-08-27 14:00:00,7712811944_7712807231_0,7712811944,7712807231,0,primary_link,13.5,70.43,1,24.7,30.0,0.1761,low,1741.0,open,
sudden_congestion,2026-08-27 15:00:00,2857520135_308783070_0,2857520135,308783070,0,secondary,37.2,40.0,2,39.6,50.0,0.2083,low,1583.4,open,
accident,2026-08-27 17:30:00,2859560444_2859545325_0,2859560444,2859545325,0,secondary,28.1,138.12,5,17.2,38.0,0.5467,heavy,2379.0,open,
accident,2026-08-27 17:30:00,1284172177_5458722458_0,1284172177,5458722458,0,secondary,10.8,79.31,1,30.3,60.0,0.4957,moderate,2399.8,open,
multiple_congested,2026-08-27 18:00:00,3219742086_3219742087_0,3219742086,3219742087,0,secondary,42.5,99.96,6,22.5,60.0,0.6247,heavy,2250.6,open,
sudden_congestion,2026-08-27 15:00:00,3813488947_5611703929_0,3813488947,5611703929,0,secondary,69.0,46.39,4,31.0,38.0,0.1836,low,1439.1,open,
peak_hour,2026-08-27 18:30:00,3614577482_3614578131_0,3614577482,3614578131,0,secondary,464.8,216.59,136,5.4,38.0,0.8573,severe,1174.2,open,
road_closure,2026-08-27 16:00:00,571350051_571350050_0,571350051,571350050,0,trunk,402.0,54.24,30,46.4,60.0,0.226,low,2518.9,open,
road_closure,2026-08-27 16:00:00,307062225_2728428407_0,307062225,2728428407,0,trunk,19.6,65.44,2,38.6,50.0,0.2272,low,2528.5,open,
accident,2026-08-27 17:30:00,7694794015_3598285732_0,7694794015,3598285732,0,secondary,464.2,203.22,128,7.4,38.0,0.8044,severe,1510.5,open,
road_closure,2026-08-27 16:00:00,4193009311_7579728212_0,4193009311,7579728212,0,primary,22.6,91.32,3,32.6,60.0,0.4566,moderate,2977.4,open,
sudden_congestion,2026-08-27 15:00:00,7668364132_7654285128_0,7668364132,7654285128,0,secondary,56.4,58.99,5,29.1,38.0,0.2335,low,1718.3,open,
multiple_congested,2026-08-27 18:00:00,3612566599_1321321811_0,3612566599,1321321811,0,secondary,37.6,142.62,7,12.9,50.0,0.7428,severe,1834.0,open,
multiple_congested,2026-08-27 18:00:00,2782802939_3598284261_0,2782802939,3598284261,0,secondary,48.4,161.83,11,13.7,38.0,0.6406,heavy,2210.3,open,
multiple_congested,2026-08-27 18:00:00,11900776268_2780888242_0,11900776268,2780888242,0,secondary,19.7,157.71,4,8.9,50.0,0.8214,severe,1408.4,open,
peak_hour,2026-08-27 18:30:00,7713097352_1752685122_0,7713097352,1752685122,0,secondary,42.9,228.89,13,5.0,38.0,0.906,severe,1144.5,open,
sudden_congestion,2026-08-27 15:00:00,3930272181_4313248590_0,3930272181,4313248590,0,secondary,36.4,26.49,1,50.1,60.0,0.1656,low,1326.3,open,
accident,2026-08-27 17:30:00,6722739213_5137745097_0,6722739213,5137745097,0,secondary,677.4,144.78,133,16.2,38.0,0.5731,heavy,2348.7,open,
peak_hour,2026-08-27 18:30:00,11370558087_11971320999_0,11370558087,11971320999,0,trunk,31.9,327.27,14,19.1,60.0,0.6818,heavy,6248.1,open,
peak_hour,2026-08-27 18:30:00,8598273757_1297363702_0,8598273757,1297363702,0,secondary,25.6,191.03,7,9.3,38.0,0.7561,severe,1770.1,open,
road_closure,2026-08-27 16:00:00,4189233378_7540144061_0,4189233378,7540144061,0,secondary,321.1,80.86,35,25.8,38.0,0.3201,moderate,2089.2,open,
sudden_congestion,2026-08-27 15:00:00,1748016671_1748868904_0,1748016671,1748868904,0,secondary,39.5,41.14,2,31.8,38.0,0.1628,low,1308.7,open,
normal,2026-08-27 14:00:00,10168649568_2795965172_0,10168649568,2795965172,0,primary,104.6,36.76,5,49.0,60.0,0.1838,low,1800.0,open,
road_closure,2026-08-27 16:00:00,1779598083_1779592742_0,1779598083,1779592742,0,primary,315.6,125.8,54,34.8,60.0,0.4193,moderate,4382.9,open,
multiple_congested,2026-08-27 18:00:00,2738997890_5185423423_0,2738997890,5185423423,0,secondary,13.1,167.86,3,12.8,38.0,0.6644,heavy,2140.4,open,
road_closure,2026-08-27 16:00:00,4342325720_7177404940_0,4342325720,7177404940,0,secondary,202.0,64.32,18,28.3,38.0,0.2546,low,1821.8,open,
heavy_congestion,2026-08-27 18:30:00,3649030561_2214196883_0,3649030561,2214196883,0,secondary,308.9,234.07,98,5.0,38.0,0.9265,severe,1170.4,open,
heavy_congestion,2026-08-27 18:30:00,2234287258_12079748819_0,2234287258,12079748819,0,secondary,110.7,227.3,34,5.0,38.0,0.8997,severe,1136.5,open,
sudden_congestion,2026-08-27 15:00:00,5134942933_5134942931_0,5134942933,5134942931,0,secondary,55.0,43.86,3,31.4,38.0,0.1736,low,1377.3,open,
road_closure,2026-08-27 16:00:00,6887561703_7732987635_0,6887561703,7732987635,0,primary,217.7,91.02,27,41.8,60.0,0.3034,moderate,3804.3,open,
peak_hour,2026-08-27 18:30:00,306593155_2460409242_0,306593155,2460409242,0,primary,71.0,177.91,17,6.6,60.0,0.8896,severe,1178.8,open,
clearing,2026-08-27 21:00:00,3602307530_2959415309_0,3602307530,2959415309,0,secondary,13.9,29.95,1,33.5,38.0,0.1186,low,1003.3,open,
normal,2026-08-27 14:00:00,3550392144_2738997789_0,3550392144,2738997789,0,secondary,98.2,38.82,5,32.2,38.0,0.1537,low,1248.6,open,
multiple_congested,2026-08-27 18:00:00,7546790078_9647938221_0,7546790078,9647938221,0,trunk,1044.2,158.81,225,20.3,60.0,0.6617,heavy,3223.4,open,
heavy_congestion,2026-08-27 18:30:00,1657340143_10047125840_0,1657340143,10047125840,0,secondary,46.4,183.11,12,10.5,38.0,0.7248,severe,1914.8,open,
clearing,2026-08-27 21:00:00,660558194_3975551058_0,660558194,3975551058,0,secondary,64.9,33.01,3,33.0,38.0,0.1307,low,1090.6,open,
peak_hour,2026-08-27 18:30:00,7641829115_7641829114_0,7641829115,7641829114,0,trunk,128.9,142.32,25,24.4,60.0,0.593,heavy,3475.5,open,
normal,2026-08-27 14:00:00,4201669286_4201669228_0,4201669286,4201669228,0,secondary,138.4,55.97,10,29.6,38.0,0.2215,low,1655.7,open,
multiple_congested,2026-08-27 18:00:00,3598270422_2222306498_0,3598270422,2222306498,0,primary,21.4,190.0,6,5.0,60.0,0.95,severe,950.0,open,
sudden_congestion,2026-08-27 15:00:00,3155761355_2181370055_0,3155761355,2181370055,0,primary,42.8,56.95,3,42.9,60.0,0.2847,low,2444.0,open,
peak_hour,2026-08-27 18:30:00,7547782888_7547305291_0,7547782888,7547305291,0,secondary,27.2,133.05,5,18.0,38.0,0.5267,heavy,2393.2,open,
sudden_congestion,2026-08-27 15:00:00,1325226176_307061321_0,1325226176,307061321,0,trunk,226.3,54.48,17,46.4,60.0,0.227,low,2526.7,open,
accident,2026-08-27 17:30:00,7732971056_701207860_0,7732971056,701207860,0,motorway,26.3,133.43,5,26.7,40.0,0.3336,moderate,3556.8,open,
clearing,2026-08-27 21:00:00,11851178724_7651326462_0,11851178724,7651326462,0,secondary,14.2,42.51,1,31.6,38.0,0.1683,low,1343.4,open,
peak_hour,2026-08-27 18:30:00,2649380003_2649379987_0,2649380003,2649379987,0,secondary,50.6,164.72,11,7.1,50.0,0.8579,severe,1170.3,open,
heavy_congestion,2026-08-27 18:30:00,13048077911_13048077912_0,13048077911,13048077912,0,primary_link,7.5,322.88,3,5.8,30.0,0.8072,severe,1867.6,open,
sudden_congestion,2026-08-27 15:00:00,1779552093_1779546119_0,1779552093,1779546119,0,primary,80.8,35.08,4,49.5,60.0,0.1754,low,1735.5,open,
accident,2026-08-27 17:30:00,2249690071_2249639480_0,2249690071,2249639480,0,secondary,23.2,148.91,5,15.6,38.0,0.5894,heavy,2323.2,open,
clearing,2026-08-27 21:00:00,11572144635_11572110124_0,11572144635,11572110124,0,trunk,252.9,23.7,8,54.1,60.0,0.0987,low,1281.5,open,
road_closure,2026-08-27 16:00:00,2225281895_315077825_0,2225281895,315077825,0,secondary,13.4,102.67,2,22.6,38.0,0.4064,moderate,2315.9,open,
heavy_congestion,2026-08-27 18:30:00,3164238257_6150190180_0,3164238257,6150190180,0,trunk,107.0,170.98,25,17.3,60.0,0.7124,severe,2950.3,open,
accident,2026-08-27 17:30:00,6151901683_6151901684_0,6151901683,6151901684,0,trunk_link,18.6,277.91,7,11.4,35.0,0.6755,heavy,3156.6,open,
accident,2026-08-27 17:30:00,3614580375_7678937014_0,3614580375,7678937014,0,secondary,36.7,125.32,6,19.1,38.0,0.4961,moderate,2399.9,open,
accident,2026-08-27 17:30:00,3598276389_3598276424_0,3598276389,3598276424,0,secondary,31.9,141.71,6,13.1,50.0,0.7381,severe,1855.9,open,
normal,2026-08-27 14:00:00,306605398_4246456478_0,306605398,4246456478,0,trunk,70.2,53.54,5,40.7,50.0,0.1859,low,2179.4,open,
heavy_congestion,2026-08-27 18:30:00,6506514481_3195143524_0,6506514481,3195143524,0,secondary,22.9,138.84,4,5.0,30.0,0.8677,severe,694.2,open,
peak_hour,2026-08-27 18:30:00,12049270410_12049270438_0,12049270410,12049270438,0,primary,2446.8,125.37,416,22.4,60.0,0.6269,heavy,2806.8,open,
clearing,2026-08-27 21:00:00,1947774406_1947774387_0,1947774406,1947774387,0,trunk,6.5,26.79,0,53.3,60.0,0.1116,low,1428.1,open,
normal,2026-08-27 14:00:00,12640162528_12640162529_0,12640162528,12640162529,0,trunk,12.6,29.4,1,52.6,60.0,0.1225,low,1548.0,open,
peak_hour,2026-08-27 18:30:00,2241238628_2241238640_0,2241238628,2241238640,0,secondary,34.0,174.16,8,11.8,38.0,0.6894,heavy,2055.7,open,
heavy_congestion,2026-08-27 18:30:00,7690166072_11826843896_0,7690166072,11826843896,0,primary_link,11.2,365.07,6,5.0,30.0,0.9127,severe,1825.3,open,
normal,2026-08-27 14:00:00,4180190109_10175173326_0,4180190109,10175173326,0,secondary,164.8,37.54,8,32.4,38.0,0.1486,low,1214.6,open,
sudden_congestion,2026-08-27 15:00:00,7672646945_3259943936_0,7672646945,3259943936,0,secondary,265.4,56.01,20,29.6,38.0,0.2217,low,1656.5,open,
normal,2026-08-27 14:00:00,6353976389_1748893695_0,6353976389,1748893695,0,secondary,52.3,63.44,4,28.5,38.0,0.2511,low,1805.3,open,
normal,2026-08-27 14:00:00,13817857723_13817857756_0,13817857723,13817857756,0,secondary,52.7,53.35,4,30.0,38.0,0.2112,low,1599.1,open,
multiple_congested,2026-08-27 18:00:00,308960164_3207276431_0,308960164,3207276431,0,primary,243.0,190.0,63,5.0,60.0,0.95,severe,950.0,open,
road_closure,2026-08-27 16:00:00,3614463313_2590251081_0,3614463313,2590251081,0,secondary,52.2,96.24,7,23.5,38.0,0.381,moderate,2264.0,open,
sudden_congestion,2026-08-27 15:00:00,4189218637_4189218636_0,4189218637,4189218636,0,secondary,47.6,69.17,4,27.6,38.0,0.2738,low,1908.8,open,
sudden_congestion,2026-08-27 15:00:00,1320897013_2847663722_0,1320897013,2847663722,0,secondary,31.5,40.37,2,39.5,50.0,0.2103,low,1594.2,open,
normal,2026-08-27 14:00:00,3210142883_1049684452_0,3210142883,1049684452,0,primary,110.8,57.64,9,48.5,60.0,0.1921,low,2793.8,open,
accident,2026-08-27 17:30:00,3953176817_4193153668_0,3953176817,4193153668,0,secondary,39.2,201.08,11,7.8,38.0,0.7959,severe,1559.3,open,
clearing,2026-08-27 21:00:00,4310386286_11448956733_0,4310386286,11448956733,0,secondary,14.7,63.14,1,31.7,38.0,0.1666,low,1999.5,open,
peak_hour,2026-08-27 18:30:00,3598270164_10722607115_0,3598270164,10722607115,0,secondary,107.9,102.07,15,23.4,50.0,0.5316,heavy,2390.4,open,
peak_hour,2026-08-27 18:30:00,3598270280_2789805440_0,3598270280,2789805440,0,trunk,238.2,112.64,36,31.8,60.0,0.4693,moderate,3586.5,open,
accident,2026-08-27 17:30:00,307062267_4313322341_0,307062267,4313322341,0,trunk,30.7,154.3,6,21.4,60.0,0.6429,heavy,3305.8,open,
road_closure,2026-08-27 16:00:00,2090103407_2090103514_0,2090103407,2090103514,0,trunk_link,49.2,150.09,10,22.2,35.0,0.3648,moderate,3336.8,open,
road_closure,2026-08-27 16:00:00,3977390835_3618944433_0,3977390835,3618944433,0,primary,414.5,55.51,31,43.3,60.0,0.2776,low,2406.3,open,
heavy_congestion,2026-08-27 18:30:00,307038419_2738996963_0,307038419,2738996963,0,secondary,63.0,217.26,19,5.3,38.0,0.86,severe,1155.9,open,
clearing,2026-08-27 21:00:00,11836483756_2859817858_0,11836483756,2859817858,0,trunk,13.0,39.14,1,53.5,60.0,0.1087,low,2093.0,open,
heavy_congestion,2026-08-27 18:30:00,3178491829_289895020_0,3178491829,289895020,0,secondary,10.4,231.94,3,5.0,38.0,0.9181,severe,1159.7,open,
clearing,2026-08-27 21:00:00,2782802875_3598283760_0,2782802875,3598283760,0,secondary,8.9,42.2,1,31.7,38.0,0.1671,low,1335.8,open,
road_closure,2026-08-27 16:00:00,11944838108_13638069712_0,11944838108,13638069712,0,secondary,1203.6,99.05,162,23.1,38.0,0.3921,moderate,2288.2,open,
peak_hour,2026-08-27 18:30:00,11043949141_2593863561_0,11043949141,2593863561,0,trunk,25.0,174.46,6,16.4,60.0,0.7269,severe,2858.5,open,
clearing,2026-08-27 21:00:00,2222307144_976475919_0,2222307144,976475919,0,primary,30.4,25.83,1,52.3,60.0,0.1291,low,1349.6,open,
heavy_congestion,2026-08-27 18:30:00,1906537136_1906537126_0,1906537136,1906537126,0,secondary,38.3,240.0,12,5.0,38.0,0.95,severe,1200.0,open,
clearing,2026-08-27 21:00:00,6518026560_4315742949_0,6518026560,4315742949,0,secondary,157.2,29.66,6,48.9,60.0,0.1854,low,1449.9,open,
road_closure,2026-08-27 16:00:00,11946907382_11383594597_0,11946907382,11383594597,0,secondary,332.1,68.31,31,27.7,38.0,0.2704,low,1894.0,open,
normal,2026-08-27 14:00:00,1947410095_308964083_0,1947410095,308964083,0,secondary,8.0,35.56,0,46.7,60.0,0.2223,low,1659.5,open,
normal,2026-08-27 14:00:00,1948596001_5985024325_0,1948596001,5985024325,0,primary,378.8,39.41,20,48.2,60.0,0.1971,low,1898.7,open,
heavy_congestion,2026-08-27 18:30:00,5230130740_2714061394_0,5230130740,2714061394,0,secondary,37.4,237.76,12,5.0,38.0,0.9411,severe,1188.8,open,
road_closure,2026-08-27 16:00:00,1301937497_291505389_0,1301937497,291505389,0,primary,22.2,56.31,2,43.1,60.0,0.2815,low,2427.3,open,
heavy_congestion,2026-08-27 18:30:00,3598268017_1280019622_0,3598268017,1280019622,0,primary,127.1,156.23,27,13.1,60.0,0.7811,severe,2051.6,open,
normal,2026-08-27 14:00:00,3218365579_3155783380_0,3218365579,3155783380,0,trunk,113.8,29.39,5,52.7,60.0,0.1224,low,1547.3,open,
road_closure,2026-08-27 16:00:00,2234831594_2234831663_0,2234831594,2234831663,0,trunk,42.6,73.54,4,41.6,60.0,0.3064,moderate,3060.5,open,
heavy_congestion,2026-08-27 18:30:00,4206266535_5219390220_0,4206266535,5219390220,0,secondary,64.2,170.47,15,12.4,38.0,0.6748,heavy,2106.7,open,
clearing,2026-08-27 21:00:00,12640169972_1274191900_0,12640169972,1274191900,0,trunk,18.0,25.23,1,53.7,60.0,0.1051,low,1354.5,open,
road_closure,2026-08-27 16:00:00,2245996219_2245996243_0,2245996219,2245996243,0,secondary,41.6,59.6,3,29.0,38.0,0.2359,low,1730.4,open,
multiple_congested,2026-08-27 18:00:00,7682157936_3602492705_0,7682157936,3602492705,0,secondary,369.9,120.57,60,14.8,60.0,0.7536,severe,1782.7,open,
clearing,2026-08-27 21:00:00,7419125822_571180352_0,7419125822,571180352,0,secondary,46.4,42.69,3,31.6,38.0,0.169,low,1348.0,open,
heavy_congestion,2026-08-27 18:30:00,2782802961_2782802957_0,2782802961,2782802957,0,secondary,51.1,178.99,12,11.1,38.0,0.7085,severe,1982.7,open,
sudden_congestion,2026-08-27 15:00:00,7761491525_3147210561_0,7761491525,3147210561,0,secondary,8.8,34.33,0,47.1,60.0,0.2145,low,1617.7,open,
multiple_congested,2026-08-27 18:00:00,3894084724_3894084732_0,3894084724,3894084732,0,primary,13.8,188.77,4,5.0,60.0,0.9439,severe,943.9,open,
accident,2026-08-27 17:30:00,3204190486_3147189448_0,3204190486,3147189448,0,primary_link,36.0,309.79,15,6.8,30.0,0.7745,severe,2095.9,open,
sudden_congestion,2026-08-27 15:00:00,1312214538_353721713_0,1312214538,353721713,0,secondary,158.5,40.3,9,44.9,60.0,0.2519,low,1809.1,open,
multiple_congested,2026-08-27 18:00:00,3835273779_2242778959_0,3835273779,2242778959,0,primary,16.4,209.39,5,9.7,45.0,0.7852,severe,2023.9,open,
heavy_congestion,2026-08-27 18:30:00,1557488211_4342904921_0,1557488211,4342904921,0,trunk,32.1,146.98,6,23.3,60.0,0.6124,heavy,3418.0,open,
sudden_congestion,2026-08-27 15:00:00,2730650234_2730650235_0,2730650234,2730650235,0,trunk,33.5,35.53,2,51.1,60.0,0.148,low,1816.1,open,
normal,2026-08-27 14:00:00,14091869119_14091869120_0,14091869119,14091869120,0,secondary_link,9.9,74.65,1,21.9,28.0,0.2177,low,1635.1,open,
peak_hour,2026-08-27 18:30:00,2785953900_2785953912_0,2785953900,2785953912,0,primary,37.5,190.0,10,5.0,60.0,0.95,severe,950.0,open,
clearing,2026-08-27 21:00:00,3208710495_3164012092_0,3208710495,3164012092,0,primary,31.8,50.84,2,36.4,45.0,0.1906,low,1851.6,open,
clearing,2026-08-27 21:00:00,663178849_3154912715_0,663178849,3154912715,0,primary,1705.0,31.84,74,39.6,45.0,0.1194,low,1261.7,open,
multiple_congested,2026-08-27 18:00:00,3614507801_11572394841_0,3614507801,11572394841,0,secondary,29.6,115.95,5,19.8,50.0,0.6039,heavy,2296.3,open,
sudden_congestion,2026-08-27 15:00:00,7129724438_7129724437_0,7129724438,7129724437,0,primary,37.9,70.4,4,33.1,45.0,0.264,low,2331.6,open,
peak_hour,2026-08-27 18:30:00,4116753140_12525384409_0,4116753140,12525384409,0,secondary,146.1,224.68,44,5.0,38.0,0.8893,severe,1123.4,open,
heavy_congestion,2026-08-27 18:30:00,2249639350_2249639351_0,2249639350,2249639351,0,secondary,19.5,223.74,6,5.0,38.0,0.8856,severe,1118.7,open,
normal,2026-08-27 14:00:00,3612553386_13329906633_0,3612553386,13329906633,0,primary,31.2,50.53,2,44.8,60.0,0.2527,low,2265.8,open,
heavy_congestion,2026-08-27 18:30:00,2225518594_308933149_0,2225518594,308933149,0,primary,68.3,166.68,15,10.0,60.0,0.8334,severe,1666.3,open,
peak_hour,2026-08-27 18:30:00,13449451599_13449453904_0,13449451599,13449453904,0,motorway,1325.6,80.48,145,47.8,80.0,0.4024,moderate,3847.6,open,
normal,2026-08-27 14:00:00,11521221471_289930529_0,11521221471,289930529,0,secondary,49.9,24.76,2,50.7,60.0,0.1548,low,1255.8,open,
normal,2026-08-27 14:00:00,2241233517_3674561502_0,2241233517,3674561502,0,trunk,70.3,48.85,5,47.8,60.0,0.2036,low,2334.6,open,
sudden_congestion,2026-08-27 15:00:00,7566197399_4196528898_0,7566197399,4196528898,0,secondary,112.7,42.24,6,31.6,38.0,0.1672,low,1336.8,open,
normal,2026-08-27 14:00:00,1312214538_353721713_0,1312214538,353721713,0,secondary,158.5,37.63,8,45.9,60.0,0.2352,low,1726.8,open,
multiple_congested,2026-08-27 18:00:00,7713256584_7713280994_0,7713256584,7713280994,0,primary,79.6,187.41,20,5.0,60.0,0.937,severe,937.0,open,
clearing,2026-08-27 21:00:00,5134982710_2590217055_0,5134982710,2590217055,0,secondary,324.1,34.72,15,32.8,38.0,0.1374,low,1137.9,open,
accident,2026-08-27 17:30:00,11539908377_2855063891_0,11539908377,2855063891,0,secondary,10.4,124.93,2,17.5,50.0,0.6507,heavy,2182.0,open,
sudden_congestion,2026-08-27 15:00:00,3145250159_3146860418_0,3145250159,3146860418,0,primary_link,42.2,107.01,6,22.0,30.0,0.2675,low,2351.4,open,
road_closure,2026-08-27 16:00:00,12648995530_308576712_0,12648995530,308576712,0,secondary,8.4,90.99,1,24.3,38.0,0.3602,moderate,2212.3,open,
sudden_congestion,2026-08-27 15:00:00,13285204261_11972017009_0,13285204261,11972017009,0,secondary,8.6,21.75,0,32.8,40.0,0.1812,low,712.3,open,
sudden_congestion,2026-08-27 15:00:00,2460248886_2859560464_0,2460248886,2859560464,0,primary,70.8,110.92,11,43.4,60.0,0.2773,low,4809.7,open,
normal,2026-08-27 14:00:00,11908748149_11908748151_0,11908748149,11908748151,0,secondary,36.5,46.11,2,31.1,38.0,0.1825,low,1432.4,open,
normal,2026-08-27 14:00:00,2803360597_2803360593_0,2803360597,2803360593,0,secondary,21.3,39.19,1,45.3,60.0,0.245,low,1775.6,open,
road_closure,2026-08-27 16:00:00,11124436645_11124436646_0,11124436645,11124436646,0,secondary,6.5,87.54,1,24.8,38.0,0.3465,moderate,2173.8,open,
heavy_congestion,2026-08-27 18:30:00,5486695170_5486695168_0,5486695170,5486695168,0,secondary,10.5,176.11,2,5.0,50.0,0.9172,severe,880.5,open,
multiple_congested,2026-08-27 18:00:00,2234669127_11972017022_0,2234669127,11972017022,0,secondary,570.9,69.2,54,16.9,40.0,0.5767,heavy,1171.8,open,
heavy_congestion,2026-08-27 18:30:00,7103859239_7103859240_0,7103859239,7103859240,0,primary,9.1,187.03,2,13.4,45.0,0.7014,severe,2513.5,open,
clearing,2026-08-27 21:00:00,7565154306_3598314432_0,7565154306,3598314432,0,secondary,130.1,28.31,5,42.6,50.0,0.1475,low,1206.8,open,
accident,2026-08-27 17:30:00,7713639309_6507574593_0,7713639309,6507574593,0,secondary,209.2,112.73,32,17.7,60.0,0.7045,severe,1998.4,open,
normal,2026-08-27 14:00:00,4189438625_4201897636_0,4189438625,4201897636,0,secondary,41.6,52.1,3,30.2,38.0,0.2062,low,1571.5,open,
sudden_congestion,2026-08-27 15:00:00,1947070542_7676847312_0,1947070542,7676847312,0,secondary,38.5,48.23,3,30.7,38.0,0.1909,low,1482.8,open,
sudden_congestion,2026-08-27 15:00:00,12296072616_12296072615_0,12296072616,12296072615,0,secondary_link,111.8,70.5,11,22.2,28.0,0.2056,low,1568.1,open,
clearing,2026-08-27 21:00:00,984996544_2792122330_0,984996544,2792122330,0,trunk,124.3,32.02,5,52.0,60.0,0.1334,low,1664.7,open,
sudden_congestion,2026-08-27 15:00:00,7663584194_7663584193_0,7663584194,7663584193,0,secondary,76.9,43.0,4,43.9,60.0,0.2688,low,1886.7,open,
normal,2026-08-27 14:00:00,3184097591_2236318133_0,3184097591,2236318133,0,primary,28.6,67.33,3,33.6,45.0,0.2525,low,2264.8,open,
multiple_congested,2026-08-27 18:00:00,3598271638_3598271630_0,3598271638,3598271630,0,secondary,10.8,126.19,2,17.1,50.0,0.6572,heavy,2162.6,open,
clearing,2026-08-27 21:00:00,11043307170_11043307174_0,11043307170,11043307174,0,primary,20.6,32.65,1,39.5,45.0,0.1224,low,1289.3,open,
clearing,2026-08-27 21:00:00,2859816428_2859816406_0,2859816428,2859816406,0,primary,33.1,42.69,2,37.8,45.0,0.1601,low,1613.5,open,
accident,2026-08-27 17:30:00,11357473025_3614571325_0,11357473025,3614571325,0,primary,140.5,136.01,26,22.0,45.0,0.5101,heavy,2998.8,open,
peak_hour,2026-08-27 18:30:00,320242459_320242451_0,320242459,320242451,0,primary,47.7,188.58,12,13.2,45.0,0.7072,severe,2485.0,open,
sudden_congestion,2026-08-27 15:00:00,667238529_3614586622_0,667238529,3614586622,0,secondary,94.6,46.13,6,31.1,38.0,0.1826,low,1432.8,open,
accident,2026-08-27 17:30:00,12393718979_7686407494_0,12393718979,7686407494,0,primary,334.5,125.37,57,22.4,60.0,0.6269,heavy,2806.9,open,
peak_hour,2026-08-27 18:30:00,2854813938_2854813937_0,2854813938,2854813937,0,trunk,27.6,158.44,6,20.4,60.0,0.6602,heavy,3230.5,open,
normal,2026-08-27 14:00:00,352759370_352759377_0,352759370,352759377,0,secondary,28.8,54.02,2,29.9,38.0,0.2138,low,1613.8,open,
sudden_congestion,2026-08-27 15:00:00,7692056729_3612567213_0,7692056729,3612567213,0,trunk,197.9,91.91,25,44.7,60.0,0.2553,low,4106.7,open,
heavy_congestion,2026-08-27 18:30:00,1293115789_1297368031_0,1293115789,1297368031,0,secondary,61.7,152.53,13,15.1,38.0,0.6038,heavy,2296.6,open,
peak_hour,2026-08-27 18:30:00,7577497971_4198191822_0,7577497971,4198191822,0,primary,214.7,228.0,66,5.0,50.0,0.95,severe,1140.0,open,
road_closure,2026-08-27 16:00:00,9789451865_2593937251_0,9789451865,2593937251,0,secondary,119.4,46.27,7,38.0,50.0,0.241,low,1755.9,open,
peak_hour,2026-08-27 18:30:00,1820106263_2730860819_0,1820106263,2730860819,0,secondary,192.5,164.17,43,13.3,38.0,0.6499,heavy,2184.4,open,
sudden_congestion,2026-08-27 15:00:00,1317462790_1317466170_0,1317462790,1317466170,0,secondary,26.8,47.1,2,37.7,50.0,0.2453,low,1777.3,open,
road_closure,2026-08-27 16:00:00,1310964444_3602308624_0,1310964444,3602308624,0,primary,393.7,80.23,43,35.9,60.0,0.4011,moderate,2882.7,open,
sudden_congestion,2026-08-27 15:00:00,4343145633_1779032143_0,4343145633,1779032143,0,secondary,23.6,50.47,2,30.4,38.0,0.1998,low,1534.7,open,
heavy_congestion,2026-08-27 18:30:00,3598258973_3598259101_0,3598258973,3598259101,0,secondary,48.1,119.38,8,15.2,60.0,0.7462,severe,1818.3,open,
sudden_congestion,2026-08-27 15:00:00,1948563073_3205660078_0,1948563073,3205660078,0,secondary,100.8,30.5,4,48.6,60.0,0.1906,low,1481.1,open,
normal,2026-08-27 14:00:00,6151723565_2859822960_0,6151723565,2859822960,0,trunk,42.3,58.95,3,50.2,60.0,0.1637,low,2957.7,open,
heavy_congestion,2026-08-27 18:30:00,2782950217_2782950211_0,2782950217,2782950211,0,secondary,91.1,181.05,22,10.8,38.0,0.7167,severe,1949.3,open,
multiple_congested,2026-08-27 18:00:00,11827850734_4313322959_0,11827850734,4313322959,0,trunk_link,9.4,301.0,4,9.4,35.0,0.7316,severe,2827.6,open,
clearing,2026-08-27 21:00:00,353736795_3602307547_0,353736795,3602307547,0,secondary,25.4,46.65,2,31.0,38.0,0.1846,low,1445.3,open,
multiple_congested,2026-08-27 18:00:00,1320910915_11373170800_0,1320910915,11373170800,0,secondary,12.8,160.38,3,8.2,50.0,0.8353,severe,1320.8,open,
accident,2026-08-27 17:30:00,3602307530_4551390807_0,3602307530,4551390807,0,secondary,38.5,181.39,9,10.7,38.0,0.718,severe,1943.7,open,
clearing,2026-08-27 21:00:00,3614507482_4183013290_0,3614507482,4183013290,0,secondary,116.5,37.81,6,32.3,38.0,0.1497,low,1221.7,open,
multiple_congested,2026-08-27 18:00:00,308779449_308779450_0,308779449,308779450,0,secondary,26.1,183.23,6,10.4,38.0,0.7253,severe,1912.7,open,
heavy_congestion,2026-08-27 18:30:00,3612565475_1317461161_0,3612565475,1317461161,0,secondary,41.1,123.61,7,17.8,50.0,0.6438,heavy,2201.5,open,
normal,2026-08-27 14:00:00,662741805_7702814486_0,662741805,7702814486,0,secondary,10.0,33.53,0,47.4,60.0,0.2096,low,1590.1,open,
clearing,2026-08-27 21:00:00,11801932510_11801932509_0,11801932510,11801932509,0,trunk_link,10.5,41.41,1,31.5,35.0,0.1006,low,1303.4,open,
normal,2026-08-27 14:00:00,4333720082_4333720084_0,4333720082,4333720084,0,trunk,44.6,35.85,2,51.0,60.0,0.1494,low,1829.8,open,
multiple_congested,2026-08-27 18:00:00,2284186191_11521317832_0,2284186191,11521317832,0,trunk,83.2,123.3,14,29.2,60.0,0.5138,heavy,3597.3,open,
sudden_congestion,2026-08-27 15:00:00,3671858807_3614512024_0,3671858807,3614512024,0,trunk,554.0,36.56,27,50.9,60.0,0.1523,low,1859.2,open,
heavy_congestion,2026-08-27 18:30:00,4192962860_7565356256_0,4192962860,7565356256,0,secondary,123.4,161.73,27,13.7,38.0,0.6402,heavy,2211.4,open,
road_closure,2026-08-27 16:00:00,13980239639_2886664013_0,13980239639,2886664013,0,secondary,160.4,105.54,23,22.1,38.0,0.4178,moderate,2335.1,open,
normal,2026-08-27 14:00:00,3612547594_3612547494_0,3612547594,3612547494,0,secondary,55.1,62.25,5,28.6,38.0,0.2464,low,1782.6,open,
sudden_congestion,2026-08-27 15:00:00,3010587679_3598266035_0,3010587679,3598266035,0,secondary,10.6,43.38,1,38.7,50.0,0.2259,low,1678.8,open,
sudden_congestion,2026-08-27 15:00:00,364672169_6432129578_0,364672169,6432129578,0,trunk,113.0,45.84,7,48.5,60.0,0.191,low,2225.1,open,
heavy_congestion,2026-08-27 18:30:00,2789776604_2789776593_0,2789776604,2789776593,0,secondary,174.0,240.0,57,5.0,38.0,0.95,severe,1200.0,open,
clearing,2026-08-27 21:00:00,4201669150_4201669145_0,4201669150,4201669145,0,trunk,60.7,25.47,2,53.6,60.0,0.1061,low,1366.2,open,
multiple_congested,2026-08-27 18:00:00,7686968249_11760272266_0,7686968249,11760272266,0,secondary,106.1,228.36,33,5.0,38.0,0.9039,severe,1141.8,open,
sudden_congestion,2026-08-27 15:00:00,11817898427_6559475917_0,11817898427,6559475917,0,trunk,31.0,32.93,1,51.8,60.0,0.1372,low,1704.8,open,
clearing,2026-08-27 21:00:00,10081115201_10081115199_0,10081115201,10081115199,0,secondary,67.7,36.0,3,32.6,38.0,0.1425,low,1173.1,open,
normal,2026-08-27 14:00:00,2730859522_2730859539_0,2730859522,2730859539,0,primary,26.2,69.85,2,33.2,45.0,0.2619,low,2319.8,open,
heavy_congestion,2026-08-27 18:30:00,4342204639_4342204638_0,4342204639,4342204638,0,primary,45.5,188.92,12,5.0,60.0,0.9446,severe,944.6,open,
clearing,2026-08-27 21:00:00,11987679688_3467755710_0,11987679688,3467755710,0,trunk,68.5,69.72,6,51.3,60.0,0.1452,low,3575.4,open,
sudden_congestion,2026-08-27 15:00:00,4514097770_4514098027_0,4514097770,4514098027,0,secondary,253.1,58.0,20,29.3,38.0,0.2296,low,1698.0,open,
peak_hour,2026-08-27 18:30:00,3612574874_1404242150_0,3612574874,1404242150,0,secondary,13.6,209.49,4,6.5,38.0,0.8292,severe,1359.4,open,
multiple_congested,2026-08-27 18:00:00,2590289586_3614467012_0,2590289586,3614467012,0,secondary,334.6,182.48,83,10.6,38.0,0.7223,severe,1925.5,open,
road_closure,2026-08-27 16:00:00,3614509323_3614509022_0,3614509323,3614509022,0,secondary,726.1,60.77,60,28.9,38.0,0.2405,low,1753.7,open,
heavy_congestion,2026-08-27 18:30:00,13997299206_13997299205_0,13997299206,13997299205,0,secondary,94.9,221.66,28,5.0,38.0,0.8774,severe,1108.3,open,
accident,2026-08-27 17:30:00,2247660591_1324619327_0,2247660591,1324619327,0,primary,53.9,285.37,21,12.9,45.0,0.7134,severe,3680.1,open,
multiple_congested,2026-08-27 18:00:00,7660866071_5974714357_0,7660866071,5974714357,0,trunk,56.8,127.2,10,28.2,60.0,0.53,heavy,3587.1,open,
heavy_congestion,2026-08-27 18:30:00,4336544280_2590302706_0,4336544280,2590302706,0,secondary,154.8,192.05,40,9.1,38.0,0.7602,severe,1750.1,open,
normal,2026-08-27 14:00:00,6829772686_13504048525_0,6829772686,13504048525,0,secondary,50.2,51.62,4,30.2,38.0,0.2043,low,1560.8,open,
peak_hour,2026-08-27 18:30:00,308795955_1357413966_0,308795955,1357413966,0,primary,169.4,195.62,45,12.0,45.0,0.7336,severe,2345.2,open,
normal,2026-08-27 14:00:00,11809275569_11809231668_0,11809275569,11809231668,0,secondary_link,23.1,59.68,2,23.1,28.0,0.1741,low,1380.2,open,
peak_hour,2026-08-27 18:30:00,7591178314_7591178315_0,7591178314,7591178315,0,primary,45.5,124.86,8,22.5,60.0,0.6243,heavy,2814.6,open,
heavy_congestion,2026-08-27 18:30:00,13208835327_6308174531_0,13208835327,6308174531,0,primary,217.0,147.73,43,15.7,60.0,0.7386,severe,2316.7,open,
road_closure,2026-08-27 16:00:00,309700136_308613808_0,309700136,308613808,0,primary,231.8,90.88,29,32.7,60.0,0.4544,moderate,2975.1,open,
multiple_congested,2026-08-27 18:00:00,3164017510_3670019199_0,3164017510,3670019199,0,primary,254.2,232.03,80,5.8,45.0,0.8701,severe,1356.2,open,
sudden_congestion,2026-08-27 15:00:00,5611785639_5611785641_0,5611785639,5611785641,0,secondary,568.5,68.9,53,27.6,38.0,0.2727,low,1904.1,open,
heavy_congestion,2026-08-27 18:30:00,6150022535_2245995091_0,6150022535,2245995091,0,primary,13.3,190.0,3,5.0,60.0,0.95,severe,950.0,open,
multiple_congested,2026-08-27 18:00:00,11947616964_3820619479_0,11947616964,3820619479,0,primary,97.6,190.0,25,5.0,60.0,0.95,severe,950.0,open,
peak_hour,2026-08-27 18:30:00,11548969487_11383594591_0,11548969487,11383594591,0,secondary,112.5,173.34,26,11.9,38.0,0.6861,heavy,2067.4,open,
heavy_congestion,2026-08-27 18:30:00,3195109920_5759825698_0,3195109920,5759825698,0,trunk,127.4,259.68,45,16.7,60.0,0.7213,severe,4341.9,open,
road_closure,2026-08-27 16:00:00,7718986099_5472942872_0,7718986099,5472942872,0,secondary_link,11.4,132.15,2,17.2,28.0,0.3854,moderate,2274.0,open,
sudden_congestion,2026-08-27 15:00:00,11539602701_11539602700_0,11539602701,11539602700,0,trunk_link,8.6,104.39,1,26.1,35.0,0.2537,low,2726.7,open,
normal,2026-08-27 14:00:00,3415837336_3164418510_0,3415837336,3164418510,0,secondary,28.9,25.13,1,50.6,60.0,0.1571,low,1270.9,open,
accident,2026-08-27 17:30:00,3153719401_7353970929_0,3153719401,7353970929,0,secondary,34.5,115.15,5,16.8,60.0,0.7197,severe,1936.6,open,
road_closure,2026-08-27 16:00:00,7010525910_7010524979_0,7010525910,7010524979,0,secondary,27.5,75.15,3,26.7,38.0,0.2975,low,2006.2,open,
normal,2026-08-27 14:00:00,1692848785_1692848737_0,1692848785,1692848737,0,secondary,104.2,24.83,4,50.7,60.0,0.1552,low,1258.8,open,
peak_hour,2026-08-27 18:30:00,3463649361_4327437921_0,3463649361,4327437921,0,secondary,19.4,135.53,4,17.6,38.0,0.5365,heavy,2387.2,open,
multiple_congested,2026-08-27 18:00:00,7594339146_13638069709_0,7594339146,13638069709,0,secondary,44.6,224.29,14,5.0,38.0,0.8878,severe,1121.4,open,
accident,2026-08-27 17:30:00,2781464329_2781464367_0,2781464329,2781464367,0,secondary,52.7,120.87,9,18.5,50.0,0.6295,heavy,2239.0,open,
sudden_congestion,2026-08-27 15:00:00,2782803356_4334996361_0,2782803356,4334996361,0,secondary,42.6,54.0,3,29.9,38.0,0.2137,low,1613.3,open,
accident,2026-08-27 17:30:00,2899234138_7544099072_0,2899234138,7544099072,0,primary,10.7,209.05,3,9.7,45.0,0.7839,severe,2032.6,open,
clearing,2026-08-27 21:00:00,11881153200_11881109554_0,11881153200,11881109554,0,secondary,57.7,38.85,3,32.2,38.0,0.1538,low,1249.3,open,
sudden_congestion,2026-08-27 15:00:00,13816805236_289419432_0,13816805236,289419432,0,trunk,25.5,53.11,2,46.7,60.0,0.2213,low,2481.5,open,
multiple_congested,2026-08-27 18:00:00,768002697_4313445826_0,768002697,4313445826,0,primary,55.5,189.72,14,13.0,45.0,0.7114,severe,2463.6,open,
normal,2026-08-27 14:00:00,3618959949_3618959575_0,3618959949,3618959575,0,primary,279.9,59.5,23,37.6,50.0,0.2479,low,2237.6,open,
clearing,2026-08-27 21:00:00,6308211161_6308211162_0,6308211161,6308211162,0,primary,19.1,26.22,1,52.1,60.0,0.1311,low,1367.0,open,
clearing,2026-08-27 21:00:00,11037059031_1318409213_0,11037059031,1318409213,0,secondary,239.8,24.93,8,50.7,60.0,0.1558,low,1262.8,open,
accident,2026-08-27 17:30:00,7645613949_7645613932_0,7645613949,7645613932,0,secondary,29.9,196.35,8,8.5,38.0,0.7772,severe,1662.2,open,
road_closure,2026-08-27 16:00:00,11896333647_2760699911_0,11896333647,2760699911,0,secondary,17.1,105.56,2,22.1,38.0,0.4179,moderate,2335.2,open,
sudden_congestion,2026-08-27 15:00:00,663126896_7579740338_0,663126896,7579740338,0,secondary,296.4,38.32,15,45.6,60.0,0.2395,low,1748.7,open,
normal,2026-08-27 14:00:00,4340668365_660557876_0,4340668365,660557876,0,secondary,745.1,57.62,58,29.3,38.0,0.2281,low,1690.2,open,
multiple_congested,2026-08-27 18:00:00,3598273779_2222307653_0,3598273779,2222307653,0,secondary,45.7,220.36,14,5.0,38.0,0.8722,severe,1101.8,open,
multiple_congested,2026-08-27 18:00:00,10103014416_11205086522_0,10103014416,11205086522,0,primary,79.0,147.12,16,15.9,60.0,0.7356,severe,2334.0,open,
sudden_congestion,2026-08-27 15:00:00,2723388992_315086404_0,2723388992,315086404,0,secondary,58.4,50.3,4,30.4,38.0,0.1991,low,1530.7,open,
heavy_congestion,2026-08-27 18:30:00,11568965521_10280100889_0,11568965521,10280100889,0,secondary,246.8,181.13,61,10.8,38.0,0.717,severe,1948.0,open,
accident,2026-08-27 17:30:00,12640159700_11460275556_0,12640159700,11460275556,0,secondary,531.2,84.1,61,28.5,60.0,0.5256,heavy,2393.7,open,
accident,2026-08-27 17:30:00,7733014990_5432749696_0,7733014990,5432749696,0,primary,6.6,159.42,1,18.1,45.0,0.5978,heavy,2885.1,open,
heavy_congestion,2026-08-27 18:30:00,5773967900_3614585881_0,5773967900,3614585881,0,secondary,806.5,215.6,236,5.6,38.0,0.8534,severe,1201.0,open,
heavy_congestion,2026-08-27 18:30:00,2852837397_2852837391_0,2852837397,2852837391,0,secondary,22.1,157.09,5,14.4,38.0,0.6218,heavy,2257.5,open,
road_closure,2026-08-27 16:00:00,12294255225_4314301884_0,12294255225,4314301884,0,trunk,34.8,76.04,4,41.0,60.0,0.3168,moderate,3116.8,open,
accident,2026-08-27 17:30:00,12079632662_13394705202_0,12079632662,13394705202,0,secondary,788.1,194.08,207,8.8,38.0,0.7682,severe,1709.3,open,
sudden_congestion,2026-08-27 15:00:00,2236576250_2234995115_0,2236576250,2234995115,0,secondary,628.8,46.06,39,31.1,38.0,0.1823,low,1431.1,open,
sudden_congestion,2026-08-27 15:00:00,3547273757_11811152876_0,3547273757,11811152876,0,secondary,10.9,59.08,1,29.1,38.0,0.2339,low,1720.1,open,
road_closure,2026-08-27 16:00:00,596386574_11527773035_0,596386574,11527773035,0,trunk,207.6,74.82,21,41.3,60.0,0.3117,moderate,3089.7,open,
heavy_congestion,2026-08-27 18:30:00,308933090_7713044852_0,308933090,7713044852,0,secondary,11.5,240.0,4,5.0,38.0,0.95,severe,1200.0,open,
clearing,2026-08-27 21:00:00,13336026933_315058906_0,13336026933,315058906,0,primary,53.8,39.37,3,48.2,60.0,0.1969,low,1897.3,open,
road_closure,2026-08-27 16:00:00,7579290951_3614460583_0,7579290951,3614460583,0,secondary,15.9,79.54,2,26.0,38.0,0.3148,moderate,2070.8,open,
multiple_congested,2026-08-27 18:00:00,4328011571_4328011581_0,4328011571,4328011581,0,secondary,8.8,229.95,3,5.0,38.0,0.9102,severe,1149.8,open,
peak_hour,2026-08-27 18:30:00,3550391073_1820106310_0,3550391073,1820106310,0,secondary,42.2,195.91,11,8.5,38.0,0.7755,severe,1671.4,open,
clearing,2026-08-27 21:00:00,3618960700_3618960220_0,3618960700,3618960220,0,primary,403.7,35.84,20,42.5,50.0,0.1493,low,1524.5,open,
accident,2026-08-27 17:30:00,2236576250_2234995115_0,2236576250,2234995115,0,secondary,628.8,133.81,114,17.9,38.0,0.5297,heavy,2391.6,open,
road_closure,2026-08-27 16:00:00,672115548_5999378854_0,672115548,5999378854,0,secondary,2813.2,76.38,291,26.5,38.0,0.3024,moderate,2025.0,open,
multiple_congested,2026-08-27 18:00:00,7576697125_7246402313_0,7576697125,7246402313,0,secondary,464.4,203.71,128,7.4,38.0,0.8064,severe,1498.9,open,
road_closure,2026-08-27 16:00:00,2236318133_12487977082_0,2236318133,12487977082,0,primary,117.8,106.96,17,27.0,45.0,0.4011,moderate,2882.6,open,
multiple_congested,2026-08-27 18:00:00,3146940003_3180189266_0,3146940003,3180189266,0,secondary,47.0,131.9,8,15.7,50.0,0.687,heavy,2064.3,open,
accident,2026-08-27 17:30:00,2245996094_2245996053_0,2245996094,2245996053,0,secondary,20.5,115.13,3,20.7,38.0,0.4557,moderate,2381.2,open,
road_closure,2026-08-27 16:00:00,3618960700_7604250698_0,3618960700,7604250698,0,primary,119.9,97.16,16,29.8,50.0,0.4048,moderate,2891.3,open,
accident,2026-08-27 17:30:00,2231794953_11982388792_0,2231794953,11982388792,0,secondary,188.3,112.54,29,17.8,60.0,0.7034,severe,2003.0,open,
peak_hour,2026-08-27 18:30:00,1311326967_13595399110_0,1311326967,13595399110,0,primary,1093.0,211.32,313,9.3,45.0,0.7925,severe,1973.6,open,
peak_hour,2026-08-27 18:30:00,3178328694_356322748_0,3178328694,356322748,0,secondary,100.0,139.56,19,7.7,60.0,0.8722,severe,1069.7,open,
normal,2026-08-27 14:00:00,13274240420_9569955889_0,13274240420,9569955889,0,secondary,319.3,23.79,10,25.5,30.0,0.1487,low,607.6,open,
heavy_congestion,2026-08-27 18:30:00,3219742067_3219742068_0,3219742067,3219742068,0,secondary,56.6,152.0,12,5.0,60.0,0.95,severe,760.0,open,
clearing,2026-08-27 21:00:00,3612548397_4552473031_0,3612548397,4552473031,0,primary,37.7,45.19,2,37.4,45.0,0.1695,low,1688.9,open,
accident,2026-08-27 17:30:00,7547651588_7547415010_0,7547651588,7547415010,0,secondary,20.3,125.84,3,19.1,38.0,0.4981,moderate,2400.0,open,
normal,2026-08-27 14:00:00,7681033322_7674104025_0,7681033322,7674104025,0,secondary_link,9.2,85.77,1,21.0,28.0,0.2502,low,1800.8,open,
normal,2026-08-27 14:00:00,4189396489_7539761304_0,4189396489,7539761304,0,primary,49.0,60.74,4,34.7,45.0,0.2278,low,2110.8,open,
sudden_congestion,2026-08-27 15:00:00,5580342824_12313727569_0,5580342824,12313727569,0,secondary,690.2,42.32,40,31.6,38.0,0.1675,low,1338.8,open,
road_closure,2026-08-27 16:00:00,596387722_7682815024_0,596387722,7682815024,0,trunk,38.3,88.72,5,34.6,50.0,0.3081,moderate,3069.5,open,
multiple_congested,2026-08-27 18:00:00,2728453214_2730562479_0,2728453214,2730562479,0,trunk,21.7,112.12,3,32.0,60.0,0.4672,moderate,3584.5,open,
normal,2026-08-27 14:00:00,7682077666_3994766053_0,7682077666,3994766053,0,secondary,143.6,49.32,10,30.6,38.0,0.1952,low,1508.2,open,
normal,2026-08-27 14:00:00,1947948535_2180033527_0,1947948535,2180033527,0,trunk_link,49.3,68.26,5,29.2,35.0,0.1659,low,1992.8,open,
peak_hour,2026-08-27 18:30:00,6989603545_6887708354_0,6989603545,6887708354,0,secondary,278.4,146.0,55,5.3,60.0,0.9125,severe,766.7,open,
accident,2026-08-27 17:30:00,7010525887_7010525878_0,7010525887,7010525878,0,secondary,312.0,144.2,61,16.3,38.0,0.5708,heavy,2351.9,open,
road_closure,2026-08-27 16:00:00,13997290897_13997299209_0,13997290897,13997299209,0,secondary,100.9,63.36,9,28.5,38.0,0.2508,low,1803.9,open,
multiple_congested,2026-08-27 18:00:00,2782802941_2852448047_0,2782802941,2852448047,0,secondary,44.2,233.33,14,5.0,38.0,0.9236,severe,1166.6,open,
accident,2026-08-27 17:30:00,1277837905_1277837771_0,1277837905,1277837771,0,primary,23.2,145.72,5,19.6,50.0,0.6072,heavy,2862.2,open,
sudden_congestion,2026-08-27 15:00:00,11347875313_11347844755_0,11347875313,11347844755,0,secondary,179.1,66.21,16,28.0,38.0,0.2621,low,1856.6,open,
multiple_congested,2026-08-27 18:00:00,9569955898_9569955889_0,9569955898,9569955889,0,secondary,436.5,178.16,105,11.2,38.0,0.7052,severe,1995.7,open,
sudden_congestion,2026-08-27 15:00:00,3618943687_3618943580_0,3618943687,3618943580,0,secondary,100.9,46.28,6,31.0,38.0,0.1832,low,1436.4,open,
normal,2026-08-27 14:00:00,353720898_12243686653_0,353720898,12243686653,0,secondary,35.1,29.38,1,42.3,50.0,0.153,low,1244.3,open,
accident,2026-08-27 17:30:00,2847575103_3157142949_0,2847575103,3157142949,0,primary,74.3,121.83,12,23.4,60.0,0.6092,heavy,2857.0,open,
normal,2026-08-27 14:00:00,4328062935_2584798298_0,4328062935,2584798298,0,trunk,9.9,46.08,1,52.3,60.0,0.128,low,2410.8,open,
heavy_congestion,2026-08-27 18:30:00,2221877387_3598273021_0,2221877387,3598273021,0,secondary,11.3,177.59,3,5.0,50.0,0.925,severe,888.0,open,
accident,2026-08-27 17:30:00,308777212_1320762951_0,308777212,1320762951,0,primary,12.0,123.23,2,24.3,50.0,0.5134,heavy,2997.8,open,
normal,2026-08-27 14:00:00,1947007197_3598276637_0,1947007197,3598276637,0,secondary,543.7,48.79,36,30.7,38.0,0.1931,low,1495.9,open,
clearing,2026-08-27 21:00:00,11866160923_11866020161_0,11866160923,11866020161,0,secondary,2.3,28.05,0,33.8,38.0,0.111,low,947.5,open,
peak_hour,2026-08-27 18:30:00,3612549760_3612549773_0,3612549760,3612549773,0,secondary,44.7,146.61,9,15.9,38.0,0.5803,heavy,2338.1,open,
road_closure,2026-08-27 16:00:00,3618949580_3618948801_0,3618949580,3618948801,0,secondary,141.3,49.31,9,41.5,60.0,0.3082,moderate,2046.8,open,
normal,2026-08-27 14:00:00,7663063181_7096301287_0,7663063181,7096301287,0,primary,133.8,43.77,8,37.6,45.0,0.1641,low,1646.4,open,
normal,2026-08-27 14:00:00,4185053815_3618964867_0,4185053815,3618964867,0,secondary,24.2,42.78,1,31.6,38.0,0.1693,low,1350.3,open,
peak_hour,2026-08-27 18:30:00,2090103583_2090103311_0,2090103583,2090103311,0,trunk,71.6,106.66,10,33.3,60.0,0.4444,moderate,3555.5,open,
clearing,2026-08-27 21:00:00,12595528545_7732806151_0,12595528545,7732806151,0,primary,396.2,38.86,21,48.3,60.0,0.1943,low,1878.6,open,
clearing,2026-08-27 21:00:00,2225281879_308961988_0,2225281879,308961988,0,secondary,47.4,35.14,2,32.7,38.0,0.1391,low,1149.7,open,
heavy_congestion,2026-08-27 18:30:00,2492131676_3966006726_0,2492131676,3966006726,0,secondary,1882.4,159.75,407,14.0,38.0,0.6323,heavy,2231.9,open,
normal,2026-08-27 14:00:00,3977749533_2584868605_0,3977749533,2584868605,0,secondary,24.5,54.2,2,29.8,38.0,0.2145,low,1617.6,open,
sudden_congestion,2026-08-27 15:00:00,12231156119_13479097892_0,12231156119,13479097892,0,primary,232.3,37.82,12,48.7,60.0,0.1891,low,1839.9,open,
accident,2026-08-27 17:30:00,3392159962_13754225940_0,3392159962,13754225940,0,primary,24.3,167.55,6,9.7,60.0,0.8378,severe,1630.9,open,
heavy_congestion,2026-08-27 18:30:00,11179144148_3753055175_0,11179144148,3753055175,0,motorway,8144.1,98.37,1086,75.7,120.0,0.3689,moderate,7449.9,open,
heavy_congestion,2026-08-27 18:30:00,4003605897_4003605891_0,4003605897,4003605891,0,secondary,31.6,177.91,8,5.0,50.0,0.9266,severe,889.5,open,
accident,2026-08-27 17:30:00,11072641988_7712429905_0,11072641988,7712429905,0,secondary,4.8,185.34,1,10.1,38.0,0.7336,severe,1876.0,open,
heavy_congestion,2026-08-27 18:30:00,9570041321_1427646000_0,9570041321,1427646000,0,trunk,112.2,299.52,46,10.1,60.0,0.832,severe,3019.3,open,
sudden_congestion,2026-08-27 15:00:00,11900776268_2780888242_0,11900776268,2780888242,0,secondary,19.7,45.73,1,38.1,50.0,0.2382,low,1741.9,open,
clearing,2026-08-27 21:00:00,3204072402_3204072394_0,3204072402,3204072394,0,primary,159.6,37.5,8,48.7,60.0,0.1875,low,1828.2,open,
sudden_congestion,2026-08-27 15:00:00,9948797745_3949469245_0,9948797745,3949469245,0,secondary,358.9,28.07,14,30.6,40.0,0.2339,low,860.1,open,
multiple_congested,2026-08-27 18:00:00,11947140019_11947140018_0,11947140019,11947140018,0,trunk_link,14.4,303.81,6,9.2,35.0,0.7384,severe,2781.4,open,
accident,2026-08-27 17:30:00,7714258390_307038375_0,7714258390,307038375,0,secondary,36.3,186.74,9,9.9,38.0,0.7392,severe,1850.9,open,
accident,2026-08-27 17:30:00,12905482351_11460290540_0,12905482351,11460290540,0,secondary_link,6.5,207.56,2,11.0,28.0,0.6054,heavy,2293.4,open,
peak_hour,2026-08-27 18:30:00,11059208910_7697953830_0,11059208910,7697953830,0,secondary,60.2,227.41,19,5.0,38.0,0.9002,severe,1137.0,open,
accident,2026-08-27 17:30:00,3614580700_3614580451_0,3614580700,3614580451,0,primary,42.8,161.93,9,11.4,60.0,0.8097,severe,1849.4,open,
normal,2026-08-27 14:00:00,3614574747_3614575004_0,3614574747,3614575004,0,secondary,234.2,43.59,14,31.4,38.0,0.1725,low,1370.6,open,
road_closure,2026-08-27 16:00:00,3183961626_3215426733_0,3183961626,3215426733,0,primary,13.7,100.39,2,28.1,45.0,0.3765,moderate,2816.8,open,
multiple_congested,2026-08-27 18:00:00,11947096809_11947096808_0,11947096809,11947096808,0,primary_link,9.1,255.31,3,10.9,30.0,0.6383,heavy,2770.5,open,
accident,2026-08-27 17:30:00,4132164738_4132070283_0,4132164738,4132070283,0,secondary,87.4,140.63,17,16.8,38.0,0.5567,heavy,2369.2,open,
accident,2026-08-27 17:30:00,4203989131_3791315026_0,4203989131,3791315026,0,trunk,47.5,124.48,8,28.9,60.0,0.5187,heavy,3595.0,open,
clearing,2026-08-27 21:00:00,7577261126_3618956056_0,7577261126,3618956056,0,secondary,99.0,45.08,6,31.2,38.0,0.1784,low,1407.4,open,
peak_hour,2026-08-27 18:30:00,3614509022_3614508943_0,3614509022,3614508943,0,secondary,202.2,199.38,55,8.0,38.0,0.7892,severe,1597.1,open,
heavy_congestion,2026-08-27 18:30:00,12048735655_4194621056_0,12048735655,4194621056,0,secondary,83.9,240.0,27,5.0,38.0,0.95,severe,1200.0,open,
road_closure,2026-08-27 16:00:00,13999972840_13999972839_0,13999972840,13999972839,0,trunk_link,11.6,126.7,2,24.2,35.0,0.3079,moderate,3068.9,open,
multiple_congested,2026-08-27 18:00:00,2236282988_308783127_0,2236282988,308783127,0,primary,49.6,122.22,8,23.3,60.0,0.6111,heavy,2851.9,open,
peak_hour,2026-08-27 18:30:00,2782873772_2782873774_0,2782873772,2782873774,0,secondary,1066.6,133.04,192,15.4,50.0,0.6929,heavy,2042.7,open,
accident,2026-08-27 17:30:00,1557486523_3612561478_0,1557486523,3612561478,0,trunk,8.1,138.87,2,25.3,60.0,0.5786,heavy,3511.0,open,
clearing,2026-08-27 21:00:00,6150694604_12595273883_0,6150694604,12595273883,0,secondary,885.0,17.96,22,53.3,60.0,0.1122,low,956.6,open,
accident,2026-08-27 17:30:00,4180702326_3602398590_0,4180702326,3602398590,0,secondary,896.9,116.91,142,20.4,38.0,0.4628,moderate,2386.7,open,
peak_hour,2026-08-27 18:30:00,308779543_2847725851_0,308779543,2847725851,0,secondary,65.7,189.5,17,9.5,38.0,0.7501,severe,1799.5,open,
sudden_congestion,2026-08-27 15:00:00,2782802313_2782802309_0,2782802313,2782802309,0,secondary,20.3,64.2,2,28.3,38.0,0.2541,low,1819.6,open,
sudden_congestion,2026-08-27 15:00:00,1779056443_3154066605_0,1779056443,3154066605,0,primary,346.8,42.49,20,47.3,60.0,0.2125,low,2007.9,open,
accident,2026-08-27 17:30:00,6559475916_11817898428_0,6559475916,11817898428,0,trunk,30.8,206.84,9,25.5,60.0,0.5746,heavy,5280.0,open,
road_closure,2026-08-27 16:00:00,2284444451_2284444431_0,2284444451,2284444431,0,trunk,1215.4,51.53,85,47.1,60.0,0.2147,low,2428.0,open,
peak_hour,2026-08-27 18:30:00,11521352824_2249584945_0,11521352824,2249584945,0,secondary,48.4,87.25,6,27.3,60.0,0.5453,heavy,2380.3,open,
multiple_congested,2026-08-27 18:00:00,3612552835_2243962326_0,3612552835,2243962326,0,secondary,9.2,232.04,3,5.0,38.0,0.9185,severe,1160.2,open,
sudden_congestion,2026-08-27 15:00:00,11460275552_11460275553_0,11460275552,11460275553,0,secondary,4.0,39.24,0,45.3,60.0,0.2452,low,1776.9,open,
accident,2026-08-27 17:30:00,7579290903_7579467137_0,7579290903,7579467137,0,secondary,96.6,153.03,20,15.0,38.0,0.6057,heavy,2292.6,open,
multiple_congested,2026-08-27 18:00:00,7637594331_7637594323_0,7637594331,7637594323,0,secondary,43.7,162.42,10,13.6,38.0,0.6429,heavy,2203.9,open,
accident,2026-08-27 17:30:00,308532030_1321348393_0,308532030,1321348393,0,secondary,45.8,92.93,6,25.8,50.0,0.484,moderate,2397.5,open,
peak_hour,2026-08-27 18:30:00,13279199572_11219211130_0,13279199572,11219211130,0,secondary,298.3,223.07,90,5.0,38.0,0.883,severe,1115.4,open,
accident,2026-08-27 17:30:00,306609628_11066887142_0,306609628,11066887142,0,secondary,27.9,139.39,5,17.0,38.0,0.5517,heavy,2374.3,open,
clearing,2026-08-27 21:00:00,3666159979_2726468513_0,3666159979,2726468513,0,secondary,103.8,33.7,5,32.9,38.0,0.1334,low,1109.9,open,
peak_hour,2026-08-27 18:30:00,13058381321_1779040747_0,13058381321,1779040747,0,primary,255.2,149.29,52,15.2,60.0,0.7464,severe,2271.2,open,
heavy_congestion,2026-08-27 18:30:00,7712535669_10264220066_0,7712535669,10264220066,0,primary,99.3,171.02,23,8.7,60.0,0.8551,severe,1486.7,open,
peak_hour,2026-08-27 18:30:00,2249690016_672114039_0,2249690016,672114039,0,secondary,56.6,218.7,17,5.1,38.0,0.8657,severe,1116.1,open,
accident,2026-08-27 17:30:00,308531996_3612559042_0,308531996,3612559042,0,secondary,37.5,97.52,5,24.6,50.0,0.5079,heavy,2399.4,open,
peak_hour,2026-08-27 18:30:00,7715912344_7715912362_0,7715912344,7715912362,0,primary,22.8,158.34,5,12.5,60.0,0.7917,severe,1978.8,open,
accident,2026-08-27 17:30:00,1297368031_1297367246_0,1297368031,1297367246,0,secondary,11.4,188.84,3,9.6,38.0,0.7475,severe,1812.0,open,
normal,2026-08-27 14:00:00,2782802834_2782950160_0,2782802834,2782950160,0,secondary,24.6,36.8,1,32.5,38.0,0.1457,low,1194.8,open,
normal,2026-08-27 14:00:00,289916818_289917123_0,289916818,289917123,0,trunk,55.8,112.31,8,25.3,30.0,0.156,low,2843.7,open,
accident,2026-08-27 17:30:00,12948774633_12948774634_0,12948774633,12948774634,0,trunk_link,13.4,234.52,4,15.0,35.0,0.57,heavy,3529.4,open,
sudden_congestion,2026-08-27 15:00:00,7668957914_7668957917_0,7668957914,7668957917,0,secondary,32.0,53.9,2,29.9,38.0,0.2133,low,1611.1,open,
heavy_congestion,2026-08-27 18:30:00,353720832_354243063_0,353720832,354243063,0,secondary,153.9,119.19,25,15.3,60.0,0.7449,severe,1824.0,open,
heavy_congestion,2026-08-27 18:30:00,4189185765_2686451276_0,4189185765,2686451276,0,secondary,78.7,174.57,19,11.7,38.0,0.691,heavy,2049.7,open,
multiple_congested,2026-08-27 18:00:00,3931737591_6150915029_0,3931737591,6150915029,0,secondary,74.5,163.98,17,13.3,38.0,0.6491,heavy,2186.6,open,
multiple_congested,2026-08-27 18:00:00,11945008076_2434195511_1,11945008076,2434195511,1,secondary,39.8,195.29,11,8.6,38.0,0.773,severe,1684.4,open,
heavy_congestion,2026-08-27 18:30:00,12872717563_11542419649_0,12872717563,11542419649,0,primary,36.1,244.98,12,5.0,45.0,0.9187,severe,1224.9,open,
clearing,2026-08-27 21:00:00,2730859843_308576696_0,2730859843,308576696,0,secondary,66.4,46.62,4,31.0,38.0,0.1846,low,1444.7,open,
accident,2026-08-27 17:30:00,306598208_306598210_0,306598208,306598210,0,trunk,31.7,123.79,5,29.1,60.0,0.5158,heavy,3596.4,open,
road_closure,2026-08-27 16:00:00,2222733719_971318174_0,2222733719,971318174,0,secondary,25.9,49.46,2,37.1,50.0,0.2576,low,1835.9,open,
accident,2026-08-27 17:30:00,3109573421_2228597128_0,3109573421,2228597128,0,primary,197.1,101.12,27,29.7,60.0,0.5056,heavy,2999.6,open,
road_closure,2026-08-27 16:00:00,7672470229_7672470211_0,7672470229,7672470211,0,secondary,115.1,64.36,10,28.3,38.0,0.2547,low,1822.6,open,
sudden_congestion,2026-08-27 15:00:00,4189438485_7637619123_0,4189438485,7637619123,0,secondary,7.1,45.1,0,31.2,38.0,0.1785,low,1408.0,open,
heavy_congestion,2026-08-27 18:30:00,3186227085_3186227086_0,3186227085,3186227086,0,trunk,52.9,209.28,15,7.7,60.0,0.872,severe,1607.4,open,
accident,2026-08-27 17:30:00,3598319021_7103859239_0,3598319021,7103859239,0,primary,29.1,128.35,5,21.5,60.0,0.6417,heavy,2758.9,open,
heavy_congestion,2026-08-27 18:30:00,10688638950_10688638951_0,10688638950,10688638951,0,primary,9.0,253.33,3,5.0,45.0,0.95,severe,1266.7,open,
road_closure,2026-08-27 16:00:00,4193299791_4193299784_0,4193299791,4193299784,0,secondary,93.9,105.36,13,22.2,38.0,0.4171,moderate,2334.0,open,
multiple_congested,2026-08-27 18:00:00,2478095314_306630442_0,2478095314,306630442,0,primary,80.3,204.46,22,10.5,45.0,0.7667,severe,2146.3,open,
peak_hour,2026-08-27 18:30:00,2852572121_2852572212_0,2852572121,2852572212,0,secondary,115.6,208.77,33,6.6,38.0,0.8264,severe,1377.2,open,
accident,2026-08-27 17:30:00,1657351621_2852273760_0,1657351621,2852273760,0,secondary,37.4,194.25,10,8.8,38.0,0.7689,severe,1705.9,open,
normal,2026-08-27 14:00:00,306605287_2243962341_0,306605287,2243962341,0,secondary,80.3,53.78,6,29.9,38.0,0.2129,low,1608.6,open,
peak_hour,2026-08-27 18:30:00,4269634327_1747117857_0,4269634327,1747117857,0,secondary,14.8,206.28,4,7.0,38.0,0.8165,severe,1438.3,open,
accident,2026-08-27 17:30:00,350467752_12084543488_0,350467752,12084543488,0,secondary_link,26.0,189.88,7,12.5,28.0,0.5538,heavy,2372.2,open,
sudden_congestion,2026-08-27 15:00:00,2714061423_5230197441_0,2714061423,5230197441,0,secondary,41.6,54.48,3,29.8,38.0,0.2156,low,1623.7,open,
clearing,2026-08-27 21:00:00,7682659574_7682659577_0,7682659574,7682659577,0,secondary,100.1,17.5,2,53.4,60.0,0.1094,low,935.2,open,
normal,2026-08-27 14:00:00,2231826605_1438257727_0,2231826605,1438257727,0,secondary,86.5,63.03,7,28.5,38.0,0.2495,low,1797.6,open,
heavy_congestion,2026-08-27 18:30:00,2795965695_2795965692_0,2795965695,2795965692,0,primary,76.9,190.0,20,5.0,60.0,0.95,severe,950.0,open,
heavy_congestion,2026-08-27 18:30:00,306593140_2854813902_0,306593140,2854813902,0,trunk,113.4,153.73,24,21.6,60.0,0.6405,heavy,3315.6,open,
sudden_congestion,2026-08-27 15:00:00,571174350_6152267234_0,571174350,6152267234,0,secondary,265.1,61.07,22,28.8,38.0,0.2417,low,1759.6,open,
heavy_congestion,2026-08-27 18:30:00,2177264474_7692056729_0,2177264474,7692056729,0,trunk,67.2,206.44,19,25.6,60.0,0.5734,heavy,5283.5,open,
heavy_congestion,2026-08-27 18:30:00,289917123_2177311125_0,289917123,2177311125,0,trunk,10.8,493.32,7,9.4,30.0,0.6852,heavy,4659.4,open,
sudden_congestion,2026-08-27 15:00:00,2780888455_571350225_0,2780888455,571350225,0,primary,739.3,58.3,58,42.5,60.0,0.2915,low,2478.3,open,
heavy_congestion,2026-08-27 18:30:00,289658045_11539848643_0,289658045,11539848643,0,primary,14.6,190.0,4,5.0,60.0,0.95,severe,950.0,open,
heavy_congestion,2026-08-27 18:30:00,3153719421_6526005144_0,3153719421,6526005144,0,secondary_link,3.6,302.19,1,5.0,28.0,0.8814,severe,1511.0,open,
road_closure,2026-08-27 16:00:00,11527398897_11527398893_0,11527398897,11527398893,0,secondary,107.4,74.39,11,26.8,38.0,0.2945,low,1994.4,open,
normal,2026-08-27 14:00:00,2787009548_4208851793_0,2787009548,4208851793,0,secondary,21.8,59.15,2,29.1,38.0,0.2341,low,1721.5,open,
peak_hour,2026-08-27 18:30:00,13304436276_1779042079_0,13304436276,1779042079,0,primary_link,23.8,340.86,11,5.0,30.0,0.8522,severe,1704.3,open,
peak_hour,2026-08-27 18:30:00,1866900725_4208768517_0,1866900725,4208768517,0,secondary,2.0,226.35,1,5.0,38.0,0.896,severe,1131.8,open,
peak_hour,2026-08-27 18:30:00,3602413226_11806454873_0,3602413226,11806454873,0,primary,42.2,166.91,10,9.9,60.0,0.8346,severe,1656.9,open,
road_closure,2026-08-27 16:00:00,1317224869_3612564951_0,1317224869,3612564951,0,primary,45.2,81.71,5,33.0,50.0,0.3404,moderate,2694.5,open,
normal,2026-08-27 14:00:00,7536473838_6590719990_0,7536473838,6590719990,0,secondary,37.9,55.98,3,29.6,38.0,0.2216,low,1656.0,open,
accident,2026-08-27 17:30:00,4180257595_3145250159_0,4180257595,3145250159,0,secondary,101.1,72.6,10,32.8,60.0,0.4537,moderate,2379.5,open,
accident,2026-08-27 17:30:00,308975703_2240855158_0,308975703,2240855158,0,primary,32.2,179.69,8,14.7,45.0,0.6739,heavy,2637.3,open,
heavy_congestion,2026-08-27 18:30:00,10081115168_13339829077_0,10081115168,13339829077,0,secondary,47.7,232.33,15,5.0,38.0,0.9197,severe,1161.7,open,
accident,2026-08-27 17:30:00,3166227197_6297948159_0,3166227197,6297948159,0,secondary,12.5,198.67,3,8.1,38.0,0.7864,severe,1612.6,open,
peak_hour,2026-08-27 18:30:00,13351249803_1310990211_0,13351249803,1310990211,0,primary,30.7,279.03,12,5.0,60.0,0.9301,severe,1395.1,open,
normal,2026-08-27 14:00:00,7682224082_3943307544_0,7682224082,3943307544,0,primary,133.7,39.52,7,48.1,60.0,0.1976,low,1902.8,open,
clearing,2026-08-27 21:00:00,320242098_1235830544_0,320242098,1235830544,0,primary,37.7,52.05,3,36.2,45.0,0.1952,low,1885.1,open,
multiple_congested,2026-08-27 18:00:00,2090103613_3602479311_0,2090103613,3602479311,0,trunk_link,54.5,335.11,25,6.5,35.0,0.8145,severe,2175.6,open,
clearing,2026-08-27 21:00:00,4182661160_4182661161_0,4182661160,4182661161,0,secondary,37.4,32.05,2,33.2,38.0,0.1268,low,1063.3,open,
normal,2026-08-27 14:00:00,3939122683_13279127299_0,3939122683,13279127299,0,secondary,303.6,53.59,22,29.9,38.0,0.2121,low,1604.5,open,
multiple_congested,2026-08-27 18:00:00,2780888235_2780888239_0,2780888235,2780888239,0,secondary,47.9,148.39,10,5.0,60.0,0.9274,severe,741.9,open,
accident,2026-08-27 17:30:00,7687995398_6150844845_0,7687995398,6150844845,0,trunk,144.4,97.76,19,35.6,60.0,0.4073,moderate,3476.3,open,
road_closure,2026-08-27 16:00:00,3614574108_4193188411_0,3614574108,4193188411,0,secondary,136.1,71.31,13,27.3,38.0,0.2823,low,1944.9,open,
accident,2026-08-27 17:30:00,4130317920_5119534072_0,4130317920,5119534072,0,secondary,26.0,91.92,3,26.1,50.0,0.4787,moderate,2395.7,open,
normal,2026-08-27 14:00:00,2090103613_3602479311_0,2090103613,3602479311,0,trunk_link,54.5,90.73,7,27.3,35.0,0.2205,low,2475.2,open,
heavy_congestion,2026-08-27 18:30:00,1311326811_4196503478_0,1311326811,4196503478,0,secondary,13.5,114.0,2,5.0,40.0,0.95,severe,570.0,open,
peak_hour,2026-08-27 18:30:00,3614573801_2402415830_0,3614573801,2402415830,0,secondary,45.8,208.74,13,6.6,38.0,0.8263,severe,1378.1,open,
road_closure,2026-08-27 16:00:00,1314787671_309713864_0,1314787671,309713864,0,secondary,62.9,43.7,4,43.6,60.0,0.2731,low,1906.0,open,
normal,2026-08-27 14:00:00,3184095125_11530360285_0,3184095125,11530360285,0,primary,137.1,76.48,14,32.1,45.0,0.2868,low,2454.6,open,
heavy_congestion,2026-08-27 18:30:00,3602299965_356328018_0,3602299965,356328018,0,primary,65.2,147.21,13,15.8,60.0,0.7361,severe,2331.3,open,
peak_hour,2026-08-27 18:30:00,4335033428_2417934229_0,4335033428,2417934229,0,secondary,26.9,212.37,8,6.1,38.0,0.8406,severe,1286.0,open,
multiple_congested,2026-08-27 18:00:00,7676492873_3550345355_0,7676492873,3550345355,0,secondary,35.3,220.8,11,5.0,38.0,0.874,severe,1104.0,open,
peak_hour,2026-08-27 18:30:00,352759370_2403894466_0,352759370,2403894466,0,secondary,38.9,171.14,9,12.3,38.0,0.6774,heavy,2097.8,open,
multiple_congested,2026-08-27 18:00:00,11947065774_11947056961_0,11947065774,11947056961,0,secondary,22.4,165.32,5,13.1,38.0,0.6544,heavy,2171.1,open,
multiple_congested,2026-08-27 18:00:00,728954717_308779467_0,728954717,308779467,0,secondary,88.7,116.99,14,19.5,50.0,0.6093,heavy,2285.3,open,
normal,2026-08-27 14:00:00,5430775787_1299846663_0,5430775787,1299846663,0,primary,18.2,99.15,2,45.1,60.0,0.2479,low,4474.3,open,
clearing,2026-08-27 21:00:00,11527773040_11527773042_0,11527773040,11527773042,0,primary,53.5,37.2,3,38.7,45.0,0.1395,low,1440.5,open,
sudden_congestion,2026-08-27 15:00:00,11828158695_3164268351_0,11828158695,3164268351,0,trunk_link,32.8,69.73,3,29.1,35.0,0.1695,low,2027.0,open,
accident,2026-08-27 17:30:00,6390395975_6390395976_0,6390395975,6390395976,0,primary,32.5,136.51,6,19.0,60.0,0.6826,heavy,2600.1,open,
normal,2026-08-27 14:00:00,1779485067_9682921061_0,1779485067,9682921061,0,primary,65.9,76.32,7,32.1,45.0,0.2862,low,2451.4,open,
accident,2026-08-27 17:30:00,306612766_307051195_0,306612766,307051195,0,secondary,55.0,164.63,12,13.2,38.0,0.6516,heavy,2179.2,open,
peak_hour,2026-08-27 18:30:00,7690525273_11037082485_0,7690525273,11037082485,0,secondary,57.8,116.98,9,16.1,60.0,0.7311,severe,1887.2,open,
accident,2026-08-27 17:30:00,11568887063_11568887068_0,11568887063,11568887068,0,secondary,40.2,178.14,10,11.2,38.0,0.7051,severe,1996.0,open,
heavy_congestion,2026-08-27 18:30:00,3614577476_11054429719_0,3614577476,11054429719,0,secondary,1704.6,240.0,554,5.0,38.0,0.95,severe,1200.0,open,
sudden_congestion,2026-08-27 15:00:00,3973366877_5137745055_0,3973366877,5137745055,0,secondary,138.0,60.22,11,28.9,38.0,0.2384,low,1742.8,open,
road_closure,2026-08-27 16:00:00,3649019744_3649019745_0,3649019744,3649019745,0,secondary,120.8,76.52,13,26.5,38.0,0.3029,moderate,2027.1,open,
clearing,2026-08-27 21:00:00,2852296332_2782950521_0,2852296332,2782950521,0,secondary,3.5,41.57,0,31.7,38.0,0.1646,low,1319.8,open,
normal,2026-08-27 14:00:00,4314601150_4314601136_0,4314601150,4314601136,0,secondary_link,116.2,70.2,11,22.3,28.0,0.2048,low,1563.2,open,
normal,2026-08-27 14:00:00,9709013361_9709013362_0,9709013361,9709013362,0,secondary,8.5,57.27,1,29.4,38.0,0.2267,low,1683.0,open,
accident,2026-08-27 17:30:00,6520759863_6308232678_0,6520759863,6308232678,0,primary,101.5,126.65,17,22.0,60.0,0.6332,heavy,2787.0,open,
road_closure,2026-08-27 16:00:00,3618962199_3618962198_0,3618962199,3618962198,0,secondary,41.7,90.54,5,24.4,38.0,0.3584,moderate,2207.5,open,
normal,2026-08-27 14:00:00,6308211134_6308211132_0,6308211134,6308211132,0,primary,17.2,40.78,1,47.8,60.0,0.2039,low,1947.8,open,
normal,2026-08-27 14:00:00,1324619255_7830608840_0,1324619255,7830608840,0,trunk,17.8,55.61,1,50.7,60.0,0.1545,low,2821.3,open,
clearing,2026-08-27 21:00:00,1274196346_11493777118_0,1274196346,11493777118,0,secondary,29.9,44.52,2,31.3,38.0,0.1762,low,1393.5,open,
normal,2026-08-27 14:00:00,312840419_3614499324_0,312840419,3614499324,0,primary,48.5,48.5,3,45.4,60.0,0.2425,low,2204.4,open,
road_closure,2026-08-27 16:00:00,12841106290_1779488052_0,12841106290,1779488052,0,primary,43.0,84.21,5,34.7,60.0,0.421,moderate,2925.2,open,
multiple_congested,2026-08-27 18:00:00,11947502429_11947502428_0,11947502429,11947502428,0,secondary_link,8.2,256.52,3,7.1,28.0,0.7482,severe,1808.7,open,
road_closure,2026-08-27 16:00:00,13335799076_2245996364_0,13335799076,2245996364,0,secondary,44.6,74.43,5,26.8,38.0,0.2946,low,1995.0,open,
peak_hour,2026-08-27 18:30:00,6451221164_1426794565_0,6451221164,1426794565,0,primary,1303.8,285.0,504,5.0,60.0,0.95,severe,1425.0,open,
heavy_congestion,2026-08-27 18:30:00,2782950537_2782950538_0,2782950537,2782950538,0,secondary,19.8,193.63,5,8.9,38.0,0.7664,severe,1718.5,open,
clearing,2026-08-27 21:00:00,13238921269_13238921265_0,13238921269,13238921265,0,secondary,19.7,44.91,1,31.2,38.0,0.1778,low,1403.1,open,
clearing,2026-08-27 21:00:00,3602413456_6152711293_0,3602413456,6152711293,0,motorway_link,316.3,28.45,12,45.6,50.0,0.0889,low,1296.1,open,
normal,2026-08-27 14:00:00,7607533396_4189232921_0,7607533396,4189232921,0,secondary,42.1,54.03,3,29.9,38.0,0.2139,low,1614.1,open,
sudden_congestion,2026-08-27 15:00:00,3612546075_306611010_0,3612546075,306611010,0,primary,44.1,68.56,4,33.4,45.0,0.2571,low,2292.0,open,
clearing,2026-08-27 21:00:00,3602479297_2090103509_0,3602479297,2090103509,0,secondary,1118.2,26.45,40,34.0,38.0,0.1047,low,899.8,open,
sudden_congestion,2026-08-27 15:00:00,309713885_309713913_0,309713885,309713913,0,primary_link,67.8,122.92,11,20.8,30.0,0.3073,moderate,2554.4,open,
heavy_congestion,2026-08-27 18:30:00,2222307148_2222307087_0,2222307148,2222307087,0,secondary,21.1,209.62,6,6.5,38.0,0.8297,severe,1356.2,open,
normal,2026-08-27 14:00:00,2803360754_2803360751_0,2803360754,2803360751,0,secondary,21.2,37.9,1,45.8,60.0,0.2369,low,1735.2,open,
peak_hour,2026-08-27 18:30:00,3614572904_3614573566_0,3614572904,3614573566,0,secondary,226.4,214.65,66,5.7,38.0,0.8496,severe,1226.4,open,
normal,2026-08-27 14:00:00,989991428_978107765_0,989991428,978107765,0,secondary,64.2,23.94,2,51.0,60.0,0.1496,low,1221.5,open,
road_closure,2026-08-27 16:00:00,3654406072_2726477250_0,3654406072,2726477250,0,secondary,30.8,57.11,2,35.1,50.0,0.2975,low,2006.2,open,
normal,2026-08-27 14:00:00,2245996378_306612777_0,2245996378,306612777,0,secondary,16.9,63.4,1,28.5,38.0,0.251,low,1804.6,open,
sudden_congestion,2026-08-27 15:00:00,8386715639_8386715642_0,8386715639,8386715642,0,primary,36.7,49.74,2,36.6,45.0,0.1865,low,1820.9,open,
clearing,2026-08-27 21:00:00,6275678104_596396022_0,6275678104,596396022,0,secondary,26.2,29.62,1,33.5,38.0,0.1172,low,993.6,open,
road_closure,2026-08-27 16:00:00,2723388939_11347875313_0,2723388939,11347875313,0,secondary,257.9,86.9,30,24.9,38.0,0.344,moderate,2166.3,open,
multiple_congested,2026-08-27 18:00:00,1947502723_5491724545_0,1947502723,5491724545,0,secondary,5.6,143.52,1,16.4,38.0,0.5681,heavy,2355.5,open,
heavy_congestion,2026-08-27 18:30:00,2232017903_3598271638_0,2232017903,3598271638,0,secondary,40.3,175.76,10,5.0,50.0,0.9154,severe,878.8,open,
heavy_congestion,2026-08-27 18:30:00,2728758717_3157658454_0,2728758717,3157658454,0,trunk,98.0,209.33,28,7.7,60.0,0.8722,severe,1605.2,open,
peak_hour,2026-08-27 18:30:00,2857325757_1754245998_0,2857325757,1754245998,0,trunk,188.5,125.0,32,28.8,60.0,0.5208,heavy,3593.8,open,
clearing,2026-08-27 21:00:00,2782802231_2782802237_0,2782802231,2782802237,0,secondary,26.5,34.48,1,32.8,38.0,0.1365,low,1131.4,open,
heavy_congestion,2026-08-27 18:30:00,3180143093_1762335434_0,3180143093,1762335434,0,secondary,50.4,263.88,18,5.0,50.0,0.9162,severe,1319.4,open,
sudden_congestion,2026-08-27 15:00:00,4183218200_4183217684_0,4183218200,4183217684,0,primary,58.0,53.81,4,35.9,45.0,0.2018,low,1932.9,open,
road_closure,2026-08-27 16:00:00,11043831726_11043831722_0,11043831726,11043831722,0,primary_link,23.3,108.79,3,21.8,30.0,0.272,low,2376.1,open,
heavy_congestion,2026-08-27 18:30:00,11875888312_3550346618_0,11875888312,3550346618,0,secondary,29.7,173.59,7,11.9,38.0,0.6871,heavy,2063.9,open,
road_closure,2026-08-27 16:00:00,9708939466_9708939465_0,9708939466,9708939465,0,trunk,8.9,74.27,1,41.4,60.0,0.3095,moderate,3077.2,open,
accident,2026-08-27 17:30:00,11462452421_11462452425_0,11462452421,11462452425,0,trunk_link,80.8,229.48,25,15.5,35.0,0.5578,heavy,3552.0,open,
sudden_congestion,2026-08-27 15:00:00,2090103744_2090103378_0,2090103744,2090103378,0,secondary,47.0,68.83,4,27.6,38.0,0.2724,low,1902.9,open,
sudden_congestion,2026-08-27 15:00:00,11909369843_11909369841_0,11909369843,11909369841,0,trunk,30.6,51.53,2,47.1,60.0,0.2147,low,2428.0,open,
multiple_congested,2026-08-27 18:00:00,2586710526_2586710523_0,2586710526,2586710523,0,trunk,140.0,171.57,33,17.1,60.0,0.7149,severe,2935.2,open,
heavy_congestion,2026-08-27 18:30:00,11905780054_11880768152_0,11905780054,11880768152,0,secondary,89.2,207.55,25,6.8,38.0,0.8216,severe,1407.3,open,
normal,2026-08-27 14:00:00,11944838107_662733685_0,11944838107,662733685,0,secondary,362.0,37.02,18,32.4,38.0,0.1465,low,1200.7,open,
sudden_congestion,2026-08-27 15:00:00,12618756887_1304459647_0,12618756887,1304459647,0,motorway,7.0,29.76,0,72.1,80.0,0.0992,low,2144.7,open,
normal,2026-08-27 14:00:00,3618946067_3618946053_0,3618946067,3618946053,0,secondary,8.8,48.47,1,30.7,38.0,0.1919,low,1488.6,open,
sudden_congestion,2026-08-27 15:00:00,12295772036_12295772035_0,12295772036,12295772035,0,trunk,21.4,32.34,1,51.9,60.0,0.1348,low,1679.0,open,
accident,2026-08-27 17:30:00,3554692845_3554692868_0,3554692845,3554692868,0,secondary,498.6,175.55,119,11.6,38.0,0.6949,heavy,2035.3,open,
sudden_congestion,2026-08-27 15:00:00,7694958440_2794316596_0,7694958440,2794316596,0,secondary,45.2,67.79,4,27.8,38.0,0.2683,low,1884.7,open,
multiple_congested,2026-08-27 18:00:00,10789494481_2583351556_0,10789494481,2583351556,0,secondary,2302.4,151.12,471,15.3,38.0,0.5982,heavy,2307.4,open,
heavy_congestion,2026-08-27 18:30:00,12412394745_9774930665_0,12412394745,9774930665,0,primary,71.2,204.13,20,19.2,60.0,0.6804,heavy,3914.1,open,
sudden_congestion,2026-08-27 15:00:00,3598258521_2403853080_0,3598258521,2403853080,0,secondary,109.3,33.51,5,41.3,50.0,0.1746,low,1383.2,open,
sudden_congestion,2026-08-27 15:00:00,356328009_356328018_0,356328009,356328018,0,secondary,156.8,43.81,9,31.4,38.0,0.1734,low,1376.1,open,
heavy_congestion,2026-08-27 18:30:00,2247607801_596391612_0,2247607801,596391612,0,secondary,22.0,218.46,7,5.1,38.0,0.8647,severe,1122.9,open,
peak_hour,2026-08-27 18:30:00,12408695268_12408695282_0,12408695268,12408695282,0,secondary,75.2,142.06,14,16.6,38.0,0.5623,heavy,2362.7,open,
normal,2026-08-27 14:00:00,2794267886_2794267869_0,2794267886,2794267869,0,trunk,55.0,39.87,3,50.0,60.0,0.1661,low,1994.9,open,
heavy_congestion,2026-08-27 18:30:00,11801747758_11801747756_0,11801747758,11801747756,0,secondary,8.9,201.33,2,7.7,38.0,0.7969,severe,1553.5,open,
multiple_congested,2026-08-27 18:00:00,2180951764_6152711293_0,2180951764,6152711293,0,motorway,2289.6,136.81,424,58.4,120.0,0.5131,heavy,7994.5,open,
multiple_congested,2026-08-27 18:00:00,7129724456_7129724460_0,7129724456,7129724460,0,primary,17.0,190.89,4,12.8,45.0,0.7158,severe,2441.0,open,
peak_hour,2026-08-27 18:30:00,1748874051_353736942_0,1748874051,353736942,0,secondary,20.9,132.42,4,18.1,38.0,0.5241,heavy,2394.4,open,
accident,2026-08-27 17:30:00,3155766373_3155766378_0,3155766373,3155766378,0,trunk,214.6,106.66,31,33.3,60.0,0.4444,moderate,3555.5,open,
normal,2026-08-27 14:00:00,3614462827_3614462878_0,3614462827,3614462878,0,secondary,69.8,57.79,5,29.3,38.0,0.2287,low,1693.6,open,
accident,2026-08-27 17:30:00,2460435099_306598185_0,2460435099,306598185,0,trunk,18.3,131.36,3,27.2,60.0,0.5473,heavy,3567.7,open,
peak_hour,2026-08-27 18:30:00,3210144314_3241505343_0,3210144314,3241505343,0,secondary,47.3,183.31,12,10.4,38.0,0.7256,severe,1911.4,open,
clearing,2026-08-27 21:00:00,12841106290_12841106285_0,12841106290,12841106285,0,primary_link,49.6,81.27,5,23.9,30.0,0.2032,low,1942.7,open,
normal,2026-08-27 14:00:00,4198379529_4208482884_0,4198379529,4208482884,0,primary,98.2,43.32,6,41.0,50.0,0.1805,low,1774.9,open,
clearing,2026-08-27 21:00:00,5598880543_5598880542_0,5598880543,5598880542,0,secondary_link,115.5,59.75,9,23.1,28.0,0.1743,low,1381.4,open,
sudden_congestion,2026-08-27 15:00:00,3614579997_3614579959_0,3614579997,3614579959,0,secondary,29.7,44.94,2,31.2,38.0,0.1779,low,1403.8,open,
road_closure,2026-08-27 16:00:00,12744357487_12744357488_0,12744357487,12744357488,0,primary_link,16.4,139.45,3,19.5,30.0,0.3486,moderate,2725.1,open,
clearing,2026-08-27 21:00:00,306609581_7713256575_0,306609581,7713256575,0,primary,116.2,34.62,5,39.2,45.0,0.1298,low,1355.7,open,
sudden_congestion,2026-08-27 15:00:00,7710315059_7710354388_0,7710315059,7710354388,0,secondary,78.1,44.77,5,31.3,38.0,0.1772,low,1399.8,open,
sudden_congestion,2026-08-27 15:00:00,1317249687_308532093_0,1317249687,308532093,0,secondary,37.6,49.49,3,30.6,38.0,0.1959,low,1512.1,open,
peak_hour,2026-08-27 18:30:00,4314302991_3598271776_0,4314302991,3598271776,0,trunk,168.2,136.15,31,26.0,60.0,0.5673,heavy,3534.8,open,
peak_hour,2026-08-27 18:30:00,2243962433_2243962378_0,2243962433,2243962378,0,secondary,51.4,191.8,13,9.2,38.0,0.7592,severe,1755.1,open,
accident,2026-08-27 17:30:00,11947260633_11947260632_0,11947260633,11947260632,0,secondary_link,8.9,204.03,2,11.3,28.0,0.5951,heavy,2313.2,open,
accident,2026-08-27 17:30:00,11072641988_2234501767_0,11072641988,2234501767,0,secondary,168.4,197.57,45,8.3,38.0,0.7821,severe,1636.2,open,
clearing,2026-08-27 21:00:00,14000209516_14000209517_0,14000209516,14000209517,0,trunk_link,12.7,65.65,1,29.4,35.0,0.1596,low,1931.1,open,
sudden_congestion,2026-08-27 15:00:00,3205682711_2477255913_0,3205682711,2477255913,0,trunk,49.1,77.64,5,50.3,60.0,0.1617,low,3904.7,open,
multiple_congested,2026-08-27 18:00:00,3598254530_7712503421_0,3598254530,7712503421,0,primary,79.4,251.0,27,5.0,45.0,0.9412,severe,1255.0,open,
clearing,2026-08-27 21:00:00,5759782344_4184895903_0,5759782344,4184895903,0,trunk,81.9,53.32,6,51.1,60.0,0.1481,low,2725.4,open,
clearing,2026-08-27 21:00:00,660553918_7576935848_0,660553918,7576935848,0,secondary,682.7,41.09,38,31.8,38.0,0.1626,low,1307.4,open,
sudden_congestion,2026-08-27 15:00:00,2245995044_2245995080_0,2245995044,2245995080,0,secondary,41.7,61.33,3,28.8,38.0,0.2428,low,1764.9,open,
multiple_congested,2026-08-27 18:00:00,11569011245_11569011243_0,11569011245,11569011243,0,secondary,10.8,129.19,2,11.6,60.0,0.8075,severe,1492.5,open,
sudden_congestion,2026-08-27 15:00:00,3942917221_2785085724_0,3942917221,2785085724,0,secondary,152.4,66.19,14,28.0,38.0,0.262,low,1856.3,open,
accident,2026-08-27 17:30:00,3579912097_3579912047_0,3579912097,3579912047,0,primary,67.3,130.9,12,20.7,60.0,0.6545,heavy,2713.5,open,
road_closure,2026-08-27 16:00:00,12393261137_1906537007_0,12393261137,1906537007,0,secondary,21.7,92.51,3,24.1,38.0,0.3662,moderate,2228.0,open,
sudden_congestion,2026-08-27 15:00:00,2234286740_2234286697_0,2234286740,2234286697,0,secondary,355.9,69.45,33,27.6,38.0,0.2749,low,1913.7,open,
sudden_congestion,2026-08-27 15:00:00,308525941_2852277985_0,308525941,2852277985,0,primary,76.4,45.35,5,46.4,60.0,0.2268,low,2104.0,open,
accident,2026-08-27 17:30:00,2492131759_2492131760_0,2492131759,2492131760,0,secondary,102.3,188.97,26,9.6,38.0,0.748,severe,1809.5,open,
peak_hour,2026-08-27 18:30:00,4189193313_4189193311_0,4189193313,4189193311,0,secondary,14.7,171.56,3,12.2,38.0,0.6791,heavy,2092.1,open,
multiple_congested,2026-08-27 18:00:00,7577198776_7577198775_0,7577198776,7577198775,0,primary,103.9,154.33,22,17.8,50.0,0.6431,heavy,2754.4,open,
accident,2026-08-27 17:30:00,3204072402_3204072394_0,3204072402,3204072394,0,primary,159.6,162.71,35,11.2,60.0,0.8135,severe,1820.4,open,
peak_hour,2026-08-27 18:30:00,11801392517_11801392518_0,11801392517,11801392518,0,trunk_link,9.0,205.12,3,17.6,35.0,0.4985,moderate,3600.0,open,
multiple_congested,2026-08-27 18:00:00,7690525278_13380606298_0,7690525278,13380606298,0,secondary,11.3,114.4,2,17.1,60.0,0.715,severe,1956.1,open,
peak_hour,2026-08-27 18:30:00,7686991076_10316130743_0,7686991076,10316130743,0,secondary,74.6,224.67,23,5.0,38.0,0.8893,severe,1123.3,open,
road_closure,2026-08-27 16:00:00,6885035686_571172343_0,6885035686,571172343,0,motorway_link,649.8,37.23,33,86.5,120.0,0.2792,low,3220.0,open,
sudden_congestion,2026-08-27 15:00:00,3598266498_4008549092_0,3598266498,4008549092,0,secondary,72.1,31.41,3,41.8,50.0,0.1636,low,1313.5,open,
peak_hour,2026-08-27 18:30:00,13382986066_13382986065_0,13382986066,13382986065,0,secondary,8.6,139.24,2,7.8,60.0,0.8703,severe,1083.8,open,
multiple_congested,2026-08-27 18:00:00,4698144744_11521352824_0,4698144744,11521352824,0,secondary,73.7,127.25,13,12.3,60.0,0.7953,severe,1562.9,open,
clearing,2026-08-27 21:00:00,6274877596_4333125472_0,6274877596,4333125472,0,secondary,143.3,31.68,6,33.2,38.0,0.1254,low,1052.8,open,
accident,2026-08-27 17:30:00,7002672336_596396022_0,7002672336,596396022,0,secondary,39.5,149.17,8,15.6,38.0,0.5905,heavy,2321.4,open,
heavy_congestion,2026-08-27 18:30:00,7565154342_2795965024_0,7565154342,2795965024,0,secondary,76.4,166.82,17,6.6,50.0,0.8689,severe,1093.8,open,
accident,2026-08-27 17:30:00,3602482987_2402415843_0,3602482987,2402415843,0,secondary,238.1,139.12,45,17.1,38.0,0.5507,heavy,2375.3,open,
clearing,2026-08-27 21:00:00,3614459865_3614459831_0,3614459865,3614459831,0,secondary,27.2,26.99,1,33.9,38.0,0.1068,low,915.9,open,
multiple_congested,2026-08-27 18:00:00,12874773317_12874773332_0,12874773317,12874773332,0,secondary,19.7,126.66,3,12.5,60.0,0.7917,severe,1583.4,open,
accident,2026-08-27 17:30:00,11896333647_2760699911_0,11896333647,2760699911,0,secondary,17.1,202.03,5,7.6,38.0,0.7997,severe,1537.8,open,
peak_hour,2026-08-27 18:30:00,4275616469_3219742078_0,4275616469,3219742078,0,secondary,354.8,127.74,61,12.1,60.0,0.7984,severe,1545.3,open,
accident,2026-08-27 17:30:00,3612543401_3612543444_0,3612543401,3612543444,0,trunk,33.4,122.25,6,29.4,60.0,0.5094,heavy,3598.7,open,
multiple_congested,2026-08-27 18:00:00,10857081204_10857084229_0,10857081204,10857084229,0,primary,117.6,170.31,27,16.3,45.0,0.6387,heavy,2769.3,open,
clearing,2026-08-27 21:00:00,3612561579_308532024_0,3612561579,308532024,0,secondary,43.2,29.24,2,42.4,50.0,0.1523,low,1239.4,open,
multiple_congested,2026-08-27 18:00:00,11809305621_11809305620_0,11809305621,11809305620,0,secondary_link,8.2,325.71,4,5.0,28.0,0.95,severe,1628.6,open,
sudden_congestion,2026-08-27 15:00:00,3614577476_3614577545_0,3614577476,3614577545,0,secondary,124.6,42.49,7,31.6,38.0,0.1682,low,1343.1,open,
clearing,2026-08-27 21:00:00,6390395979_6390395980_0,6390395979,6390395980,0,primary,135.3,35.43,6,49.4,60.0,0.1771,low,1749.2,open,
road_closure,2026-08-27 16:00:00,2187030028_4189158293_0,2187030028,4189158293,0,trunk,46.4,55.84,4,46.0,60.0,0.2327,low,2570.8,open,
multiple_congested,2026-08-27 18:00:00,2234831404_2234831460_0,2234831404,2234831460,0,trunk,51.6,177.09,12,15.7,60.0,0.7379,severe,2785.2,open,
heavy_congestion,2026-08-27 18:30:00,1142699538_3148642933_0,1142699538,3148642933,0,primary,36.7,140.91,7,17.7,60.0,0.7046,severe,2497.8,open,
multiple_congested,2026-08-27 18:00:00,12595322876_2179449099_0,12595322876,2179449099,0,trunk,16.8,160.01,4,20.0,60.0,0.6667,heavy,3199.8,open,
accident,2026-08-27 17:30:00,10277673834_7732806159_0,10277673834,7732806159,0,primary,146.8,153.62,31,13.9,60.0,0.7681,severe,2137.4,open,
normal,2026-08-27 14:00:00,11953008793_7676893142_0,11953008793,7676893142,0,primary,317.0,34.63,15,49.6,60.0,0.1731,low,1718.0,open,
peak_hour,2026-08-27 18:30:00,2083572840_2795779063_0,2083572840,2795779063,0,secondary,54.6,216.21,16,5.5,38.0,0.8558,severe,1184.6,open,
accident,2026-08-27 17:30:00,11448947666_9933045359_0,11448947666,9933045359,0,secondary,25.1,244.98,8,13.4,38.0,0.6465,heavy,3291.0,open,
heavy_congestion,2026-08-27 18:30:00,7710315065_7710354398_0,7710315065,7710354398,0,secondary,72.1,178.44,17,11.2,38.0,0.7063,severe,1991.3,open,
normal,2026-08-27 14:00:00,315086404_3602491599_0,315086404,3602491599,0,secondary,18.9,41.97,1,31.7,38.0,0.1661,low,1329.9,open,
road_closure,2026-08-27 16:00:00,308971434_2795871245_0,308971434,2795871245,0,primary,52.0,89.67,6,33.1,60.0,0.4483,moderate,2968.0,open,
accident,2026-08-27 17:30:00,7578269191_7578269190_0,7578269191,7578269190,0,trunk_link,8.4,291.94,3,10.2,35.0,0.7096,severe,2967.6,open,
road_closure,2026-08-27 16:00:00,4317365434_308952113_0,4317365434,308952113,0,secondary,62.8,93.81,8,23.9,38.0,0.3713,moderate,2241.1,open,
peak_hour,2026-08-27 18:30:00,1762335426_12652882703_0,1762335426,12652882703,0,secondary,55.8,222.39,17,11.4,50.0,0.7722,severe,2533.2,open,
accident,2026-08-27 17:30:00,11947732809_10279357893_0,11947732809,10279357893,0,trunk,12.7,150.63,3,22.3,60.0,0.6276,heavy,3365.4,open,
heavy_congestion,2026-08-27 18:30:00,3614461660_5134983140_0,3614461660,5134983140,0,trunk,12.6,308.01,5,21.5,60.0,0.6417,heavy,6621.9,open,
normal,2026-08-27 14:00:00,2509297680_2509297677_0,2509297680,2509297677,0,primary,20.8,41.36,1,47.6,60.0,0.2068,low,1968.5,open,
accident,2026-08-27 17:30:00,2222561049_2225436474_0,2222561049,2225436474,0,secondary,58.6,142.12,11,16.6,38.0,0.5625,heavy,2362.5,open,
accident,2026-08-27 17:30:00,3614499324_4193344980_0,3614499324,4193344980,0,primary,159.2,170.11,37,9.0,60.0,0.8506,severe,1525.2,open,
normal,2026-08-27 14:00:00,7682160120_13744445215_0,7682160120,13744445215,0,secondary_link,7.4,72.91,1,22.0,28.0,0.2127,low,1607.4,open,
heavy_congestion,2026-08-27 18:30:00,3463649361_3463648655_0,3463649361,3463648655,0,secondary,96.8,240.0,31,5.0,38.0,0.95,severe,1200.0,open,
clearing,2026-08-27 21:00:00,7663095226_571180322_0,7663095226,571180322,0,secondary,37.4,36.24,2,32.5,38.0,0.1434,low,1179.5,open,
peak_hour,2026-08-27 18:30:00,2402916744_2730522590_0,2402916744,2730522590,0,trunk,49.2,209.14,14,13.7,50.0,0.7262,severe,2863.4,open,
heavy_congestion,2026-08-27 18:30:00,3614506352_3614507090_0,3614506352,3614507090,0,secondary,168.2,240.0,55,5.0,38.0,0.95,severe,1200.0,open,
peak_hour,2026-08-27 18:30:00,5232370535_5232370526_0,5232370535,5232370526,0,secondary,8.9,183.76,2,10.4,38.0,0.7274,severe,1903.6,open,
accident,2026-08-27 17:30:00,2244766664_2244766578_0,2244766664,2244766578,0,secondary,158.2,196.49,42,8.4,38.0,0.7778,severe,1659.2,open,
sudden_congestion,2026-08-27 15:00:00,8348426909_8348426905_0,8348426909,8348426905,0,secondary,87.0,40.5,5,44.8,60.0,0.2531,low,1815.0,open,
normal,2026-08-27 14:00:00,10107916956_306605216_0,10107916956,306605216,0,primary,27.3,52.31,2,39.1,50.0,0.2179,low,2045.3,open,
clearing,2026-08-27 21:00:00,3184135072_3184135067_0,3184135072,3184135067,0,secondary,7.3,26.67,0,34.0,38.0,0.1056,low,906.5,open,
heavy_congestion,2026-08-27 18:30:00,10682473933_3670021643_0,10682473933,3670021643,0,primary,5.9,187.64,1,5.0,60.0,0.9382,severe,938.2,open,
clearing,2026-08-27 21:00:00,5514222128_4567061350_0,5514222128,4567061350,0,secondary,852.6,44.3,51,31.3,38.0,0.1754,low,1388.3,open,
multiple_congested,2026-08-27 18:00:00,3184132022_14000036131_0,3184132022,14000036131,0,secondary,274.5,109.51,41,18.9,60.0,0.6845,heavy,2073.3,open,
peak_hour,2026-08-27 18:30:00,2249583967_596391075_0,2249583967,596391075,0,secondary,6.4,229.87,2,5.0,38.0,0.9099,severe,1149.4,open,
normal,2026-08-27 14:00:00,3614578192_3614578240_0,3614578192,3614578240,0,secondary,43.1,63.96,4,28.4,38.0,0.2532,low,1815.2,open,
multiple_congested,2026-08-27 18:00:00,6390095521_1489748547_0,6390095521,1489748547,0,secondary,13.9,137.42,3,17.3,38.0,0.5439,heavy,2381.5,open,
multiple_congested,2026-08-27 18:00:00,11803980294_4009708566_0,11803980294,4009708566,0,trunk,9.1,180.85,2,14.8,60.0,0.7535,severe,2674.3,open,
peak_hour,2026-08-27 18:30:00,6862263660_6862263657_0,6862263660,6862263657,0,secondary_link,20.7,205.3,6,11.2,28.0,0.5988,heavy,2306.3,open,
clearing,2026-08-27 21:00:00,2738998032_2738998031_0,2738998032,2738998031,0,secondary,54.6,31.86,2,33.2,38.0,0.1261,low,1057.9,open,
sudden_congestion,2026-08-27 15:00:00,6308390072_6308390082_0,6308390072,6308390082,0,secondary,6.1,59.07,0,29.1,38.0,0.2338,low,1719.7,open,
normal,2026-08-27 14:00:00,306598185_2460435099_0,306598185,2460435099,0,trunk,18.3,45.39,1,48.7,60.0,0.1891,low,2208.2,open,
normal,2026-08-27 14:00:00,12311289876_2247638201_0,12311289876,2247638201,0,trunk,58.0,34.01,3,51.5,60.0,0.1417,low,1751.4,open,
heavy_congestion,2026-08-27 18:30:00,2222306394_3598270422_0,2222306394,3598270422,0,primary,101.4,151.05,21,14.7,60.0,0.7553,severe,2218.1,open,
road_closure,2026-08-27 16:00:00,7676963605_7676963603_0,7676963605,7676963603,0,primary,77.5,57.74,6,42.7,60.0,0.2887,low,2464.2,open,
clearing,2026-08-27 21:00:00,11971809804_3182376843_0,11971809804,3182376843,0,trunk,16.5,65.03,1,51.9,60.0,0.1355,low,3373.3,open,
sudden_congestion,2026-08-27 15:00:00,354242018_354242514_0,354242018,354242514,0,secondary,246.8,36.79,12,46.2,60.0,0.23,low,1699.9,open,
clearing,2026-08-27 21:00:00,11539955849_4327976611_0,11539955849,4327976611,0,primary,95.1,35.02,5,49.5,60.0,0.1751,low,1733.2,open,
sudden_congestion,2026-08-27 15:00:00,3154912805_7532218205_0,3154912805,7532218205,0,secondary,844.5,66.31,76,28.0,38.0,0.2625,low,1858.5,open,
sudden_congestion,2026-08-27 15:00:00,3164238276_2968385221_0,3164238276,2968385221,0,trunk,67.9,41.92,4,49.5,60.0,0.1747,low,2076.0,open,
road_closure,2026-08-27 16:00:00,6887708348_12863936849_0,6887708348,12863936849,0,secondary,4.5,51.32,0,40.8,60.0,0.3207,moderate,2091.5,open,
sudden_congestion,2026-08-27 15:00:00,4343618886_2852310441_0,4343618886,2852310441,0,secondary,11.1,30.07,0,42.2,50.0,0.1566,low,1268.2,open,
multiple_congested,2026-08-27 18:00:00,7096301251_7096301253_0,7096301251,7096301253,0,primary,82.8,253.33,28,5.0,45.0,0.95,severe,1266.7,open,
road_closure,2026-08-27 16:00:00,13744432381_2835215297_0,13744432381,2835215297,0,secondary,45.1,73.77,5,26.9,38.0,0.292,low,1984.8,open,
peak_hour,2026-08-27 18:30:00,8630789192_8630789190_0,8630789192,8630789190,0,secondary,23.1,165.45,5,13.1,38.0,0.6549,heavy,2169.6,open,
peak_hour,2026-08-27 18:30:00,4189137188_2404222952_0,4189137188,2404222952,0,trunk,11.3,172.84,3,16.8,60.0,0.7202,severe,2901.9,open,
heavy_congestion,2026-08-27 18:30:00,2782854359_4281753521_0,2782854359,4281753521,0,secondary,602.3,230.25,188,5.0,38.0,0.9114,severe,1151.2,open,
clearing,2026-08-27 21:00:00,1318445161_3602298971_0,1318445161,3602298971,0,secondary,20.3,29.71,1,33.5,38.0,0.1176,low,996.3,open,
peak_hour,2026-08-27 18:30:00,660564445_4201669607_0,660564445,4201669607,0,secondary,283.5,223.44,86,5.0,38.0,0.8844,severe,1117.2,open,
heavy_congestion,2026-08-27 18:30:00,7720902387_6158030557_0,7720902387,6158030557,0,secondary,26.7,119.7,4,15.1,60.0,0.7481,severe,1809.0,open,
heavy_congestion,2026-08-27 18:30:00,3178480463_2847574690_0,3178480463,2847574690,0,primary,116.2,190.0,30,5.0,60.0,0.95,severe,950.0,open,
multiple_congested,2026-08-27 18:00:00,7568691256_7418727209_0,7568691256,7418727209,0,primary,1194.9,225.6,365,6.9,45.0,0.846,severe,1563.4,open,
accident,2026-08-27 17:30:00,11205086516_11385480870_0,11205086516,11385480870,0,primary,150.7,104.2,21,28.7,60.0,0.521,heavy,2994.7,open,
heavy_congestion,2026-08-27 18:30:00,2234143244_662740753_0,2234143244,662740753,0,secondary,273.7,158.11,59,14.2,38.0,0.6258,heavy,2248.0,open,
heavy_congestion,2026-08-27 18:30:00,10038516052_3820619127_0,10038516052,3820619127,0,primary,144.9,172.66,34,8.2,60.0,0.8633,severe,1416.1,open,
accident,2026-08-27 17:30:00,13754471198_12581361338_0,13754471198,12581361338,0,secondary,9.4,165.72,2,13.1,38.0,0.656,heavy,2166.5,open,
peak_hour,2026-08-27 18:30:00,2090009547_2090009450_0,2090009547,2090009450,0,secondary,274.9,164.36,61,13.3,38.0,0.6506,heavy,2182.3,open,
road_closure,2026-08-27 16:00:00,7702786431_7702786428_0,7702786431,7702786428,0,secondary,4.6,58.13,0,34.9,50.0,0.3028,moderate,2026.5,open,
peak_hour,2026-08-27 18:30:00,596440638_596395243_0,596440638,596395243,0,secondary,18.5,166.41,4,13.0,38.0,0.6587,heavy,2158.2,open,
normal,2026-08-27 14:00:00,7692630594_12079843232_0,7692630594,12079843232,0,trunk,535.4,51.39,37,47.2,60.0,0.2141,low,2423.3,open,
multiple_congested,2026-08-27 18:00:00,12172282915_3193191397_0,12172282915,3193191397,0,primary,235.3,285.0,91,5.0,60.0,0.95,severe,1425.0,open,
heavy_congestion,2026-08-27 18:30:00,12120123274_12120123276_0,12120123274,12120123276,0,secondary,14.4,145.75,3,12.0,50.0,0.7591,severe,1755.4,open,
normal,2026-08-27 14:00:00,4132164705_4132164722_0,4132164705,4132164722,0,secondary,26.4,40.76,1,31.9,38.0,0.1613,low,1299.0,open,
sudden_congestion,2026-08-27 15:00:00,2245932123_4327976654_0,2245932123,4327976654,0,secondary,101.6,64.86,9,28.2,38.0,0.2567,low,1831.9,open,
clearing,2026-08-27 21:00:00,2590225170_5649831796_0,2590225170,5649831796,0,secondary,415.3,38.38,22,32.2,38.0,0.1519,low,1236.9,open,
peak_hour,2026-08-27 18:30:00,2244916701_2245932123_0,2244916701,2245932123,0,secondary,1873.9,228.52,580,5.0,38.0,0.9046,severe,1142.6,open,
normal,2026-08-27 14:00:00,315077818_2225281753_0,315077818,2225281753,0,secondary,43.6,51.96,3,30.2,38.0,0.2057,low,1568.4,open,
multiple_congested,2026-08-27 18:00:00,11740820707_11749777268_0,11740820707,11749777268,0,secondary,190.2,162.31,42,13.6,38.0,0.6425,heavy,2205.1,open,
clearing,2026-08-27 21:00:00,7732806128_7732806117_0,7732806128,7732806117,0,primary,148.1,32.1,6,50.4,60.0,0.1605,low,1616.8,open,
road_closure,2026-08-27 16:00:00,3010560628_14008103433_0,3010560628,14008103433,0,primary,100.1,80.88,11,35.7,60.0,0.4044,moderate,2890.3,open,
clearing,2026-08-27 21:00:00,308796014_3790504698_0,308796014,3790504698,0,primary,25.3,39.95,1,48.0,60.0,0.1998,low,1918.3,open,
peak_hour,2026-08-27 18:30:00,3670021634_356344529_0,3670021634,356344529,0,secondary,47.8,123.71,8,13.6,60.0,0.7732,severe,1683.5,open,
multiple_congested,2026-08-27 18:00:00,2852245277_11829883879_0,2852245277,11829883879,0,secondary,53.9,120.01,9,18.7,50.0,0.625,heavy,2249.9,open,
multiple_congested,2026-08-27 18:00:00,12874773324_12874773332_0,12874773324,12874773332,0,secondary_link,24.8,236.33,8,8.7,28.0,0.6893,heavy,2056.0,open,
clearing,2026-08-27 21:00:00,1321348393_308532030_0,1321348393,308532030,0,secondary,45.8,33.3,2,41.3,50.0,0.1735,low,1376.3,open,
multiple_congested,2026-08-27 18:00:00,2249917914_2249917960_0,2249917914,2249917960,0,primary,101.7,135.61,19,19.3,60.0,0.6781,heavy,2619.5,open,
normal,2026-08-27 14:00:00,7015846114_10757982965_0,7015846114,10757982965,0,secondary,57.1,38.41,3,45.6,60.0,0.24,low,1751.3,open,
multiple_congested,2026-08-27 18:00:00,3614574212_3614574224_0,3614574212,3614574224,0,secondary,22.3,166.98,5,12.9,38.0,0.661,heavy,2151.3,open,
clearing,2026-08-27 21:00:00,1360401258_1360401254_0,1360401258,1360401254,0,primary,46.8,30.81,2,50.8,60.0,0.1541,low,1563.8,open,
accident,2026-08-27 17:30:00,9574230873_312810389_0,9574230873,312810389,0,trunk,18.9,100.0,3,35.0,60.0,0.4166,moderate,3500.0,open,
normal,2026-08-27 14:00:00,13887678696_9713126174_0,13887678696,9713126174,0,primary,191.8,53.84,14,43.8,60.0,0.2692,low,2360.8,open,
clearing,2026-08-27 21:00:00,10617420741_2245996396_0,10617420741,2245996396,0,secondary,6.8,30.63,0,33.4,38.0,0.1212,low,1022.8,open,
multiple_congested,2026-08-27 18:00:00,4210209468_2786981999_0,4210209468,2786981999,0,secondary,12.6,165.1,3,13.2,38.0,0.6535,heavy,2173.7,open,
multiple_congested,2026-08-27 18:00:00,11347875313_11347844755_0,11347875313,11347844755,0,secondary,179.1,228.34,55,5.0,38.0,0.9039,severe,1141.7,open,
normal,2026-08-27 14:00:00,2590225172_2590225177_0,2590225172,2590225177,0,secondary,38.6,63.45,3,28.5,38.0,0.2512,low,1805.6,open,
multiple_congested,2026-08-27 18:00:00,11521142929_2240856234_0,11521142929,2240856234,0,trunk,92.3,164.66,21,18.8,60.0,0.6861,heavy,3101.4,open,
accident,2026-08-27 17:30:00,11880840579_11881109554_0,11880840579,11881109554,0,secondary,58.3,176.4,14,11.5,38.0,0.6982,heavy,2022.7,open,
road_closure,2026-08-27 16:00:00,2231578310_2231578191_0,2231578310,2231578191,0,primary,20.6,81.54,2,35.5,60.0,0.4077,moderate,2897.8,open,
multiple_congested,2026-08-27 18:00:00,2245996053_2245996094_0,2245996053,2245996094,0,secondary,20.5,228.21,6,5.0,38.0,0.9033,severe,1141.1,open,
sudden_congestion,2026-08-27 15:00:00,6150215419_6150215418_0,6150215419,6150215418,0,trunk_link,9.6,80.87,1,28.1,35.0,0.1966,low,2274.2,open,
heavy_congestion,2026-08-27 18:30:00,8588641477_8588641475_0,8588641477,8588641475,0,trunk,121.5,223.07,37,11.3,50.0,0.7746,severe,2514.5,open,
heavy_congestion,2026-08-27 18:30:00,11947502428_11460275552_0,11947502428,11460275552,0,secondary,500.9,99.01,67,22.9,60.0,0.6188,heavy,2264.5,open,
normal,2026-08-27 14:00:00,12079785369_12079777886_0,12079785369,12079777886,0,secondary,485.1,64.19,42,28.3,38.0,0.2541,low,1819.5,open,
peak_hour,2026-08-27 18:30:00,3891467265_309713926_0,3891467265,309713926,0,primary,24.9,216.31,7,20.0,50.0,0.6009,heavy,4316.9,open,
accident,2026-08-27 17:30:00,11347875313_11347844755_0,11347875313,11347844755,0,secondary,179.1,192.36,47,9.1,38.0,0.7614,severe,1744.0,open,
clearing,2026-08-27 21:00:00,7710253350_306609488_0,7710253350,306609488,0,secondary,619.0,37.51,31,32.4,38.0,0.1485,low,1213.9,open,
heavy_congestion,2026-08-27 18:30:00,8630789226_8630789143_0,8630789226,8630789143,0,secondary,120.0,160.69,26,13.8,38.0,0.6361,heavy,2222.3,open,
multiple_congested,2026-08-27 18:00:00,3109573421_2228597128_0,3109573421,2228597128,0,primary,197.1,120.04,32,24.0,60.0,0.6002,heavy,2879.6,open,
normal,2026-08-27 14:00:00,3598259237_3598259369_0,3598259237,3598259369,0,secondary,47.7,24.12,2,51.0,60.0,0.1507,low,1229.0,open,
sudden_congestion,2026-08-27 15:00:00,7691603799_7690687253_0,7691603799,7690687253,0,primary,35.3,58.22,3,42.5,60.0,0.2911,low,2476.2,open,
normal,2026-08-27 14:00:00,3602307530_4551390807_0,3602307530,4551390807,0,secondary,38.5,58.3,3,29.2,38.0,0.2308,low,1704.1,open,
clearing,2026-08-27 21:00:00,2189327989_3618948842_0,2189327989,3618948842,0,secondary,28.6,38.08,1,32.3,38.0,0.1507,low,1229.0,open,
accident,2026-08-27 17:30:00,306600841_2790093746_0,306600841,2790093746,0,secondary,32.8,188.39,8,9.7,38.0,0.7457,severe,1820.5,open,
normal,2026-08-27 14:00:00,2177311110_13417966259_0,2177311110,13417966259,0,trunk,21.2,32.93,1,51.8,60.0,0.1372,low,1704.6,open,
peak_hour,2026-08-27 18:30:00,12506637114_308777197_0,12506637114,308777197,0,secondary,62.8,175.79,15,5.0,50.0,0.9156,severe,879.0,open,
sudden_congestion,2026-08-27 15:00:00,4342385986_7562734499_0,4342385986,7562734499,0,primary,353.4,35.83,17,49.2,60.0,0.1792,low,1764.8,open,
clearing,2026-08-27 21:00:00,2855045210_2855063842_0,2855045210,2855063842,0,primary,38.4,50.05,3,36.6,45.0,0.1877,low,1829.6,open,
sudden_congestion,2026-08-27 15:00:00,7713097352_1752685118_0,7713097352,1752685118,0,trunk_link,44.6,64.83,4,29.5,35.0,0.1576,low,1911.4,open,
normal,2026-08-27 14:00:00,571173643_4327201040_0,571173643,4327201040,0,secondary,35.8,48.87,2,30.6,38.0,0.1934,low,1497.8,open,
road_closure,2026-08-27 16:00:00,8484916131_2177311082_0,8484916131,2177311082,0,trunk,88.4,83.12,10,46.1,60.0,0.2309,low,3835.8,open,
sudden_congestion,2026-08-27 15:00:00,2178007097_6151849830_0,2178007097,6151849830,0,trunk,113.6,69.52,11,48.4,60.0,0.1931,low,3365.8,open,
road_closure,2026-08-27 16:00:00,6162865105_307055762_0,6162865105,307055762,0,trunk,218.0,125.1,37,39.1,60.0,0.3475,moderate,4897.7,open,
clearing,2026-08-27 21:00:00,7694751801_9914256866_0,7694751801,9914256866,0,secondary,169.4,43.69,10,31.4,38.0,0.1729,low,1373.1,open,
peak_hour,2026-08-27 18:30:00,306612727_2243963336_0,306612727,2243963336,0,secondary,34.5,202.27,9,7.6,38.0,0.8006,severe,1532.3,open,
normal,2026-08-27 14:00:00,3670020152_3612552803_0,3670020152,3612552803,0,primary,14.7,53.07,1,38.9,50.0,0.2211,low,2066.8,open,
normal,2026-08-27 14:00:00,11911122497_3614572904_0,11911122497,3614572904,0,secondary,347.8,55.02,26,29.7,38.0,0.2178,low,1635.4,open,
multiple_congested,2026-08-27 18:00:00,2245834580_2245834582_0,2245834580,2245834582,0,primary,20.1,280.7,8,13.4,45.0,0.7017,severe,3767.4,open,
heavy_congestion,2026-08-27 18:30:00,4009677258_571352285_0,4009677258,571352285,0,trunk,303.3,153.41,63,21.6,60.0,0.6392,heavy,3320.9,open,
normal,2026-08-27 14:00:00,2852505079_2852505077_0,2852505079,2852505077,0,secondary,36.4,59.1,3,29.1,38.0,0.2339,low,1720.4,open,
multiple_congested,2026-08-27 18:00:00,10258407906_3612561584_0,10258407906,3612561584,0,trunk,48.5,175.09,12,16.2,60.0,0.7296,severe,2841.2,open,
sudden_congestion,2026-08-27 15:00:00,2234840825_7669086271_0,2234840825,7669086271,0,secondary,179.5,24.72,6,31.8,40.0,0.206,low,785.1,open,
accident,2026-08-27 17:30:00,9780784736_2852505771_0,9780784736,2852505771,0,secondary,59.6,152.24,12,15.1,38.0,0.6026,heavy,2298.9,open,
clearing,2026-08-27 21:00:00,2590077983_2590077981_0,2590077983,2590077981,0,trunk,99.4,32.12,4,52.0,60.0,0.1338,low,1669.4,open,
clearing,2026-08-27 21:00:00,13417973260_13417973262_0,13417973260,13417973262,0,trunk_link,59.5,46.95,4,31.0,35.0,0.1141,low,1455.8,open,
peak_hour,2026-08-27 18:30:00,12361665018_11527556248_0,12361665018,11527556248,0,primary,400.2,137.56,75,18.7,60.0,0.6878,heavy,2576.7,open,
sudden_congestion,2026-08-27 15:00:00,1438287600_1333989344_0,1438287600,1333989344,0,secondary,6.9,68.51,1,27.7,38.0,0.2712,low,1897.4,open,
peak_hour,2026-08-27 18:30:00,4342904921_2181332970_0,4342904921,2181332970,0,trunk,28.5,148.62,6,22.8,60.0,0.6192,heavy,3395.2,open,
road_closure,2026-08-27 16:00:00,308538867_12640085705_0,308538867,12640085705,0,primary,71.2,78.85,8,33.6,50.0,0.3286,moderate,2647.3,open,
multiple_congested,2026-08-27 18:00:00,7646134307_7646131053_0,7646134307,7646131053,0,secondary,23.5,216.74,7,5.4,38.0,0.8579,severe,1170.1,open,
accident,2026-08-27 17:30:00,3614577182_4193299831_0,3614577182,4193299831,0,secondary,106.1,180.47,26,10.9,38.0,0.7144,severe,1958.9,open,
normal,2026-08-27 14:00:00,2852573249_3153665295_0,2852573249,3153665295,0,primary,71.6,42.43,4,47.3,60.0,0.2122,low,2005.8,open,
clearing,2026-08-27 21:00:00,1820079826_2847498542_0,1820079826,2847498542,0,secondary,64.5,36.05,3,32.6,38.0,0.1427,low,1174.3,open,
sudden_congestion,2026-08-27 15:00:00,7682160210_12848508967_0,7682160210,12848508967,0,primary,150.9,45.4,9,46.4,60.0,0.227,low,2105.8,open,
multiple_congested,2026-08-27 18:00:00,2188391651_2188391520_0,2188391651,2188391520,0,motorway_link,531.9,233.31,168,13.5,50.0,0.7291,severe,3160.3,open,
road_closure,2026-08-27 16:00:00,2852221270_308527240_0,2852221270,308527240,0,secondary,28.7,79.79,3,29.2,50.0,0.4156,moderate,2331.5,open,
multiple_congested,2026-08-27 18:00:00,9984515031_4009677305_0,9984515031,4009677305,0,trunk,348.9,171.0,81,17.3,60.0,0.7125,severe,2949.8,open,
multiple_congested,2026-08-27 18:00:00,3180406075_3180406074_0,3180406075,3180406074,0,primary,33.3,190.0,9,5.0,60.0,0.95,severe,950.0,open,
accident,2026-08-27 17:30:00,11521221491_11521221497_0,11521221491,11521221497,0,secondary,8.8,183.12,2,10.5,38.0,0.7249,severe,1914.6,open,
normal,2026-08-27 14:00:00,11521128588_11521128587_0,11521128588,11521128587,0,trunk_link,17.9,76.05,2,28.5,35.0,0.1848,low,2169.8,open,
multiple_congested,2026-08-27 18:00:00,2852259525_2852259557_0,2852259525,2852259557,0,primary,39.2,225.71,12,6.9,45.0,0.8464,severe,1560.0,open,
normal,2026-08-27 14:00:00,352754375_1748857051_0,352754375,1748857051,0,secondary,86.2,55.35,6,29.7,38.0,0.2191,low,1642.4,open,
clearing,2026-08-27 21:00:00,11810713536_11133541175_0,11810713536,11133541175,0,primary,12.3,47.6,1,37.0,45.0,0.1785,low,1759.6,open,
peak_hour,2026-08-27 18:30:00,11883030164_2782802898_0,11883030164,2782802898,0,secondary,84.0,211.59,24,6.2,38.0,0.8376,severe,1306.2,open,
multiple_congested,2026-08-27 18:00:00,3930696927_11478092792_0,3930696927,11478092792,0,primary,86.0,187.2,22,13.4,45.0,0.702,severe,2510.3,open,
multiple_congested,2026-08-27 18:00:00,3147096315_3221217090_0,3147096315,3221217090,0,primary,99.5,190.0,26,5.0,60.0,0.95,severe,950.0,open,
accident,2026-08-27 17:30:00,11947511086_2434152072_0,11947511086,2434152072,0,trunk,704.1,117.52,112,30.6,60.0,0.4897,moderate,3598.5,open,
sudden_congestion,2026-08-27 15:00:00,4182728561_10277669504_0,4182728561,10277669504,0,secondary,136.7,65.81,12,28.1,38.0,0.2605,low,1849.3,open,
sudden_congestion,2026-08-27 15:00:00,2249584143_2247607926_0,2249584143,2247607926,0,secondary,53.1,49.48,4,30.6,38.0,0.1958,low,1511.9,open,
peak_hour,2026-08-27 18:30:00,2245996085_2245996144_0,2245996085,2245996144,0,secondary,74.0,222.2,22,5.0,38.0,0.8795,severe,1111.0,open,
sudden_congestion,2026-08-27 15:00:00,3598268491_9926855915_0,3598268491,9926855915,0,secondary,42.8,34.2,2,41.1,50.0,0.1781,low,1405.6,open,
multiple_congested,2026-08-27 18:00:00,2236573874_2236574035_0,2236573874,2236574035,0,trunk,316.8,147.21,63,23.2,60.0,0.6134,heavy,3414.9,open,
multiple_congested,2026-08-27 18:00:00,3192742678_2221876651_0,3192742678,2221876651,0,primary,72.6,171.39,17,8.6,60.0,0.857,severe,1470.8,open,
heavy_congestion,2026-08-27 18:30:00,308528067_6443370153_0,308528067,6443370153,0,trunk,298.2,317.33,128,7.1,60.0,0.8815,severe,2256.9,open,
multiple_congested,2026-08-27 18:00:00,4183124304_2782950538_0,4183124304,2782950538,0,secondary,17.0,186.86,4,9.9,38.0,0.7397,severe,1848.6,open,
heavy_congestion,2026-08-27 18:30:00,13086530379_3791315022_0,13086530379,3791315022,0,trunk,15.9,205.44,4,8.6,60.0,0.856,severe,1775.1,open,
road_closure,2026-08-27 16:00:00,2859523853_626898004_0,2859523853,626898004,0,secondary,55.8,83.51,6,25.4,38.0,0.3305,moderate,2124.3,open,
clearing,2026-08-27 21:00:00,6273446773_667238534_0,6273446773,667238534,0,secondary,16.5,40.5,1,31.9,38.0,0.1603,low,1292.3,open,
normal,2026-08-27 14:00:00,3618956990_7604956284_0,3618956990,7604956284,0,secondary,14.6,52.43,1,30.1,38.0,0.2075,low,1578.8,open,
peak_hour,2026-08-27 18:30:00,10617611206_2886915810_0,10617611206,2886915810,0,secondary,106.6,214.47,31,5.7,38.0,0.8489,severe,1231.1,open,
accident,2026-08-27 17:30:00,3598320876_3598320632_0,3598320876,3598320632,0,primary,167.2,153.07,35,14.1,60.0,0.7653,severe,2155.2,open,
peak_hour,2026-08-27 18:30:00,3259919813_3259919815_0,3259919813,3259919815,0,secondary,26.1,106.15,4,22.4,50.0,0.5529,heavy,2373.2,open,
multiple_congested,2026-08-27 18:00:00,2240855158_308975701_0,2240855158,308975701,0,primary,52.2,196.21,14,11.9,45.0,0.7358,severe,2332.9,open,
accident,2026-08-27 17:30:00,7587946727_7587946719_0,7587946727,7587946719,0,secondary,19.4,118.01,3,20.2,38.0,0.4671,moderate,2389.6,open,
sudden_congestion,2026-08-27 15:00:00,1880347583_3167947565_0,1880347583,3167947565,0,primary,173.3,60.36,14,41.9,60.0,0.3018,moderate,2528.5,open,
heavy_congestion,2026-08-27 18:30:00,7718986106_7718986114_0,7718986106,7718986114,0,secondary,45.0,104.51,6,20.8,60.0,0.6532,heavy,2174.7,open,
road_closure,2026-08-27 16:00:00,3216892640_7010426725_0,3216892640,7010426725,0,secondary,95.3,101.38,13,22.8,38.0,0.4013,moderate,2306.5,open,
accident,2026-08-27 17:30:00,3168263267_11085002107_0,3168263267,11085002107,0,trunk,5.6,90.37,1,37.4,60.0,0.3766,moderate,3380.6,open,
multiple_congested,2026-08-27 18:00:00,12836677378_2822683712_0,12836677378,2822683712,0,secondary_link,22.8,294.13,9,5.0,28.0,0.8579,severe,1470.6,open,
normal,2026-08-27 14:00:00,571166344_7634417793_0,571166344,7634417793,0,secondary,1556.7,39.68,84,32.0,38.0,0.1571,low,1271.1,open,
heavy_congestion,2026-08-27 18:30:00,1317538177_308532030_0,1317538177,308532030,0,secondary,21.5,118.07,3,19.3,50.0,0.6149,heavy,2273.2,open,
multiple_congested,2026-08-27 18:00:00,7710171911_7710171903_0,7710171911,7710171903,0,secondary,36.6,152.6,8,15.0,38.0,0.6041,heavy,2296.1,open,
road_closure,2026-08-27 16:00:00,7702382322_312780732_0,7702382322,312780732,0,secondary,59.8,93.65,8,23.9,38.0,0.3707,moderate,2239.5,open,
clearing,2026-08-27 21:00:00,2785059521_4328028610_0,2785059521,4328028610,0,secondary,320.5,29.43,13,33.6,38.0,0.1165,low,988.2,open,
accident,2026-08-27 17:30:00,2244474345_12833047143_0,2244474345,12833047143,0,trunk,11.5,231.14,4,21.5,60.0,0.6421,heavy,4964.1,open,
accident,2026-08-27 17:30:00,3598316277_3598316321_0,3598316277,3598316321,0,secondary,44.4,154.25,9,14.8,38.0,0.6106,heavy,2282.7,open,
accident,2026-08-27 17:30:00,5134982713_5134982716_0,5134982713,5134982716,0,secondary_link,23.0,128.8,4,7.0,28.0,0.7514,severe,896.7,open,
heavy_congestion,2026-08-27 18:30:00,12064346272_2805646904_0,12064346272,2805646904,0,secondary_link,90.5,209.4,26,10.9,28.0,0.6107,heavy,2282.3,open,
road_closure,2026-08-27 16:00:00,6887708330_11644756965_0,6887708330,11644756965,0,secondary,128.4,66.28,12,35.1,60.0,0.4143,moderate,2329.4,open,
heavy_congestion,2026-08-27 18:30:00,2852277872_2852277873_0,2852277872,2852277873,0,secondary,24.1,144.59,5,12.3,50.0,0.7531,severe,1785.2,open,
sudden_congestion,2026-08-27 15:00:00,2231578001_2231577772_0,2231578001,2231577772,0,primary,79.3,42.48,5,47.3,60.0,0.2124,low,2007.3,open,
accident,2026-08-27 17:30:00,7540144047_4189233378_0,7540144047,4189233378,0,secondary,900.8,154.81,189,14.7,38.0,0.6128,heavy,2277.9,open,
road_closure,2026-08-27 16:00:00,7246404366_7246404380_0,7246404366,7246404380,0,secondary,33.6,67.68,3,27.8,38.0,0.2679,low,1882.9,open,
multiple_congested,2026-08-27 18:00:00,660579372_11947260617_0,660579372,11947260617,0,secondary,241.0,195.35,64,8.6,38.0,0.7733,severe,1683.1,open,
multiple_congested,2026-08-27 18:00:00,2249764898_2249764962_0,2249764898,2249764962,0,primary,169.2,161.53,37,11.5,60.0,0.8077,severe,1864.2,open,
sudden_congestion,2026-08-27 15:00:00,2795820379_2852314861_0,2795820379,2852314861,0,primary,79.1,39.99,4,48.0,60.0,0.2,low,1919.8,open,
sudden_congestion,2026-08-27 15:00:00,11826812413_11826812412_0,11826812413,11826812412,0,trunk_link,6.9,76.73,1,28.5,35.0,0.1865,low,2184.8,open,
peak_hour,2026-08-27 18:30:00,7537024272_7537024264_0,7537024272,7537024264,0,primary,43.9,173.84,10,15.7,45.0,0.6519,heavy,2723.2,open,
peak_hour,2026-08-27 18:30:00,4206314476_2244767013_0,4206314476,2244767013,0,secondary,18.2,198.39,5,8.2,38.0,0.7853,severe,1618.7,open,
normal,2026-08-27 14:00:00,2221879610_1947502723_0,2221879610,1947502723,0,primary,26.9,37.45,1,48.8,60.0,0.1873,low,1826.3,open,
accident,2026-08-27 17:30:00,4242810878_3598266676_0,4242810878,3598266676,0,secondary,61.1,118.83,10,19.1,50.0,0.6189,heavy,2264.3,open,
peak_hour,2026-08-27 18:30:00,2244766606_6324431671_0,2244766606,6324431671,0,secondary,421.0,135.17,77,17.7,38.0,0.5351,heavy,2388.2,open,
multiple_congested,2026-08-27 18:00:00,2852308749_662739312_0,2852308749,662739312,0,secondary,33.8,213.07,10,6.0,38.0,0.8434,severe,1267.8,open,
accident,2026-08-27 17:30:00,3618940828_3618941098_0,3618940828,3618941098,0,secondary,95.3,177.0,23,11.4,38.0,0.7006,severe,2013.6,open,
road_closure,2026-08-27 16:00:00,308952123_11849279986_0,308952123,11849279986,0,secondary,12.1,70.84,1,27.3,38.0,0.2804,low,1937.0,open,
sudden_congestion,2026-08-27 15:00:00,1706620089_1706619999_0,1706620089,1706619999,0,primary,63.3,61.36,5,34.6,45.0,0.2301,low,2126.0,open,
road_closure,2026-08-27 16:00:00,7715372146_7715372145_0,7715372146,7715372145,0,secondary,89.2,67.14,8,34.8,60.0,0.4196,moderate,2338.0,open,
sudden_congestion,2026-08-27 15:00:00,8348447224_8348447225_0,8348447224,8348447225,0,secondary,8.8,37.4,0,46.0,60.0,0.2338,low,1719.6,open,
normal,2026-08-27 14:00:00,978107717_9780805231_0,978107717,9780805231,0,secondary,64.6,28.0,2,49.5,60.0,0.175,low,1385.9,open,
peak_hour,2026-08-27 18:30:00,306621420_306621409_0,306621420,306621409,0,secondary,65.4,215.33,19,5.6,38.0,0.8523,severe,1208.2,open,
clearing,2026-08-27 21:00:00,4196441255_571349605_0,4196441255,571349605,0,trunk,1421.0,23.5,45,54.1,60.0,0.0979,low,1271.7,open,
accident,2026-08-27 17:30:00,3612558170_2852245753_0,3612558170,2852245753,0,secondary,13.9,143.56,3,12.6,50.0,0.7477,severe,1811.1,open,
multiple_congested,2026-08-27 18:00:00,3207166284_3612570065_0,3207166284,3612570065,0,secondary,93.1,174.04,22,11.8,38.0,0.6889,heavy,2057.4,open,
multiple_congested,2026-08-27 18:00:00,3186227083_3186227085_0,3186227083,3186227085,0,trunk,95.0,142.84,18,24.3,60.0,0.5952,heavy,3469.6,open,
road_closure,2026-08-27 16:00:00,308962027_1339437777_0,308962027,1339437777,0,primary,234.0,84.68,27,34.6,60.0,0.4234,moderate,2929.6,open,
accident,2026-08-27 17:30:00,2730859740_1820118729_0,2730859740,1820118729,0,secondary,11.8,193.63,3,8.9,38.0,0.7664,severe,1718.5,open,
sudden_congestion,2026-08-27 15:00:00,14078740221_2778813227_0,14078740221,2778813227,0,primary,152.2,36.45,8,49.1,60.0,0.1823,low,1788.5,open,
accident,2026-08-27 17:30:00,3602309112_6151970735_0,3602309112,6151970735,0,primary,86.4,136.14,16,19.2,60.0,0.6807,heavy,2608.3,open,
normal,2026-08-27 14:00:00,7726284385_7726270679_0,7726284385,7726270679,0,secondary,589.1,44.27,35,31.3,38.0,0.1752,low,1387.4,open,
multiple_congested,2026-08-27 18:00:00,306605333_3612556081_0,306605333,3612556081,0,primary,55.4,142.17,11,17.3,60.0,0.7109,severe,2466.4,open,
sudden_congestion,2026-08-27 15:00:00,3164043353_1049684454_0,3164043353,1049684454,0,primary,58.3,74.95,6,45.0,60.0,0.2498,low,3373.4,open,
road_closure,2026-08-27 16:00:00,7687007552_7687007558_0,7687007552,7687007558,0,secondary,8.3,85.32,1,25.2,38.0,0.3377,moderate,2147.2,open,
heavy_congestion,2026-08-27 18:30:00,4175547837_2854813543_0,4175547837,2854813543,0,secondary,75.7,240.0,25,5.0,38.0,0.95,severe,1200.0,open,
sudden_congestion,2026-08-27 15:00:00,4182608474_4182608480_0,4182608474,4182608480,0,secondary,46.9,46.83,3,31.0,38.0,0.1854,low,1449.7,open,
peak_hour,2026-08-27 18:30:00,7669481157_3649030562_0,7669481157,3649030562,0,secondary,94.8,160.8,21,13.8,38.0,0.6365,heavy,2221.1,open,
heavy_congestion,2026-08-27 18:30:00,3191071560_3146913654_0,3191071560,3146913654,0,secondary,88.1,240.0,29,5.0,38.0,0.95,severe,1200.0,open,
clearing,2026-08-27 21:00:00,2726703673_2726703693_0,2726703673,2726703693,0,trunk,32.8,31.47,1,52.1,60.0,0.1311,low,1640.8,open,
normal,2026-08-27 14:00:00,2188473957_2188473906_0,2188473957,2188473906,0,primary,38.2,51.18,3,36.4,45.0,0.1919,low,1861.2,open,
normal,2026-08-27 14:00:00,571347591_2791954820_0,571347591,2791954820,0,primary,95.9,64.07,8,36.7,50.0,0.267,low,2348.3,open,
multiple_congested,2026-08-27 18:00:00,4328527300_3931671424_0,4328527300,3931671424,0,primary,116.0,134.12,21,19.8,60.0,0.6706,heavy,2650.6,open,
road_closure,2026-08-27 16:00:00,6432129578_3191273363_0,6432129578,3191273363,0,trunk,11.1,66.52,1,43.4,60.0,0.2772,low,2884.9,open,
clearing,2026-08-27 21:00:00,12830153579_3164005657_0,12830153579,3164005657,0,primary,154.6,47.37,10,37.0,45.0,0.1776,low,1752.9,open,
road_closure,2026-08-27 16:00:00,2245995324_2244374046_0,2245995324,2244374046,0,secondary,30.2,82.33,3,25.6,38.0,0.3259,moderate,2109.0,open,
multiple_congested,2026-08-27 18:00:00,10196742703_13807992541_0,10196742703,13807992541,0,trunk,27.4,111.86,4,32.0,60.0,0.4661,moderate,3583.4,open,
multiple_congested,2026-08-27 18:00:00,306605385_11478727969_0,306605385,11478727969,0,trunk,51.1,193.1,13,16.5,50.0,0.6705,heavy,3181.4,open,
heavy_congestion,2026-08-27 18:30:00,3931737591_6150915029_0,3931737591,6150915029,0,secondary,74.5,183.27,19,10.4,38.0,0.7255,severe,1912.0,open,
multiple_congested,2026-08-27 18:00:00,3598275766_4010834452_0,3598275766,4010834452,0,secondary,17.9,138.89,3,17.1,38.0,0.5498,heavy,2376.2,open,
accident,2026-08-27 17:30:00,3579915271_3167938021_0,3579915271,3167938021,0,secondary,104.2,112.77,16,17.7,60.0,0.7048,severe,1997.2,open,
accident,2026-08-27 17:30:00,1311353244_3965790761_0,1311353244,3965790761,0,secondary,27.2,59.07,2,20.3,40.0,0.4922,moderate,1199.7,open,
multiple_congested,2026-08-27 18:00:00,7682662074_7682662075_0,7682662074,7682662075,0,secondary,28.3,105.37,4,20.5,60.0,0.6586,heavy,2158.7,open,
multiple_congested,2026-08-27 18:00:00,2852505002_2859870100_0,2852505002,2859870100,0,secondary,92.9,149.51,19,15.5,38.0,0.5918,heavy,2319.1,open,
sudden_congestion,2026-08-27 15:00:00,13451825933_3167945572_0,13451825933,3167945572,0,secondary,16.7,39.21,1,45.3,60.0,0.2451,low,1776.2,open,
clearing,2026-08-27 21:00:00,2782803348_2783189964_0,2782803348,2783189964,0,secondary,39.1,38.98,2,32.1,38.0,0.1543,low,1252.7,open,
clearing,2026-08-27 21:00:00,13997299202_13997299201_0,13997299202,13997299201,0,secondary,215.9,31.43,9,33.3,38.0,0.1244,low,1045.7,open,
multiple_congested,2026-08-27 18:00:00,2234287152_2234286962_0,2234287152,2234286962,0,primary,1408.3,243.66,465,5.0,45.0,0.9137,severe,1218.3,open,
peak_hour,2026-08-27 18:30:00,3180373217_1324393902_0,3180373217,1324393902,0,trunk,207.9,144.23,41,23.9,60.0,0.6009,heavy,3453.3,open,
sudden_congestion,2026-08-27 15:00:00,13820887723_13820887724_0,13820887723,13820887724,0,secondary_link,9.4,54.62,1,23.5,28.0,0.1593,low,1285.7,open,
heavy_congestion,2026-08-27 18:30:00,5436588276_8995519475_0,5436588276,8995519475,0,primary,121.3,178.14,29,6.6,60.0,0.8907,severe,1168.4,open,
heavy_congestion,2026-08-27 18:30:00,3598383854_3598382315_0,3598383854,3598382315,0,secondary,708.9,210.27,202,6.4,38.0,0.8323,severe,1339.8,open,
multiple_congested,2026-08-27 18:00:00,3015392772_7922848710_0,3015392772,7922848710,0,primary,285.7,190.0,74,5.0,60.0,0.95,severe,950.0,open,
sudden_congestion,2026-08-27 15:00:00,308938386_4262209007_0,308938386,4262209007,0,secondary,68.2,64.25,6,28.3,38.0,0.2543,low,1820.6,open,
normal,2026-08-27 14:00:00,11539566601_306605411_0,11539566601,306605411,0,trunk,19.1,35.14,1,43.9,50.0,0.122,low,1542.7,open,
normal,2026-08-27 14:00:00,3614578551_3614578131_0,3614578551,3614578131,0,secondary,309.3,45.98,19,31.1,38.0,0.182,low,1429.1,open,
road_closure,2026-08-27 16:00:00,4206785234_3602328059_0,4206785234,3602328059,0,secondary,106.2,78.87,11,26.1,38.0,0.3122,moderate,2061.4,open,
multiple_congested,2026-08-27 18:00:00,14008103432_1947410133_0,14008103432,1947410133,0,primary,291.3,186.1,73,5.0,60.0,0.9305,severe,930.5,open,
multiple_congested,2026-08-27 18:00:00,3614500035_2237525040_0,3614500035,2237525040,0,secondary,47.3,203.7,13,7.4,38.0,0.8063,severe,1499.1,open,
normal,2026-08-27 14:00:00,3614462878_3614462827_0,3614462878,3614462827,0,secondary,69.8,55.48,5,29.7,38.0,0.2196,low,1645.3,open,
normal,2026-08-27 14:00:00,7796343640_9887230599_0,7796343640,9887230599,0,primary,106.2,56.2,8,35.5,45.0,0.2108,low,1996.1,open,
peak_hour,2026-08-27 18:30:00,7692056729_3612567213_0,7692056729,3612567213,0,trunk,197.9,226.44,61,22.3,60.0,0.629,heavy,5040.6,open,
sudden_congestion,2026-08-27 15:00:00,4189262926_5773963138_0,4189262926,5773963138,0,secondary,216.9,49.68,15,30.5,38.0,0.1967,low,1516.7,open,
multiple_congested,2026-08-27 18:00:00,2249916904_5240751602_0,2249916904,5240751602,0,secondary,68.5,212.46,20,6.0,38.0,0.841,severe,1283.8,open,
sudden_congestion,2026-08-27 15:00:00,13296016155_2857909874_0,13296016155,2857909874,0,secondary,36.2,57.55,3,29.3,38.0,0.2278,low,1688.8,open,
peak_hour,2026-08-27 18:30:00,2726477251_2726477250_0,2726477251,2726477250,0,secondary,71.6,151.69,15,10.5,50.0,0.7901,severe,1592.3,open,
clearing,2026-08-27 21:00:00,2244916701_5141175844_0,2244916701,5141175844,0,secondary,136.9,46.63,9,31.0,38.0,0.1846,low,1444.8,open,
heavy_congestion,2026-08-27 18:30:00,9187619738_1706620075_0,9187619738,1706620075,0,secondary,49.8,170.38,11,12.4,38.0,0.6744,heavy,2107.9,open,
normal,2026-08-27 14:00:00,11818443936_11818443935_0,11818443936,11818443935,0,secondary,319.7,52.85,23,30.1,38.0,0.2092,low,1588.2,open,
clearing,2026-08-27 21:00:00,3648916625_3602388264_0,3648916625,3602388264,0,trunk,100.6,23.46,3,54.1,60.0,0.0977,low,1270.0,open,
multiple_congested,2026-08-27 18:00:00,11256889915_7010525901_0,11256889915,7010525901,0,secondary,215.9,135.36,40,17.6,38.0,0.5358,heavy,2387.7,open,
peak_hour,2026-08-27 18:30:00,2509297653_12325323675_0,2509297653,12325323675,0,primary,23.4,136.29,4,19.1,60.0,0.6814,heavy,2605.0,open,
peak_hour,2026-08-27 18:30:00,3208546295_3208546293_0,3208546295,3208546293,0,trunk_link,38.6,352.9,18,5.0,35.0,0.8577,severe,1764.5,open,
clearing,2026-08-27 21:00:00,3147189497_3147210559_0,3147189497,3147210559,0,primary,16.0,34.69,1,49.6,60.0,0.1734,low,1720.3,open,
road_closure,2026-08-27 16:00:00,2234759324_7096301317_0,2234759324,7096301317,0,primary,59.8,86.41,7,30.4,45.0,0.3241,moderate,2628.5,open,
multiple_congested,2026-08-27 18:00:00,4317346503_8366771165_0,4317346503,8366771165,0,primary,42.9,190.0,11,5.0,60.0,0.95,severe,950.0,open,
peak_hour,2026-08-27 18:30:00,2852505023_2852505020_0,2852505023,2852505020,0,secondary,29.7,196.54,8,8.4,38.0,0.778,severe,1658.3,open,
normal,2026-08-27 14:00:00,2800742486_2800742487_0,2800742486,2800742487,0,secondary,67.1,43.9,4,38.6,50.0,0.2286,low,1693.0,open,
accident,2026-08-27 17:30:00,12325323684_12325323683_0,12325323684,12325323683,0,primary,16.7,129.47,3,21.2,60.0,0.6474,heavy,2739.4,open,
peak_hour,2026-08-27 18:30:00,3155761768_3155761765_0,3155761768,3155761765,0,trunk,89.8,135.31,16,26.2,60.0,0.5638,heavy,3541.4,open,
clearing,2026-08-27 21:00:00,3598381063_660103494_0,3598381063,660103494,0,trunk,892.0,36.37,44,50.9,60.0,0.1515,low,1851.4,open,
sudden_congestion,2026-08-27 15:00:00,2188391596_3579905046_0,2188391596,3579905046,0,trunk,121.0,46.4,8,48.4,60.0,0.1933,low,2245.7,open,
normal,2026-08-27 14:00:00,312796860_11539602694_0,312796860,11539602694,0,trunk,9.0,41.45,1,42.8,50.0,0.1439,low,1774.4,open,
multiple_congested,2026-08-27 18:00:00,3159073210_3079081242_0,3159073210,3079081242,0,secondary,48.4,144.55,9,5.8,60.0,0.9034,severe,837.5,open,
road_closure,2026-08-27 16:00:00,308525938_3612558243_0,308525938,3612558243,0,primary,65.9,92.55,8,32.2,60.0,0.4628,moderate,2983.4,open,
normal,2026-08-27 14:00:00,4310432969_6722739154_0,4310432969,6722739154,0,secondary,282.7,58.53,22,29.2,38.0,0.2317,low,1708.9,open,
sudden_congestion,2026-08-27 15:00:00,13964353649_13964353648_0,13964353649,13964353648,0,trunk,20.6,75.38,2,47.4,60.0,0.2094,low,3575.9,open,
sudden_congestion,2026-08-27 15:00:00,4189193317_4189193313_0,4189193317,4189193313,0,secondary,31.1,41.19,2,31.8,38.0,0.163,low,1309.9,open,
multiple_congested,2026-08-27 18:00:00,11806444749_11806444750_0,11806444749,11806444750,0,trunk_link,8.2,217.18,2,16.5,35.0,0.5279,heavy,3588.8,open,
multiple_congested,2026-08-27 18:00:00,1317029224_2236747831_0,1317029224,2236747831,0,trunk,320.0,151.18,66,22.2,60.0,0.6299,heavy,3357.0,open,
clearing,2026-08-27 21:00:00,2090103485_2090103367_0,2090103485,2090103367,0,secondary,12.4,36.62,1,32.5,38.0,0.1449,low,1189.7,open,
multiple_congested,2026-08-27 18:00:00,307059875_2247609834_0,307059875,2247609834,0,primary,118.4,131.92,21,20.4,60.0,0.6596,heavy,2694.3,open,
normal,2026-08-27 14:00:00,308532102_11037207501_0,308532102,11037207501,0,secondary,76.8,42.25,4,31.6,38.0,0.1672,low,1337.1,open,
accident,2026-08-27 17:30:00,5998182246_9704458736_0,5998182246,9704458736,0,primary,19.1,135.39,4,19.4,60.0,0.6769,heavy,2624.4,open,
sudden_congestion,2026-08-27 15:00:00,2234501601_2234501620_0,2234501601,2234501620,0,secondary,13.3,48.83,1,30.7,38.0,0.1933,low,1497.0,open,
sudden_congestion,2026-08-27 15:00:00,11982388787_11060848516_0,11982388787,11060848516,0,secondary,101.2,35.72,5,46.6,60.0,0.2232,low,1664.6,open,
multiple_congested,2026-08-27 18:00:00,5230130663_2417934227_0,5230130663,2417934227,0,secondary,23.7,159.6,5,14.0,38.0,0.6318,heavy,2233.3,open,
heavy_congestion,2026-08-27 18:30:00,7690687268_2780888331_0,7690687268,2780888331,0,primary,83.2,228.0,26,5.0,50.0,0.95,severe,1140.0,open,
normal,2026-08-27 14:00:00,308527231_2852234344_0,308527231,2852234344,0,secondary,96.9,33.76,4,41.2,50.0,0.1758,low,1391.0,open,
peak_hour,2026-08-27 18:30:00,3219742068_3219742071_0,3219742068,3219742071,0,secondary,285.0,110.18,43,18.7,60.0,0.6886,heavy,2058.4,open,
peak_hour,2026-08-27 18:30:00,289907074_3154080390_0,289907074,3154080390,0,trunk,8.7,157.95,2,20.5,60.0,0.6581,heavy,3240.0,open,
multiple_congested,2026-08-27 18:00:00,312810189_307047834_0,312810189,307047834,0,secondary,280.4,206.3,78,7.0,38.0,0.8166,severe,1437.8,open,
heavy_congestion,2026-08-27 18:30:00,6923823038_2782802683_0,6923823038,2782802683,0,secondary,8.3,216.96,2,5.4,38.0,0.8588,severe,1164.3,open,
multiple_congested,2026-08-27 18:00:00,2583759015_3195067866_0,2583759015,3195067866,0,secondary,89.6,129.95,16,11.3,60.0,0.8122,severe,1464.2,open,
accident,2026-08-27 17:30:00,7680103605_4333125493_0,7680103605,4333125493,0,secondary,360.9,183.09,90,10.5,38.0,0.7247,severe,1915.2,open,
heavy_congestion,2026-08-27 18:30:00,11954887889_2234956481_0,11954887889,2234956481,0,secondary,885.5,77.22,93,14.3,40.0,0.6435,heavy,1101.2,open,
heavy_congestion,2026-08-27 18:30:00,321717508_11127406455_0,321717508,11127406455,0,secondary,10.6,118.7,2,15.5,60.0,0.7419,severe,1838.4,open,
sudden_congestion,2026-08-27 15:00:00,306609610_3612549650_0,306609610,3612549650,0,secondary,5.5,42.88,0,31.6,38.0,0.1697,low,1352.8,open,
road_closure,2026-08-27 16:00:00,2760699894_9691240065_0,2760699894,9691240065,0,secondary,41.9,61.46,3,28.8,38.0,0.2433,low,1767.3,open,
peak_hour,2026-08-27 18:30:00,12462846176_1274191983_0,12462846176,1274191983,0,secondary,73.9,160.01,16,13.9,38.0,0.6334,heavy,2229.2,open,
peak_hour,2026-08-27 18:30:00,3204072402_3204072394_0,3204072402,3204072394,0,primary,159.6,186.33,40,5.0,60.0,0.9316,severe,931.6,open,
multiple_congested,2026-08-27 18:00:00,2244119504_2243961836_0,2244119504,2243961836,0,primary,55.9,228.0,17,5.0,50.0,0.95,severe,1140.0,open,
heavy_congestion,2026-08-27 18:30:00,1557469937_308777089_0,1557469937,308777089,0,primary,14.9,190.0,4,5.0,60.0,0.95,severe,950.0,open,
accident,2026-08-27 17:30:00,11549067970_3614466934_0,11549067970,3614466934,0,secondary,363.2,191.85,94,9.1,38.0,0.7594,severe,1753.9,open,
sudden_congestion,2026-08-27 15:00:00,2243960213_3894159538_0,2243960213,3894159538,0,secondary,84.5,43.75,5,31.4,38.0,0.1732,low,1374.5,open,
heavy_congestion,2026-08-27 18:30:00,4869686759_5773963484_0,4869686759,5773963484,0,secondary,165.9,195.67,44,8.6,38.0,0.7745,severe,1676.4,open,
peak_hour,2026-08-27 18:30:00,3598286968_3598287085_0,3598286968,3598287085,0,primary,112.7,139.39,21,18.2,60.0,0.697,heavy,2534.5,open,
accident,2026-08-27 17:30:00,3547285010_7676172136_0,3547285010,7676172136,0,primary,106.5,149.12,22,15.3,60.0,0.7456,severe,2276.1,open,
accident,2026-08-27 17:30:00,2225281854_2225281851_0,2225281854,2225281851,0,secondary,21.8,148.01,4,15.7,38.0,0.5859,heavy,2329.2,open,
normal,2026-08-27 14:00:00,7682160141_11900913774_0,7682160141,11900913774,0,secondary,22.4,29.2,1,42.4,50.0,0.1521,low,1238.1,open,
road_closure,2026-08-27 16:00:00,2222309131_5569790676_0,2222309131,5569790676,0,secondary,51.2,64.96,5,28.2,38.0,0.2571,low,1833.8,open,
multiple_congested,2026-08-27 18:00:00,660558192_3975435480_0,660558192,3975435480,0,secondary,45.1,221.02,14,5.0,38.0,0.8749,severe,1105.1,open,
heavy_congestion,2026-08-27 18:30:00,5554715959_6373360555_0,5554715959,6373360555,0,secondary,638.9,240.0,208,5.0,38.0,0.95,severe,1200.0,open,
normal,2026-08-27 14:00:00,1274191900_3618940432_0,1274191900,3618940432,0,secondary,51.3,50.96,4,30.3,38.0,0.2017,low,1545.9,open,
normal,2026-08-27 14:00:00,3612551931_306605408_0,3612551931,306605408,0,secondary,102.2,58.79,8,29.2,38.0,0.2327,low,1714.1,open,
accident,2026-08-27 17:30:00,1311326842_4196504408_0,1311326842,4196504408,0,secondary,33.9,83.44,4,12.2,40.0,0.6953,heavy,1016.9,open,
sudden_congestion,2026-08-27 15:00:00,7676439297_3614499234_0,7676439297,3614499234,0,primary,62.8,46.17,4,37.2,45.0,0.1732,low,1718.1,open,
peak_hour,2026-08-27 18:30:00,2792122330_1866846121_0,2792122330,1866846121,0,trunk,40.6,174.03,10,16.5,60.0,0.7251,severe,2870.3,open,
normal,2026-08-27 14:00:00,2090103453_3602479278_0,2090103453,3602479278,0,secondary,1141.8,50.22,78,30.4,38.0,0.1988,low,1529.0,open,
sudden_congestion,2026-08-27 15:00:00,2214196862_3648968925_0,2214196862,3648968925,0,secondary,899.6,61.31,75,28.8,38.0,0.2427,low,1764.4,open,
road_closure,2026-08-27 16:00:00,2782802291_3598282725_0,2782802291,3598282725,0,secondary,42.4,70.47,4,27.4,38.0,0.2789,low,1930.8,open,
multiple_congested,2026-08-27 18:00:00,6117692092_308964091_0,6117692092,308964091,0,secondary,37.9,157.19,8,9.1,50.0,0.8187,severe,1425.0,open,
peak_hour,2026-08-27 18:30:00,5486110631_5486110632_0,5486110631,5486110632,0,secondary,2.4,180.38,1,10.9,38.0,0.714,severe,1960.3,open,
clearing,2026-08-27 21:00:00,11568868210_6514122471_0,11568868210,6514122471,0,secondary,201.4,17.07,5,53.6,60.0,0.1067,low,914.8,open,
multiple_congested,2026-08-27 18:00:00,3658870933_2590217068_0,3658870933,2590217068,0,secondary,22.9,238.67,7,5.0,38.0,0.9447,severe,1193.4,open,
heavy_congestion,2026-08-27 18:30:00,2632304334_3204084504_0,2632304334,3204084504,0,trunk,148.0,207.34,42,8.2,60.0,0.8639,severe,1692.8,open,
